Timestamp,Location,Latitude,Longitude,Traffic Volume,Avg Speed (km/h),Weather,Rain(mm),Accident,Event,Public Transport Density,Congestion Level
0,2,0.9902500388142728,-0.3176240022311628,1.3104370968924313,-1.4357615967719104,4,2.3421151548373036,0,0,0.07705258170677501,3
1,2,0.9902500388142728,-0.3176240022311628,-0.2805038723121134,0.7291530041085849,2,-0.6682574493739278,0,0,-0.8298294224082737,1
2,8,0.6510132038105156,-0.21519020349247783,-1.4349559089400266,0.9000673147044134,0,-0.6682574493739278,1,1,-0.3763884203507494,1
3,3,-1.4828959196003133,-1.3459633098813757,0.27428579900024064,-1.321818723041358,3,1.2330305111805342,1,0,0.1904128322211561,3
4,7,-0.383111986765481,-1.2515321516691895,-0.549740036331344,0.9570387515696896,0,-0.6682574493739278,0,0,-1.2076969241228774,1
5,14,0.9264151505071309,0.868367323790327,-0.48039132741729973,0.2164100723210991,3,-0.35137612261485085,0,0,1.097294836336205,2
6,14,0.9264151505071309,0.868367323790327,0.12335037371673256,-0.3533042963316628,3,0.5992678576623801,0,0,-0.4519619206936701,2
7,11,-1.7838318216197984,-1.4067833778824486,-0.12140977539165893,0.5582386935127562,0,-0.6682574493739278,0,0,1.5507358383937293,1
8,7,-0.383111986765481,-1.2515321516691895,1.2329297163414406,-1.3787901599066343,3,-0.35137612261485085,0,0,-1.6233511760089414,3
9,0,0.6473654959072578,0.16733601367230244,0.0540016648026883,-0.2963328594663866,4,1.2330305111805342,0,0,-0.7920426722368133,2
10,8,0.6510132038105156,-0.21519020349247783,-0.19891715594264955,0.6152101303780324,2,-0.6682574493739278,0,0,-0.338601670179289,1
11,11,-1.7838318216197984,-1.4067833778824486,1.0412009328732006,-1.3787901599066343,0,-0.6682574493739278,1,0,0.22819958239261645,3
12,14,0.9264151505071309,0.868367323790327,-1.1779577523762155,0.6721815672433087,0,-0.6682574493739278,1,0,0.5682803339357597,1
13,14,0.9264151505071309,0.868367323790327,1.5348005669084568,-1.4927330336371867,3,0.12394586752376466,0,0,0.7572140847930615,3
14,11,-1.7838318216197984,-1.4067833778824486,0.751568089761604,-0.23936142260111043,2,-0.6682574493739278,0,0,-0.11188116915052682,2
15,8,0.6510132038105156,-0.21519020349247783,0.7189334032138185,-0.23936142260111043,1,-0.6682574493739278,0,0,0.5304935837642993,2
16,4,0.30995251485512954,0.3914099484132469,-1.210592438924001,0.9000673147044134,3,0.9161491844214572,0,0,-1.3210571746372586,1
17,6,0.23335064888652038,1.3893392220629235,-0.12548911121013212,-0.2963328594663866,2,-0.6682574493739278,1,0,-0.8676161725797341,2
18,10,-0.17336878232770134,-0.10715455638531189,0.9106621866820584,-1.4927330336371867,3,1.3914711745600725,1,0,-0.5653221712080512,3
19,7,-0.383111986765481,-1.2515321516691895,0.3762691944620704,0.10246719859054672,2,-0.6682574493739278,0,0,-0.6031089213795116,2
20,8,0.6510132038105156,-0.21519020349247783,-0.6761994467040129,1.070981625300242,1,-0.6682574493739278,0,0,0.9839345858218238,1
21,3,-1.4828959196003133,-1.3459633098813757,-1.0922917001882784,1.4697816833571753,2,-0.6682574493739278,0,0,-0.338601670179289,1
22,9,1.3623162449474802,-0.524092127813878,-1.6511607073191057,1.982524615144661,0,-0.6682574493739278,0,0,0.15262608204969574,1
23,10,-0.17336878232770134,-0.10715455638531189,-1.4512732522139193,1.8116103045488325,0,-0.6682574493739278,0,0,0.039265831535314634,1
24,7,-0.383111986765481,-1.2515321516691895,-1.4390352447584998,1.8116103045488325,2,-0.6682574493739278,0,0,-1.4722041753230999,1
25,5,-0.47612853829875046,-1.599647014570184,0.6087913361150423,-0.12541854887055803,1,-0.6682574493739278,0,0,-0.2252414196649079,2
26,0,0.6473654959072578,0.16733601367230244,0.04584299316574192,0.38732438291692767,0,-0.6682574493739278,0,1,0.5304935837642993,2
27,13,-0.12047701773033298,0.5410593262580249,0.8535514852234338,-1.036961538714977,4,2.500555818216842,0,0,-1.5099909254945603,3
28,8,0.6510132038105156,-0.21519020349247783,0.4089038810098559,-0.6381614806580438,3,0.4408271942828417,0,0,1.097294836336205,0
29,5,-0.47612853829875046,-1.599647014570184,0.06623967225810788,0.38732438291692767,1,-0.6682574493739278,0,1,0.0014790813638542722,2
30,14,0.9264151505071309,0.868367323790327,0.8331548061310678,-1.036961538714977,4,-0.03449479585577385,0,0,1.6640960889081102,3
31,6,0.23335064888652038,1.3893392220629235,-1.6878747296853644,1.1849244990307943,1,-0.6682574493739278,1,0,0.1904128322211561,1
32,4,0.30995251485512954,0.3914099484132469,1.2329297163414406,-0.69513291752332,1,-0.6682574493739278,0,0,0.0014790813638542722,3
33,0,0.6473654959072578,0.16733601367230244,-0.6843581183409593,0.38732438291692767,4,1.0745898478009956,0,0,-0.2252414196649079,2
34,1,-0.24814679434461676,0.6210857315226723,-0.4763119915988266,0.9000673147044134,2,-0.6682574493739278,0,0,-0.8676161725797341,1
35,4,0.30995251485512954,0.3914099484132469,-0.14180645448402487,-0.12541854887055803,3,2.3421151548373036,0,1,-1.5099909254945603,2
36,4,0.30995251485512954,0.3914099484132469,0.3925865377359632,0.10246719859054672,1,-0.6682574493739278,0,0,1.097294836336205,2
37,13,-0.12047701773033298,0.5410593262580249,0.18861974681230362,-0.5811900437927676,2,-0.6682574493739278,1,0,0.07705258170677501,0
38,10,-0.17336878232770134,-0.10715455638531189,0.0540016648026883,0.38732438291692767,1,-0.6682574493739278,0,0,0.0014790813638542722,2
39,11,-1.7838318216197984,-1.4067833778824486,-1.6878747296853644,2.0394960520099374,0,-0.6682574493739278,0,1,-0.3763884203507494,1
40,3,-1.4828959196003133,-1.3459633098813757,0.21717509754161596,-1.321818723041358,4,0.2823865309033032,1,0,-0.11188116915052682,3
41,11,-1.7838318216197984,-1.4067833778824486,-1.4145592298476606,1.070981625300242,4,-0.5098167859943894,0,1,-0.48974867086513046,1
42,10,-0.17336878232770134,-0.10715455638531189,-1.3941625507552946,1.7546388676835563,0,-0.6682574493739278,0,0,1.324015337364967,1
43,6,0.23335064888652038,1.3893392220629235,0.7638060972170236,-1.4927330336371867,4,0.5992678576623801,1,1,0.6060670841072201,3
44,14,0.9264151505071309,0.868367323790327,-1.0107049838188147,1.4128102464918992,1,-0.6682574493739278,0,0,-1.6989246763518622,1
45,1,-0.24814679434461676,0.6210857315226723,1.3553097908956364,-1.4927330336371867,0,-0.6682574493739278,1,0,-0.2252414196649079,3
46,14,0.9264151505071309,0.868367323790327,1.1880570223382354,-1.321818723041358,4,0.5992678576623801,0,0,-0.7920426722368133,3
47,14,0.9264151505071309,0.868367323790327,-0.5782953870606563,0.27338150918637527,3,1.549911837939611,0,0,-0.7920426722368133,2
48,15,1.2547088618011146,0.6610989341549391,-1.5777326625865882,1.070981625300242,2,-0.6682574493739278,1,0,1.4373755878793482,1
49,15,1.2547088618011146,0.6610989341549391,0.9555348806852636,-1.1509044124455294,3,-0.5098167859943894,0,0,-1.0943366736084963,3
50,12,-2.008165857670674,1.9735319804944969,-1.3492898567520895,0.1594386354558229,4,0.9161491844214572,1,0,-0.2252414196649079,2
51,1,-0.24814679434461676,0.6210857315226723,0.21309576172314276,0.27338150918637527,0,-0.6682574493739278,0,0,-0.6408956715509719,2
52,14,0.9264151505071309,0.868367323790327,1.3389924476217436,-0.8090757912538723,0,-0.6682574493739278,0,0,0.908361085478903,3
53,1,-0.24814679434461676,0.6210857315226723,0.49049059737931977,-0.8660472281191486,1,-0.6682574493739278,1,0,-1.169910173951417,0
54,7,-0.383111986765481,-1.2515321516691895,-0.43551863341409464,-0.011475675140005663,0,-0.6682574493739278,1,0,-1.2076969241228774,2
55,3,-1.4828959196003133,-1.3459633098813757,1.0004075746884686,-1.1509044124455294,3,2.183674491457765,0,0,1.4373755878793482,3
56,0,0.6473654959072578,0.16733601367230244,1.0126455821438882,-1.3787901599066343,0,-0.6682574493739278,1,1,1.1728683366791255,3
57,14,0.9264151505071309,0.868367323790327,-0.655802767611647,1.070981625300242,2,-0.6682574493739278,0,0,0.4171333332499183,1
58,1,-0.24814679434461676,0.6210857315226723,-0.9862289689079755,1.355838809626623,1,-0.6682574493739278,0,1,-0.036307668807606094,1
59,3,-1.4828959196003133,-1.3459633098813757,0.30284114972955295,0.1594386354558229,2,-0.6682574493739278,0,0,1.2862285871935066,2
60,9,1.3623162449474802,-0.524092127813878,-1.2065131031055278,0.04549576172527053,4,1.3914711745600725,1,0,1.4751623380508085,2
61,10,-0.17336878232770134,-0.10715455638531189,0.58023598538573,-0.9230186649844248,1,-0.6682574493739278,1,0,1.135081586507665,0
62,7,-0.383111986765481,-1.2515321516691895,-0.464073984143407,0.04549576172527053,1,-0.6682574493739278,1,0,-1.169910173951417,2
63,5,-0.47612853829875046,-1.599647014570184,1.649021969825706,-1.0939329755802534,0,-0.6682574493739278,0,0,0.0014790813638542722,3
64,8,0.6510132038105156,-0.21519020349247783,-0.36209058868157723,0.786124440973861,2,-0.6682574493739278,0,0,1.2106550868505859,1
65,6,0.23335064888652038,1.3893392220629235,0.5679979779303104,-0.06844711200528185,0,-0.6682574493739278,0,0,1.135081586507665,2
66,3,-1.4828959196003133,-1.3459633098813757,0.9800108955961028,-0.4672471700622152,2,-0.6682574493739278,0,0,-1.2076969241228774,3
67,8,0.6510132038105156,-0.21519020349247783,-0.7333101481626376,-0.410275733196939,3,0.9161491844214572,1,0,-1.1321234237799567,0
68,0,0.6473654959072578,0.16733601367230244,-0.6884374541594325,0.2164100723210991,0,-0.6682574493739278,1,0,-0.30081492000782867,2
69,8,0.6510132038105156,-0.21519020349247783,-0.5456607005128709,0.9570387515696896,0,-0.6682574493739278,0,0,-0.07409441897906646,1
70,12,-2.008165857670674,1.9735319804944969,0.3477138437327581,0.10246719859054672,1,-0.6682574493739278,0,0,0.492706833592839,2
71,13,-0.12047701773033298,0.5410593262580249,-1.0596570136404928,0.5582386935127562,1,-0.6682574493739278,1,0,-0.07409441897906646,1
72,14,0.9264151505071309,0.868367323790327,0.2498097840894015,-1.321818723041358,3,2.0252338280782265,1,1,1.3618020875364274,3
73,1,-0.24814679434461676,0.6210857315226723,0.27428579900024064,0.2164100723210991,0,-0.6682574493739278,0,0,0.22819958239261645,2
74,14,0.9264151505071309,0.868367323790327,0.6251086793889351,-0.8090757912538723,4,1.866793164698688,0,1,-0.338601670179289,0
75,2,0.9902500388142728,-0.3176240022311628,1.2778024103446457,-1.4927330336371867,1,-0.6682574493739278,1,0,0.3037730827355372,3
76,2,0.9902500388142728,-0.3176240022311628,-1.084133028551332,0.6152101303780324,2,-0.6682574493739278,1,0,1.324015337364967,1
77,15,1.2547088618011146,0.6610989341549391,-1.381924543299875,1.7546388676835563,1,-0.6682574493739278,0,0,-0.41417517052220976,1
78,4,0.30995251485512954,0.3914099484132469,-0.23971051412738148,-0.8660472281191486,3,0.5992678576623801,1,0,0.6816405844501409,0
79,4,0.30995251485512954,0.3914099484132469,-0.549740036331344,0.10246719859054672,1,-0.6682574493739278,1,0,-0.9431896729226549,2
80,10,-0.17336878232770134,-0.10715455638531189,1.412420492354261,-0.8660472281191486,1,-0.6682574493739278,0,0,0.5682803339357597,3
81,2,0.9902500388142728,-0.3176240022311628,-0.9209595958124044,1.2988673727613467,2,-0.6682574493739278,0,0,-0.8298294224082737,1
82,8,0.6510132038105156,-0.21519020349247783,-1.512463289491017,1.1849244990307943,4,2.183674491457765,0,0,-1.2832704244657982,1
83,1,-0.24814679434461676,0.6210857315226723,1.3349131118032704,-0.8090757912538723,2,-0.6682574493739278,0,0,-0.6786824217224323,3
84,7,-0.383111986765481,-1.2515321516691895,-0.9046422525385116,0.4442958197822039,2,-0.6682574493739278,1,1,-1.0187631732655755,2
85,9,1.3623162449474802,-0.524092127813878,-0.2845832081305866,0.04549576172527053,3,0.12394586752376466,0,1,-1.169910173951417,2
86,9,1.3623162449474802,-0.524092127813878,1.028962925417781,-1.4927330336371867,3,1.549911837939611,1,0,1.1728683366791255,3
87,4,0.30995251485512954,0.3914099484132469,1.069756283602513,-1.2078758493108057,4,2.3421151548373036,0,0,-1.6611379261804018,3
88,10,-0.17336878232770134,-0.10715455638531189,-0.847531551079887,-0.2963328594663866,4,0.12394586752376466,1,0,0.6816405844501409,2
89,3,-1.4828959196003133,-1.3459633098813757,1.5511179101823496,-0.9799901018497009,2,-0.6682574493739278,0,0,-1.585564425837481,3
90,9,1.3623162449474802,-0.524092127813878,1.4083411565357877,-1.4927330336371867,2,-0.6682574493739278,1,0,-0.7164691718938927,3
91,2,0.9902500388142728,-0.3176240022311628,0.029525649891849155,-1.0939329755802534,3,0.7577085210419187,1,1,1.7018828390795706,3
92,11,-1.7838318216197984,-1.4067833778824486,1.4409758430835733,-1.4927330336371867,3,2.183674491457765,0,1,-1.6611379261804018,3
93,3,-1.4828959196003133,-1.3459633098813757,-1.0596570136404928,1.4128102464918992,0,-0.6682574493739278,0,0,0.4171333332499183,1
94,4,0.30995251485512954,0.3914099484132469,-0.786341513802789,1.1849244990307943,1,-0.6682574493739278,0,0,-1.585564425837481,1
95,15,1.2547088618011146,0.6610989341549391,0.6781400450290865,-1.036961538714977,1,-0.6682574493739278,1,1,0.4171333332499183,3
96,1,-0.24814679434461676,0.6210857315226723,-1.487987274580178,1.1279530621655183,3,2.500555818216842,0,0,0.908361085478903,1
97,5,-0.47612853829875046,-1.599647014570184,-1.6103673491343737,0.38732438291692767,4,2.3421151548373036,1,1,-1.0187631732655755,2
98,4,0.30995251485512954,0.3914099484132469,0.751568089761604,-0.23936142260111043,1,-0.6682574493739278,0,0,-0.8676161725797341,2
99,9,1.3623162449474802,-0.524092127813878,1.5674352534562424,-1.4927330336371867,4,2.500555818216842,1,1,1.3618020875364274,3
100,15,1.2547088618011146,0.6610989341549391,1.3634684625325828,-0.8090757912538723,2,-0.6682574493739278,0,0,-0.07409441897906646,3
101,13,-0.12047701773033298,0.5410593262580249,-0.7496274914365304,0.4442958197822039,3,0.4408271942828417,0,1,-1.1321234237799567,2
102,3,-1.4828959196003133,-1.3459633098813757,-1.1126883792806443,1.4697816833571753,1,-0.6682574493739278,0,0,-1.6233511760089414,1
103,11,-1.7838318216197984,-1.4067833778824486,0.943296873229844,-0.410275733196939,2,-0.6682574493739278,0,0,-0.18745466949344755,3
104,12,-2.008165857670674,1.9735319804944969,0.27428579900024064,-0.6381614806580438,1,-0.6682574493739278,1,0,0.5304935837642993,0
105,13,-0.12047701773033298,0.5410593262580249,1.6367839623702864,-1.4927330336371867,4,0.2823865309033032,0,0,-1.1321234237799567,3
106,14,0.9264151505071309,0.868367323790327,0.18454041099383042,-0.5811900437927676,2,-0.6682574493739278,1,0,-0.7164691718938927,0
107,11,-1.7838318216197984,-1.4067833778824486,-0.03166438738524872,-0.3533042963316628,1,-0.6682574493739278,1,0,0.07705258170677501,2
108,13,-0.12047701773033298,0.5410593262580249,-0.06429907393303425,-0.18238998573583423,4,-0.03449479585577385,0,0,0.6438538342786805,2
109,11,-1.7838318216197984,-1.4067833778824486,-0.5986920661530223,0.3303529460516515,4,2.3421151548373036,0,0,-0.11188116915052682,2
110,9,1.3623162449474802,-0.524092127813878,1.7428466936505895,-1.4927330336371867,4,1.2330305111805342,1,0,0.4171333332499183,3
111,9,1.3623162449474802,-0.524092127813878,1.392023813261895,-1.4927330336371867,4,0.5992678576623801,1,1,-0.8298294224082737,3
112,5,-0.47612853829875046,-1.599647014570184,-0.40288394686630913,0.1594386354558229,3,1.2330305111805342,0,0,1.2862285871935066,2
113,6,0.23335064888652038,1.3893392220629235,1.285961081981592,-1.4927330336371867,4,0.5992678576623801,1,0,-0.11188116915052682,3
114,10,-0.17336878232770134,-0.10715455638531189,-0.8760869018091993,1.2418959358960706,1,-0.6682574493739278,0,0,-0.9809764230941153,1
115,4,0.30995251485512954,0.3914099484132469,-0.5089466781466121,0.2164100723210991,3,1.0745898478009956,0,1,-0.7164691718938927,2
116,14,0.9264151505071309,0.868367323790327,-0.5171053497835585,0.9000673147044134,1,-0.6682574493739278,0,0,-1.4722041753230999,1
117,11,-1.7838318216197984,-1.4067833778824486,-0.6802787825224861,0.38732438291692767,3,1.866793164698688,0,0,-0.9431896729226549,2
118,12,-2.008165857670674,1.9735319804944969,0.31099982136649934,0.1594386354558229,0,-0.6682574493739278,0,0,-1.585564425837481,2
119,12,-2.008165857670674,1.9735319804944969,0.09071568716894703,-0.2963328594663866,3,-0.35137612261485085,0,0,1.2106550868505859,2
120,10,-0.17336878232770134,-0.10715455638531189,-0.2641865290382206,0.6721815672433087,2,-0.6682574493739278,0,1,-1.2454836742943378,1
121,12,-2.008165857670674,1.9735319804944969,0.8249961344941215,-0.2963328594663866,1,-0.6682574493739278,0,0,-0.2252414196649079,2
122,12,-2.008165857670674,1.9735319804944969,-0.23971051412738148,0.6721815672433087,2,-0.6682574493739278,0,0,0.6816405844501409,1
123,11,-1.7838318216197984,-1.4067833778824486,1.281881746163119,-1.4357615967719104,4,0.9161491844214572,0,0,-1.4344174251516395,3
124,13,-0.12047701773033298,0.5410593262580249,0.35995185118817763,-0.5811900437927676,4,-0.5098167859943894,0,0,-0.3763884203507494,0
125,13,-0.12047701773033298,0.5410593262580249,-0.9413562749047704,1.2988673727613467,2,-0.6682574493739278,0,0,-0.6408956715509719,1
126,1,-0.24814679434461676,0.6210857315226723,-0.2845832081305866,0.7291530041085849,1,-0.6682574493739278,0,0,-1.4344174251516395,1
127,14,0.9264151505071309,0.868367323790327,0.7107747315768721,-0.23936142260111043,0,-0.6682574493739278,0,0,-0.7164691718938927,2
128,3,-1.4828959196003133,-1.3459633098813757,0.7760441046724431,-0.2963328594663866,1,-0.6682574493739278,0,0,-1.3210571746372586,2
129,5,-0.47612853829875046,-1.599647014570184,-1.0922917001882784,1.4697816833571753,2,-0.6682574493739278,0,1,1.2106550868505859,1
130,0,0.6473654959072578,0.16733601367230244,1.7224500145582236,-1.4927330336371867,3,1.3914711745600725,0,0,-1.056549923437036,3
131,8,0.6510132038105156,-0.21519020349247783,-0.635406088519281,0.1594386354558229,0,-0.6682574493739278,1,0,-1.5099909254945603,2
132,15,1.2547088618011146,0.6610989341549391,0.7148540673953453,-0.23936142260111043,1,-0.6682574493739278,0,0,0.8327875851359823,2
133,2,0.9902500388142728,-0.3176240022311628,0.6944573883029793,-1.036961538714977,1,-0.6682574493739278,1,0,-0.48974867086513046,3
134,9,1.3623162449474802,-0.524092127813878,-1.4553525880323925,1.8116103045488325,2,-0.6682574493739278,0,0,-0.8676161725797341,1
135,11,-1.7838318216197984,-1.4067833778824486,-0.2641865290382206,-0.011475675140005663,4,1.549911837939611,0,0,-1.0187631732655755,2
136,4,0.30995251485512954,0.3914099484132469,1.0615976119655666,-0.5242186069274913,2,-0.6682574493739278,0,0,1.4373755878793482,3
137,13,-0.12047701773033298,0.5410593262580249,0.3395551720958117,0.10246719859054672,2,-0.6682574493739278,0,0,-1.2076969241228774,2
138,0,0.6473654959072578,0.16733601367230244,1.7061326712843308,-1.4927330336371867,4,2.500555818216842,1,0,1.2484418370220463,3
139,4,0.30995251485512954,0.3914099484132469,1.3430717834402168,-1.4927330336371867,3,-0.19293545923531236,0,0,0.8327875851359823,3
140,8,0.6510132038105156,-0.21519020349247783,1.6163872832779205,-1.4927330336371867,3,1.2330305111805342,0,0,1.135081586507665,3
141,0,0.6473654959072578,0.16733601367230244,-0.09693376048081978,-0.12541854887055803,3,1.0745898478009956,0,1,0.45492008342137863,2
142,4,0.30995251485512954,0.3914099484132469,-1.0555776778220198,1.4128102464918992,1,-0.6682574493739278,0,0,0.15262608204969574,1
143,14,0.9264151505071309,0.868367323790327,0.15598506026451808,-0.410275733196939,3,0.4408271942828417,0,0,0.5682803339357597,0
144,14,0.9264151505071309,0.868367323790327,1.4205791639912073,-0.8660472281191486,1,-0.6682574493739278,0,1,0.0014790813638542722,3
145,13,-0.12047701773033298,0.5410593262580249,0.4170625526468023,0.04549576172527053,0,-0.6682574493739278,0,1,-0.30081492000782867,2
146,14,0.9264151505071309,0.868367323790327,0.9188208583190048,-1.4927330336371867,3,0.2823865309033032,1,0,-0.6031089213795116,3
147,1,-0.24814679434461676,0.6210857315226723,0.5312839555640517,-0.06844711200528185,0,-0.6682574493739278,0,0,-0.9431896729226549,2
148,12,-2.008165857670674,1.9735319804944969,-0.38248726777394315,-0.7521043543885961,4,2.3421151548373036,1,0,-1.4722041753230999,0
149,5,-0.47612853829875046,-1.599647014570184,1.73060868619517,-1.1509044124455294,1,-0.6682574493739278,0,0,-1.4722041753230999,3
150,2,0.9902500388142728,-0.3176240022311628,-1.6633987147745253,0.4442958197822039,4,-0.03449479585577385,1,1,-0.4519619206936701,2
151,2,0.9902500388142728,-0.3176240022311628,1.5225625594530372,-0.9799901018497009,0,-0.6682574493739278,0,0,-0.8298294224082737,3
152,15,1.2547088618011146,0.6610989341549391,1.028962925417781,-0.5242186069274913,0,-0.6682574493739278,0,0,0.492706833592839,3
153,15,1.2547088618011146,0.6610989341549391,-1.4104798940291874,1.7546388676835563,1,-0.6682574493739278,0,1,-0.2630281698363683,1
154,1,-0.24814679434461676,0.6210857315226723,0.07031900807658106,-1.1509044124455294,4,2.3421151548373036,1,0,-1.0943366736084963,3
155,0,0.6473654959072578,0.16733601367230244,-0.19075848430570316,0.6152101303780324,0,-0.6682574493739278,0,0,-0.6786824217224323,1
156,4,0.30995251485512954,0.3914099484132469,0.7923614479463359,-1.1509044124455294,0,-0.6682574493739278,1,0,-0.07409441897906646,3
157,13,-0.12047701773033298,0.5410593262580249,0.7801234404909163,-0.2963328594663866,2,-0.6682574493739278,0,1,-1.0943366736084963,2
158,8,0.6510132038105156,-0.21519020349247783,-0.30497988722295255,0.04549576172527053,3,0.5992678576623801,0,1,0.3793465830784579,2
159,9,1.3623162449474802,-0.524092127813878,1.5225625594530372,-0.9799901018497009,2,-0.6682574493739278,0,0,0.7950008349645219,3
160,2,0.9902500388142728,-0.3176240022311628,-0.5823747228791295,1.0140101884349657,0,-0.6682574493739278,0,0,0.5304935837642993,1
161,5,-0.47612853829875046,-1.599647014570184,1.285961081981592,-1.4357615967719104,3,1.2330305111805342,0,1,1.2862285871935066,3
162,12,-2.008165857670674,1.9735319804944969,1.285961081981592,-0.7521043543885961,1,-0.6682574493739278,0,0,-0.7920426722368133,3
163,12,-2.008165857670674,1.9735319804944969,-0.19891715594264955,-0.23936142260111043,0,-0.6682574493739278,1,0,0.5304935837642993,2
164,14,0.9264151505071309,0.868367323790327,1.4817692012683052,-0.9230186649844248,1,-0.6682574493739278,0,1,1.0595080861647446,3
165,6,0.23335064888652038,1.3893392220629235,0.988169567233049,-1.1509044124455294,4,1.549911837939611,0,0,0.7950008349645219,3
166,12,-2.008165857670674,1.9735319804944969,-1.7123507445962036,1.1849244990307943,2,-0.6682574493739278,1,0,1.2484418370220463,1
167,3,-1.4828959196003133,-1.3459633098813757,0.08255701553200064,-0.2963328594663866,3,2.0252338280782265,0,0,0.6060670841072201,2
168,0,0.6473654959072578,0.16733601367230244,0.2375717766339819,0.2164100723210991,2,-0.6682574493739278,0,0,-0.2252414196649079,2
169,13,-0.12047701773033298,0.5410593262580249,0.29876181391107975,-0.5242186069274913,3,-0.03449479585577385,0,1,-1.4722041753230999,0
170,15,1.2547088618011146,0.6610989341549391,-0.635406088519281,-0.5242186069274913,3,1.7083525013191496,1,1,-1.3966306749801791,0
171,10,-0.17336878232770134,-0.10715455638531189,-0.03166438738524872,-1.036961538714977,3,-0.19293545923531236,1,0,0.5682803339357597,3
172,7,-0.383111986765481,-1.2515321516691895,-1.2595444687456794,1.640695993953004,2,-0.6682574493739278,0,0,-1.0943366736084963,1
173,10,-0.17336878232770134,-0.10715455638531189,-1.1126883792806443,1.4697816833571753,2,-0.6682574493739278,0,0,0.7950008349645219,1
174,15,1.2547088618011146,0.6610989341549391,1.241088387978387,-0.69513291752332,1,-0.6682574493739278,0,0,-0.07409441897906646,3
175,6,0.23335064888652038,1.3893392220629235,0.8780275001342729,-1.4927330336371867,3,1.3914711745600725,1,1,-1.3966306749801791,3
176,14,0.9264151505071309,0.868367323790327,1.7469260294690627,-1.2078758493108057,1,-0.6682574493739278,0,1,1.097294836336205,3
177,2,0.9902500388142728,-0.3176240022311628,1.2166123730675478,-0.69513291752332,1,-0.6682574493739278,0,0,0.07705258170677501,3
178,0,0.6473654959072578,0.16733601367230244,0.12742970953520574,0.3303529460516515,2,-0.6682574493739278,0,0,-0.8298294224082737,2
179,9,1.3623162449474802,-0.524092127813878,1.5103245519976176,-1.4927330336371867,3,0.7577085210419187,0,1,0.7572140847930615,3
180,10,-0.17336878232770134,-0.10715455638531189,-1.1575610732838495,-0.011475675140005663,4,0.7577085210419187,1,0,-0.6031089213795116,2
181,7,-0.383111986765481,-1.2515321516691895,0.2498097840894015,0.2164100723210991,1,-0.6682574493739278,0,1,0.45492008342137863,2
182,0,0.6473654959072578,0.16733601367230244,0.7556474255800772,-0.23936142260111043,1,-0.6682574493739278,0,0,1.5507358383937293,2
183,7,-0.383111986765481,-1.2515321516691895,0.7964407837648091,-0.2963328594663866,2,-0.6682574493739278,0,0,1.2484418370220463,2
184,14,0.9264151505071309,0.868367323790327,-0.6109300736084419,0.3303529460516515,3,-0.03449479585577385,0,0,-0.11188116915052682,2
185,9,1.3623162449474802,-0.524092127813878,-0.12140977539165893,-0.12541854887055803,3,0.7577085210419187,0,1,0.9461478356503634,2
186,1,-0.24814679434461676,0.6210857315226723,-1.018863655455761,0.7291530041085849,4,1.866793164698688,0,1,-1.6233511760089414,1
187,8,0.6510132038105156,-0.21519020349247783,-1.3003378269304111,0.9570387515696896,3,-0.35137612261485085,0,1,-1.358843924808719,1
188,4,0.30995251485512954,0.3914099484132469,0.31099982136649934,0.1594386354558229,1,-0.6682574493739278,0,1,1.0217213359932842,2
189,5,-0.47612853829875046,-1.599647014570184,0.11927103789825937,0.3303529460516515,0,-0.6682574493739278,0,0,1.4373755878793482,2
190,6,0.23335064888652038,1.3893392220629235,-0.9943876405449219,-0.18238998573583423,3,-0.19293545923531236,1,0,-1.6611379261804018,2
191,15,1.2547088618011146,0.6610989341549391,-0.48039132741729973,0.9000673147044134,2,-0.6682574493739278,0,1,1.6640960889081102,1
192,7,-0.383111986765481,-1.2515321516691895,-0.23971051412738148,-0.011475675140005663,3,0.4408271942828417,0,0,-0.754255922065353,2
193,0,0.6473654959072578,0.16733601367230244,1.4532138505389929,-1.4927330336371867,4,0.4408271942828417,0,0,1.1728683366791255,3
194,13,-0.12047701773033298,0.5410593262580249,0.559839306293364,-0.7521043543885961,4,-0.03449479585577385,0,0,0.3793465830784579,0
195,2,0.9902500388142728,-0.3176240022311628,0.4823319257423734,-0.011475675140005663,2,-0.6682574493739278,0,0,-1.6989246763518622,2
196,15,1.2547088618011146,0.6610989341549391,0.9392175374113708,-1.0939329755802534,4,-0.19293545923531236,0,0,-0.1496679193219872,3
197,12,-2.008165857670674,1.9735319804944969,0.7148540673953453,-0.23936142260111043,1,-0.6682574493739278,0,0,0.1904128322211561,2
198,11,-1.7838318216197984,-1.4067833778824486,-0.9168802599939312,1.2988673727613467,0,-0.6682574493739278,0,0,-0.07409441897906646,1
199,10,-0.17336878232770134,-0.10715455638531189,1.049359604510147,-1.3787901599066343,1,-0.6682574493739278,1,1,1.3618020875364274,3
200,5,-0.47612853829875046,-1.599647014570184,-0.19891715594264955,-0.23936142260111043,1,-0.6682574493739278,1,0,1.324015337364967,2
201,5,-0.47612853829875046,-1.599647014570184,0.7026160599399257,-0.18238998573583423,1,-0.6682574493739278,0,0,1.6640960889081102,2
202,15,1.2547088618011146,0.6610989341549391,-0.2233931708534887,-0.18238998573583423,0,-0.6682574493739278,1,0,0.8327875851359823,2
203,9,1.3623162449474802,-0.524092127813878,1.559276581819296,-0.9799901018497009,2,-0.6682574493739278,0,0,1.3618020875364274,3
204,8,0.6510132038105156,-0.21519020349247783,-0.8434522152614138,1.2418959358960706,2,-0.6682574493739278,0,0,-1.056549923437036,1
205,3,-1.4828959196003133,-1.3459633098813757,1.5674352534562424,-1.4927330336371867,4,2.183674491457765,1,1,1.5885225885651897,3
206,15,1.2547088618011146,0.6610989341549391,-0.02758505156677552,0.4442958197822039,1,-0.6682574493739278,0,0,-1.358843924808719,2
207,3,-1.4828959196003133,-1.3459633098813757,-0.4722326557803534,0.9000673147044134,0,-0.6682574493739278,0,1,-0.9431896729226549,1
208,4,0.30995251485512954,0.3914099484132469,1.2043743656121282,-0.69513291752332,2,-0.6682574493739278,0,0,1.1728683366791255,3
209,8,0.6510132038105156,-0.21519020349247783,-0.15404446193944446,0.6152101303780324,1,-0.6682574493739278,0,0,0.8327875851359823,1
210,7,-0.383111986765481,-1.2515321516691895,1.090152962694879,-0.5811900437927676,1,-0.6682574493739278,0,0,-0.8676161725797341,3
211,4,0.30995251485512954,0.3914099484132469,-0.464073984143407,0.04549576172527053,0,-0.6682574493739278,1,0,-1.4722041753230999,2
212,1,-0.24814679434461676,0.6210857315226723,-0.13772711866555168,0.5582386935127562,0,-0.6682574493739278,0,1,1.3995888377078878,1
213,8,0.6510132038105156,-0.21519020349247783,0.5353632913825249,-0.06844711200528185,0,-0.6682574493739278,0,0,-1.6611379261804018,2
214,5,-0.47612853829875046,-1.599647014570184,0.9677728881406832,-0.4672471700622152,1,-0.6682574493739278,0,0,0.8705743353074427,3
215,1,-0.24814679434461676,0.6210857315226723,-1.614446684952847,1.2418959358960706,3,0.9161491844214572,0,1,-0.754255922065353,1
216,1,-0.24814679434461676,0.6210857315226723,-1.2554651329272062,1.640695993953004,0,-0.6682574493739278,0,0,0.07705258170677501,1
217,0,0.6473654959072578,0.16733601367230244,-0.6068507377899687,1.0140101884349657,1,-0.6682574493739278,0,0,-0.41417517052220976,1
218,5,-0.47612853829875046,-1.599647014570184,0.021366978254902774,0.4442958197822039,1,-0.6682574493739278,0,1,1.1728683366791255,2
219,9,1.3623162449474802,-0.524092127813878,0.021366978254902774,-0.410275733196939,0,-0.6682574493739278,1,0,-0.6031089213795116,0
220,5,-0.47612853829875046,-1.599647014570184,1.4042618207173145,-0.8660472281191486,0,-0.6682574493739278,0,1,0.5682803339357597,3
221,7,-0.383111986765481,-1.2515321516691895,0.7964407837648091,-0.2963328594663866,1,-0.6682574493739278,0,1,0.34155983290699754,2
222,15,1.2547088618011146,0.6610989341549391,-1.0147843196372879,0.7291530041085849,4,1.3914711745600725,0,0,1.6640960889081102,1
223,7,-0.383111986765481,-1.2515321516691895,-1.2228304463794206,0.9000673147044134,3,1.2330305111805342,0,0,-0.9431896729226549,1
224,4,0.30995251485512954,0.3914099484132469,0.96369355232221,-1.4927330336371867,4,1.866793164698688,1,1,0.4171333332499183,3
225,2,0.9902500388142728,-0.3176240022311628,-0.8964835809015652,1.2988673727613467,2,-0.6682574493739278,0,0,1.1728683366791255,1
226,3,-1.4828959196003133,-1.3459633098813757,-0.443677305051041,0.1594386354558229,4,-0.19293545923531236,0,1,-0.9431896729226549,2
227,7,-0.383111986765481,-1.2515321516691895,0.8453928135864874,-0.3533042963316628,2,-0.6682574493739278,0,0,-1.4344174251516395,2
228,9,1.3623162449474802,-0.524092127813878,-1.1738784165577423,1.5267531202224516,1,-0.6682574493739278,0,0,-0.18745466949344755,1
229,6,0.23335064888652038,1.3893392220629235,-0.5048673423281389,0.9000673147044134,2,-0.6682574493739278,0,0,-1.5099909254945603,1
230,6,0.23335064888652038,1.3893392220629235,1.2492470596153333,-1.3787901599066343,3,2.183674491457765,0,0,-0.7920426722368133,3
231,11,-1.7838318216197984,-1.4067833778824486,-1.5287806327649098,0.3303529460516515,3,2.183674491457765,1,0,0.6438538342786805,2
232,6,0.23335064888652038,1.3893392220629235,0.7148540673953453,-0.9230186649844248,4,1.866793164698688,0,0,-1.0943366736084963,0
233,3,-1.4828959196003133,-1.3459633098813757,-0.8189762003505746,0.3303529460516515,0,-0.6682574493739278,1,0,1.1728683366791255,2
234,12,-2.008165857670674,1.9735319804944969,-0.5578987079682904,0.10246719859054672,2,-0.6682574493739278,1,0,-1.2454836742943378,2
235,7,-0.383111986765481,-1.2515321516691895,1.6449426340072328,-1.0939329755802534,2,-0.6682574493739278,0,0,0.11483933187823536,3
236,11,-1.7838318216197984,-1.4067833778824486,0.2865238064556602,0.1594386354558229,1,-0.6682574493739278,0,0,0.15262608204969574,2
237,11,-1.7838318216197984,-1.4067833778824486,-0.4926293348727193,0.2164100723210991,4,2.500555818216842,0,1,-0.7164691718938927,2
238,14,0.9264151505071309,0.868367323790327,0.7434094181246577,-1.4927330336371867,4,0.5992678576623801,1,1,1.2862285871935066,3
239,8,0.6510132038105156,-0.21519020349247783,0.8168374628571751,-0.9799901018497009,3,-0.5098167859943894,0,0,1.135081586507665,3
240,2,0.9902500388142728,-0.3176240022311628,0.3925865377359632,0.10246719859054672,2,-0.6682574493739278,0,0,-0.338601670179289,2
241,1,-0.24814679434461676,0.6210857315226723,0.1070330304428398,-0.5242186069274913,0,-0.6682574493739278,1,0,-1.5477776756660206,0
242,14,0.9264151505071309,0.868367323790327,-1.3574485283890358,1.6976674308182802,0,-0.6682574493739278,0,0,-1.3966306749801791,1
243,8,0.6510132038105156,-0.21519020349247783,-0.37432859613699676,-0.06844711200528185,1,-0.6682574493739278,1,0,-0.9431896729226549,2
244,14,0.9264151505071309,0.868367323790327,-0.4885499990542461,-0.6381614806580438,4,2.0252338280782265,1,0,-0.9431896729226549,0
245,13,-0.12047701773033298,0.5410593262580249,-0.4763119915988266,0.9000673147044134,0,-0.6682574493739278,0,0,0.6438538342786805,1
246,14,0.9264151505071309,0.868367323790327,-1.4308765731215534,0.2164100723210991,3,-0.19293545923531236,1,0,1.5507358383937293,2
247,12,-2.008165857670674,1.9735319804944969,1.7224500145582236,-1.4927330336371867,4,2.0252338280782265,0,0,-0.18745466949344755,3
248,4,0.30995251485512954,0.3914099484132469,1.498086544542198,-0.9230186649844248,1,-0.6682574493739278,0,0,1.0595080861647446,3
249,10,-0.17336878232770134,-0.10715455638531189,0.988169567233049,-1.4927330336371867,4,2.3421151548373036,1,0,-1.056549923437036,3
250,1,-0.24814679434461676,0.6210857315226723,0.20901642590466957,0.27338150918637527,1,-0.6682574493739278,0,0,1.7018828390795706,2
251,5,-0.47612853829875046,-1.599647014570184,-0.5782953870606563,0.10246719859054672,1,-0.6682574493739278,1,0,-0.8298294224082737,2
252,2,0.9902500388142728,-0.3176240022311628,0.8861861717712193,-1.036961538714977,3,2.183674491457765,0,0,1.62630933873665,3
253,3,-1.4828959196003133,-1.3459633098813757,-0.0071883724744095665,0.4442958197822039,1,-0.6682574493739278,0,0,0.039265831535314634,2
254,8,0.6510132038105156,-0.21519020349247783,-1.2636238045641526,0.9570387515696896,3,-0.19293545923531236,0,1,0.6060670841072201,1
255,2,0.9902500388142728,-0.3176240022311628,-0.39064593941088954,0.786124440973861,1,-0.6682574493739278,0,0,-0.5275354210365908,1
256,13,-0.12047701773033298,0.5410593262580249,-0.8434522152614138,1.2418959358960706,0,-0.6682574493739278,0,1,1.6640960889081102,1
257,4,0.30995251485512954,0.3914099484132469,-0.8312142078059942,1.2418959358960706,0,-0.6682574493739278,0,0,-0.9809764230941153,1
258,15,1.2547088618011146,0.6610989341549391,0.04584299316574192,-0.4672471700622152,2,-0.6682574493739278,1,0,1.0217213359932842,0
259,2,0.9902500388142728,-0.3176240022311628,-0.8964835809015652,0.6152101303780324,4,2.0252338280782265,0,0,-1.2076969241228774,1
260,8,0.6510132038105156,-0.21519020349247783,0.049922328984215114,-0.4672471700622152,0,-0.6682574493739278,1,0,0.908361085478903,0
261,6,0.23335064888652038,1.3893392220629235,-1.0351809987296539,1.4128102464918992,0,-0.6682574493739278,0,0,-1.3966306749801791,1
262,8,0.6510132038105156,-0.21519020349247783,-1.4798286029432317,1.8116103045488325,0,-0.6682574493739278,0,0,1.4751623380508085,1
263,2,0.9902500388142728,-0.3176240022311628,-1.7041920729592572,1.355838809626623,4,1.3914711745600725,0,0,0.6438538342786805,1
264,14,0.9264151505071309,0.868367323790327,1.1554223357904498,-1.4927330336371867,1,-0.6682574493739278,1,0,0.7950008349645219,3
265,3,-1.4828959196003133,-1.3459633098813757,0.13966771699062533,-1.2078758493108057,4,-0.35137612261485085,1,0,0.0014790813638542722,3
266,7,-0.383111986765481,-1.2515321516691895,1.4083411565357877,-1.4927330336371867,2,-0.6682574493739278,1,0,-1.6989246763518622,3
267,3,-1.4828959196003133,-1.3459633098813757,1.241088387978387,-0.69513291752332,2,-0.6682574493739278,0,0,0.26598633256407683,3
268,8,0.6510132038105156,-0.21519020349247783,0.984090231414576,-0.4672471700622152,1,-0.6682574493739278,0,0,1.0595080861647446,3
269,10,-0.17336878232770134,-0.10715455638531189,-1.4186385656661338,1.7546388676835563,2,-0.6682574493739278,0,0,1.4373755878793482,1
270,2,0.9902500388142728,-0.3176240022311628,1.5348005669084568,-1.4927330336371867,3,2.3421151548373036,0,0,-1.056549923437036,3
271,8,0.6510132038105156,-0.21519020349247783,1.4736105296313589,-0.9230186649844248,2,-0.6682574493739278,0,0,-1.0187631732655755,3
272,0,0.6473654959072578,0.16733601367230244,1.2492470596153333,-1.3787901599066343,3,1.2330305111805342,0,0,-0.6408956715509719,3
273,11,-1.7838318216197984,-1.4067833778824486,1.281881746163119,-0.7521043543885961,1,-0.6682574493739278,0,0,0.0014790813638542722,3
274,1,-0.24814679434461676,0.6210857315226723,1.53887990272693,-0.9799901018497009,2,-0.6682574493739278,0,0,-1.6611379261804018,3
275,1,-0.24814679434461676,0.6210857315226723,-0.892404245083092,0.6152101303780324,3,-0.5098167859943894,0,0,1.2106550868505859,1
276,11,-1.7838318216197984,-1.4067833778824486,-0.6925167899779057,1.070981625300242,1,-0.6682574493739278,0,0,1.1728683366791255,1
277,0,0.6473654959072578,0.16733601367230244,-0.8720075659907262,1.2418959358960706,2,-0.6682574493739278,0,1,-0.754255922065353,1
278,14,0.9264151505071309,0.868367323790327,-0.8230555361690478,1.1849244990307943,1,-0.6682574493739278,0,1,-0.9809764230941153,1
279,6,0.23335064888652038,1.3893392220629235,-1.594050005860481,1.2418959358960706,3,-0.19293545923531236,0,0,-0.2630281698363683,1
280,5,-0.47612853829875046,-1.599647014570184,1.7346880220136431,-1.4927330336371867,2,-0.6682574493739278,1,0,-0.41417517052220976,3
281,5,-0.47612853829875046,-1.599647014570184,-0.9005629167200384,0.6152101303780324,4,-0.03449479585577385,0,1,-1.3966306749801791,1
282,15,1.2547088618011146,0.6610989341549391,-0.7577861630734768,1.1279530621655183,1,-0.6682574493739278,0,1,0.4171333332499183,1
283,5,-0.47612853829875046,-1.599647014570184,-0.7945001854397354,1.1849244990307943,0,-0.6682574493739278,0,1,1.0217213359932842,1
284,3,-1.4828959196003133,-1.3459633098813757,0.3762691944620704,0.10246719859054672,0,-0.6682574493739278,0,1,-1.6989246763518622,2
285,14,0.9264151505071309,0.868367323790327,0.5027286048347394,-0.8660472281191486,1,-0.6682574493739278,1,0,0.8705743353074427,0
286,2,0.9902500388142728,-0.3176240022311628,-0.10101309629929296,0.5582386935127562,2,-0.6682574493739278,0,0,-1.5099909254945603,1
287,1,-0.24814679434461676,0.6210857315226723,1.7387673578321163,-1.1509044124455294,0,-0.6682574493739278,0,0,0.9839345858218238,3
288,3,-1.4828959196003133,-1.3459633098813757,0.8780275001342729,-0.3533042963316628,1,-0.6682574493739278,0,1,1.2862285871935066,2
289,4,0.30995251485512954,0.3914099484132469,0.5312839555640517,-0.06844711200528185,1,-0.6682574493739278,0,0,1.324015337364967,2
290,12,-2.008165857670674,1.9735319804944969,-0.19075848430570316,-0.06844711200528185,3,2.3421151548373036,0,0,-0.8676161725797341,2
291,14,0.9264151505071309,0.868367323790327,1.5307212310899836,-0.9799901018497009,1,-0.6682574493739278,0,0,0.11483933187823536,3
292,1,-0.24814679434461676,0.6210857315226723,1.4083411565357877,-1.4927330336371867,4,0.4408271942828417,0,0,1.512949088222269,3
293,12,-2.008165857670674,1.9735319804944969,-0.5456607005128709,0.10246719859054672,1,-0.6682574493739278,1,0,-0.6031089213795116,2
294,14,0.9264151505071309,0.868367323790327,-1.6960334013223108,2.0394960520099374,0,-0.6682574493739278,0,0,-0.3763884203507494,1
295,4,0.30995251485512954,0.3914099484132469,1.3593891267141096,-1.4927330336371867,2,-0.6682574493739278,1,1,-1.2076969241228774,3
296,6,0.23335064888652038,1.3893392220629235,-0.5538193721498172,0.27338150918637527,3,2.0252338280782265,0,0,0.7572140847930615,2
297,7,-0.383111986765481,-1.2515321516691895,1.4654518579944125,-1.4927330336371867,3,2.183674491457765,0,0,-1.6233511760089414,3
298,14,0.9264151505071309,0.868367323790327,1.2655644028892261,-1.4927330336371867,4,-0.03449479585577385,1,1,0.0014790813638542722,3
299,2,0.9902500388142728,-0.3176240022311628,0.8821068359527461,-1.2078758493108057,1,-0.6682574493739278,1,0,-0.9054029227511945,3
300,1,-0.24814679434461676,0.6210857315226723,-1.3125758343858307,0.9570387515696896,4,1.7083525013191496,0,0,0.34155983290699754,1
301,9,1.3623162449474802,-0.524092127813878,0.025446314073375963,-0.410275733196939,1,-0.6682574493739278,1,0,-1.3966306749801791,0
302,14,0.9264151505071309,0.868367323790327,0.6577433659367206,-0.18238998573583423,2,-0.6682574493739278,0,0,-1.2076969241228774,2
303,9,1.3623162449474802,-0.524092127813878,1.261485067070753,-0.7521043543885961,2,-0.6682574493739278,0,0,1.324015337364967,3
304,9,1.3623162449474802,-0.524092127813878,0.837234141949541,-1.4927330336371867,3,0.2823865309033032,1,0,0.9461478356503634,3
305,10,-0.17336878232770134,-0.10715455638531189,0.9596142165037368,-1.1509044124455294,4,2.183674491457765,0,0,-0.5653221712080512,3
306,1,-0.24814679434461676,0.6210857315226723,0.033604985710322346,0.38732438291692767,1,-0.6682574493739278,0,0,-0.338601670179289,2
307,7,-0.383111986765481,-1.2515321516691895,-0.4926293348727193,0.2164100723210991,4,0.12394586752376466,0,0,-0.338601670179289,2
308,0,0.6473654959072578,0.16733601367230244,0.18861974681230362,-0.5811900437927676,1,-0.6682574493739278,1,1,-0.7920426722368133,0
309,0,0.6473654959072578,0.16733601367230244,-1.5818119984050614,0.38732438291692767,4,1.3914711745600725,1,0,0.9461478356503634,2
310,2,0.9902500388142728,-0.3176240022311628,-1.3370518492966699,1.0140101884349657,4,0.2823865309033032,0,0,0.039265831535314634,1
311,7,-0.383111986765481,-1.2515321516691895,-0.08877508884387339,-0.3533042963316628,0,-0.6682574493739278,1,1,1.324015337364967,2
312,10,-0.17336878232770134,-0.10715455638531189,-1.3533691925705627,1.0140101884349657,3,0.9161491844214572,0,0,0.3037730827355372,1
313,9,1.3623162449474802,-0.524092127813878,-1.0882123643698052,1.4697816833571753,2,-0.6682574493739278,0,0,1.1728683366791255,1
314,3,-1.4828959196003133,-1.3459633098813757,-0.2315518424904351,-0.011475675140005663,4,1.549911837939611,0,1,-0.6786824217224323,2
315,2,0.9902500388142728,-0.3176240022311628,-0.1744411410318104,0.6152101303780324,1,-0.6682574493739278,0,0,-0.5653221712080512,1
316,1,-0.24814679434461676,0.6210857315226723,0.27836513481871383,0.1594386354558229,0,-0.6682574493739278,0,0,-0.6786824217224323,2
317,11,-1.7838318216197984,-1.4067833778824486,0.6047120002965691,-0.8090757912538723,4,2.0252338280782265,0,0,0.3037730827355372,0
318,6,0.23335064888652038,1.3893392220629235,0.8290754703125947,-0.3533042963316628,1,-0.6682574493739278,0,0,0.492706833592839,2
319,5,-0.47612853829875046,-1.599647014570184,1.0412009328732006,-1.2078758493108057,3,1.7083525013191496,0,0,0.0014790813638542722,3
320,7,-0.383111986765481,-1.2515321516691895,1.6816566563734916,-1.0939329755802534,0,-0.6682574493739278,0,0,-0.41417517052220976,3
321,6,0.23335064888652038,1.3893392220629235,-1.0596570136404928,0.7291530041085849,4,2.0252338280782265,0,0,-1.6989246763518622,1
322,0,0.6473654959072578,0.16733601367230244,0.9922489030515222,-1.1509044124455294,3,0.2823865309033032,0,0,1.324015337364967,3
323,11,-1.7838318216197984,-1.4067833778824486,0.5353632913825249,-0.06844711200528185,1,-0.6682574493739278,0,0,-0.338601670179289,2
324,12,-2.008165857670674,1.9735319804944969,-0.4192012901402019,0.1594386354558229,4,0.7577085210419187,0,0,0.908361085478903,2
325,8,0.6510132038105156,-0.21519020349247783,-1.2880998194749915,1.640695993953004,0,-0.6682574493739278,0,0,0.5682803339357597,1
326,12,-2.008165857670674,1.9735319804944969,-1.2432271254717866,0.9000673147044134,3,2.183674491457765,0,0,0.4171333332499183,1
327,0,0.6473654959072578,0.16733601367230244,1.1268669850611377,-0.5811900437927676,2,-0.6682574493739278,0,1,1.7018828390795706,3
328,13,-0.12047701773033298,0.5410593262580249,-0.6680407750670666,0.38732438291692767,4,0.7577085210419187,0,1,0.492706833592839,2
329,8,0.6510132038105156,-0.21519020349247783,-1.7041920729592572,1.355838809626623,3,0.4408271942828417,0,0,-0.6031089213795116,1
330,14,0.9264151505071309,0.868367323790327,1.6531013056441792,-1.0939329755802534,1,-0.6682574493739278,0,1,-0.4519619206936701,3
331,0,0.6473654959072578,0.16733601367230244,-1.1942750956501083,1.5837245570877276,2,-0.6682574493739278,0,0,-0.7920426722368133,1
332,1,-0.24814679434461676,0.6210857315226723,0.01320830661795639,-0.23936142260111043,4,1.0745898478009956,0,0,-1.4722041753230999,2
333,1,-0.24814679434461676,0.6210857315226723,0.5108872764716857,-1.4927330336371867,4,-0.03449479585577385,1,0,1.6640960889081102,3
334,0,0.6473654959072578,0.16733601367230244,0.20493709008619637,-0.410275733196939,3,1.549911837939611,0,0,0.0014790813638542722,0
335,7,-0.383111986765481,-1.2515321516691895,0.4211418884652755,0.04549576172527053,2,-0.6682574493739278,0,0,0.3037730827355372,2
336,4,0.30995251485512954,0.3914099484132469,-0.39064593941088954,0.786124440973861,2,-0.6682574493739278,0,0,1.7018828390795706,1
337,6,0.23335064888652038,1.3893392220629235,-1.271782476201099,0.786124440973861,2,-0.6682574493739278,1,0,-0.8676161725797341,1
338,12,-2.008165857670674,1.9735319804944969,-1.3696865358444554,1.6976674308182802,2,-0.6682574493739278,0,0,1.5507358383937293,1
339,3,-1.4828959196003133,-1.3459633098813757,1.1880570223382354,-1.321818723041358,4,1.549911837939611,0,1,-0.3763884203507494,3
340,0,0.6473654959072578,0.16733601367230244,0.5883946570226763,-0.8090757912538723,4,0.12394586752376466,0,0,-0.7920426722368133,0
341,2,0.9902500388142728,-0.3176240022311628,-0.4763119915988266,0.2164100723210991,3,2.0252338280782265,0,0,-0.7164691718938927,2
342,2,0.9902500388142728,-0.3176240022311628,-1.659319378956052,1.982524615144661,1,-0.6682574493739278,0,0,1.135081586507665,1
343,10,-0.17336878232770134,-0.10715455638531189,0.3925865377359632,0.10246719859054672,1,-0.6682574493739278,0,0,1.3618020875364274,2
344,8,0.6510132038105156,-0.21519020349247783,1.049359604510147,-1.3787901599066343,2,-0.6682574493739278,1,0,-1.6233511760089414,3
345,3,-1.4828959196003133,-1.3459633098813757,-0.4069632826847823,0.1594386354558229,3,1.549911837939611,0,0,-0.11188116915052682,2
346,8,0.6510132038105156,-0.21519020349247783,-0.8434522152614138,0.5582386935127562,4,-0.19293545923531236,0,0,-1.2832704244657982,1
347,10,-0.17336878232770134,-0.10715455638531189,1.090152962694879,-1.4357615967719104,2,-0.6682574493739278,1,1,0.7572140847930615,3
348,7,-0.383111986765481,-1.2515321516691895,0.5761566495672568,-0.7521043543885961,4,-0.5098167859943894,0,0,-0.2630281698363683,0
349,11,-1.7838318216197984,-1.4067833778824486,-1.6103673491343737,1.9255531782793849,1,-0.6682574493739278,0,0,0.15262608204969574,1
350,12,-2.008165857670674,1.9735319804944969,-1.2065131031055278,1.5837245570877276,0,-0.6682574493739278,0,1,-0.6031089213795116,1
351,4,0.30995251485512954,0.3914099484132469,-0.13364778284707848,-0.12541854887055803,4,1.549911837939611,0,0,1.7018828390795706,2
352,5,-0.47612853829875046,-1.599647014570184,-0.635406088519281,0.3303529460516515,3,1.2330305111805342,0,1,-1.2076969241228774,2
353,15,1.2547088618011146,0.6610989341549391,0.5516806346564176,-0.06844711200528185,1,-0.6682574493739278,0,1,-0.2252414196649079,2
354,2,0.9902500388142728,-0.3176240022311628,0.25388911990787466,-0.4672471700622152,4,1.0745898478009956,0,0,-0.5653221712080512,0
355,3,-1.4828959196003133,-1.3459633098813757,-0.912800924175458,1.2988673727613467,0,-0.6682574493739278,0,0,0.15262608204969574,1
356,15,1.2547088618011146,0.6610989341549391,1.0412009328732006,-1.3787901599066343,1,-0.6682574493739278,1,0,-0.6031089213795116,3
357,14,0.9264151505071309,0.868367323790327,1.6775773205550184,-1.4927330336371867,3,1.2330305111805342,0,0,0.15262608204969574,3
358,1,-0.24814679434461676,0.6210857315226723,0.15598506026451808,0.27338150918637527,1,-0.6682574493739278,0,0,0.07705258170677501,2
359,5,-0.47612853829875046,-1.599647014570184,0.31915849300344573,-0.69513291752332,0,-0.6682574493739278,1,0,0.5304935837642993,0
360,11,-1.7838318216197984,-1.4067833778824486,0.31507915718497254,-0.69513291752332,0,-0.6682574493739278,1,0,1.135081586507665,0
361,14,0.9264151505071309,0.868367323790327,-1.483907938761705,1.8116103045488325,1,-0.6682574493739278,0,0,1.5885225885651897,1
362,12,-2.008165857670674,1.9735319804944969,1.2084537014306014,-0.69513291752332,0,-0.6682574493739278,0,0,0.1904128322211561,3
363,3,-1.4828959196003133,-1.3459633098813757,1.5429592385454032,-1.4927330336371867,4,0.5992678576623801,0,1,0.7572140847930615,3
364,5,-0.47612853829875046,-1.599647014570184,0.7026160599399257,-0.8660472281191486,3,-0.5098167859943894,0,0,0.9839345858218238,0
365,11,-1.7838318216197984,-1.4067833778824486,1.3349131118032704,-0.8090757912538723,2,-0.6682574493739278,0,0,1.7018828390795706,3
366,9,1.3623162449474802,-0.524092127813878,0.943296873229844,-1.0939329755802534,4,0.4408271942828417,0,0,-0.11188116915052682,3
367,8,0.6510132038105156,-0.21519020349247783,1.3226751043478508,-1.4927330336371867,4,1.549911837939611,0,0,0.7572140847930615,3
368,0,0.6473654959072578,0.16733601367230244,-0.16628246939486402,0.6152101303780324,1,-0.6682574493739278,0,0,0.3037730827355372,1
369,2,0.9902500388142728,-0.3176240022311628,-0.2641865290382206,0.6721815672433087,0,-0.6682574493739278,0,0,0.34155983290699754,1
370,4,0.30995251485512954,0.3914099484132469,-1.018863655455761,1.4128102464918992,0,-0.6682574493739278,0,0,0.11483933187823536,1
371,9,1.3623162449474802,-0.524092127813878,-1.2799411478380451,0.10246719859054672,4,2.0252338280782265,1,0,-0.7920426722368133,2
372,0,0.6473654959072578,0.16733601367230244,0.17230240353841084,-0.5811900437927676,2,-0.6682574493739278,1,0,0.1904128322211561,0
373,8,0.6510132038105156,-0.21519020349247783,0.38850720191749,-1.4357615967719104,3,1.866793164698688,1,0,-0.8676161725797341,3
374,13,-0.12047701773033298,0.5410593262580249,-0.19483782012417636,-0.23936142260111043,0,-0.6682574493739278,1,0,1.324015337364967,2
375,6,0.23335064888652038,1.3893392220629235,-1.1208470509175907,0.786124440973861,3,1.549911837939611,0,0,-0.8676161725797341,1
376,9,1.3623162449474802,-0.524092127813878,0.9800108955961028,-0.4672471700622152,0,-0.6682574493739278,0,0,0.7950008349645219,3
377,3,-1.4828959196003133,-1.3459633098813757,0.9718522239591564,-1.1509044124455294,4,1.0745898478009956,0,1,1.4751623380508085,3
378,1,-0.24814679434461676,0.6210857315226723,0.5149666122901589,-0.011475675140005663,2,-0.6682574493739278,0,0,0.9461478356503634,2
379,9,1.3623162449474802,-0.524092127813878,-0.9943876405449219,1.355838809626623,1,-0.6682574493739278,0,1,0.6438538342786805,1
380,0,0.6473654959072578,0.16733601367230244,0.30284114972955295,0.1594386354558229,2,-0.6682574493739278,0,0,0.908361085478903,2
381,10,-0.17336878232770134,-0.10715455638531189,-0.867928230172253,1.2418959358960706,2,-0.6682574493739278,0,1,1.097294836336205,1
382,15,1.2547088618011146,0.6610989341549391,1.1758190148828158,-0.6381614806580438,2,-0.6682574493739278,0,0,-0.9809764230941153,3
383,4,0.30995251485512954,0.3914099484132469,-1.1657197449207959,1.5267531202224516,1,-0.6682574493739278,0,0,-1.5099909254945603,1
384,7,-0.383111986765481,-1.2515321516691895,1.6041492758225009,-1.036961538714977,0,-0.6682574493739278,0,0,-0.6408956715509719,3
385,2,0.9902500388142728,-0.3176240022311628,-1.3941625507552946,0.2164100723210991,4,2.183674491457765,1,0,0.8705743353074427,2
386,8,0.6510132038105156,-0.21519020349247783,-1.296258491111938,0.9570387515696896,4,-0.5098167859943894,0,0,0.7572140847930615,1
387,1,-0.24814679434461676,0.6210857315226723,1.4001824848988413,-0.8660472281191486,0,-0.6682574493739278,0,0,-0.9431896729226549,3
388,4,0.30995251485512954,0.3914099484132469,-0.4763119915988266,0.2164100723210991,3,0.4408271942828417,0,0,-0.1496679193219872,2
389,11,-1.7838318216197984,-1.4067833778824486,1.5715145892747155,-1.4927330336371867,3,0.4408271942828417,1,0,0.6816405844501409,3
390,9,1.3623162449474802,-0.524092127813878,-1.0922917001882784,0.786124440973861,4,1.7083525013191496,0,0,-0.8298294224082737,1
391,14,0.9264151505071309,0.868367323790327,1.5551972460008228,-0.9799901018497009,0,-0.6682574493739278,0,0,1.2484418370220463,3
392,8,0.6510132038105156,-0.21519020349247783,-1.4716699313062853,1.8116103045488325,1,-0.6682574493739278,0,1,-0.2630281698363683,1
393,6,0.23335064888652038,1.3893392220629235,-0.5293433572389781,0.9570387515696896,0,-0.6682574493739278,0,0,-1.6989246763518622,1
394,8,0.6510132038105156,-0.21519020349247783,-1.6185260207713201,1.2418959358960706,3,0.5992678576623801,0,0,-0.5653221712080512,1
395,6,0.23335064888652038,1.3893392220629235,0.029525649891849155,0.4442958197822039,0,-0.6682574493739278,0,0,-0.41417517052220976,2
396,15,1.2547088618011146,0.6610989341549391,-0.10509243211776616,-0.9799901018497009,3,1.549911837939611,1,0,-1.1321234237799567,3
397,7,-0.383111986765481,-1.2515321516691895,-1.190195759831635,-0.011475675140005663,4,1.549911837939611,1,0,0.7194273346216012,2
398,1,-0.24814679434461676,0.6210857315226723,-0.95359428236019,1.355838809626623,1,-0.6682574493739278,0,0,0.039265831535314634,1
399,5,-0.47612853829875046,-1.599647014570184,-0.6394854243377542,1.0140101884349657,0,-0.6682574493739278,0,0,-0.5653221712080512,1
400,12,-2.008165857670674,1.9735319804944969,-0.8883249092646189,1.2988673727613467,0,-0.6682574493739278,0,0,-1.2454836742943378,1
401,14,0.9264151505071309,0.868367323790327,0.2498097840894015,-0.4672471700622152,4,-0.03449479585577385,0,0,0.26598633256407683,0
402,11,-1.7838318216197984,-1.4067833778824486,0.8821068359527461,-1.2078758493108057,0,-0.6682574493739278,1,1,-0.2630281698363683,3
403,11,-1.7838318216197984,-1.4067833778824486,1.1839776865197622,-1.321818723041358,3,-0.5098167859943894,0,0,-1.585564425837481,3
404,5,-0.47612853829875046,-1.599647014570184,0.4129832168283291,0.04549576172527053,1,-0.6682574493739278,0,0,-0.2630281698363683,2
405,5,-0.47612853829875046,-1.599647014570184,0.09479502298742022,-0.3533042963316628,3,0.5992678576623801,0,0,-1.1321234237799567,2
406,12,-2.008165857670674,1.9735319804944969,1.135025656698084,-0.6381614806580438,0,-0.6682574493739278,0,0,-0.6786824217224323,3
407,4,0.30995251485512954,0.3914099484132469,-1.084133028551332,1.4697816833571753,2,-0.6682574493739278,0,0,-1.1321234237799567,1
408,6,0.23335064888652038,1.3893392220629235,1.5837525967301351,-1.4927330336371867,4,0.5992678576623801,0,0,-1.5099909254945603,3
409,10,-0.17336878232770134,-0.10715455638531189,-1.553256647675749,1.8685817414141086,0,-0.6682574493739278,0,0,-1.3210571746372586,1
410,8,0.6510132038105156,-0.21519020349247783,-1.0433396703666002,-0.12541854887055803,4,2.0252338280782265,1,1,1.2862285871935066,2
411,10,-0.17336878232770134,-0.10715455638531189,0.44969723919458787,-0.8090757912538723,2,-0.6682574493739278,1,0,1.2484418370220463,0
412,13,-0.12047701773033298,0.5410593262580249,1.1921363581567086,-0.6381614806580438,0,-0.6682574493739278,0,0,-0.5653221712080512,3
413,9,1.3623162449474802,-0.524092127813878,1.6000699400040277,-1.036961538714977,0,-0.6682574493739278,0,1,-0.8298294224082737,3
414,13,-0.12047701773033298,0.5410593262580249,0.6251086793889351,-0.12541854887055803,0,-0.6682574493739278,0,0,1.097294836336205,2
415,3,-1.4828959196003133,-1.3459633098813757,1.2288503805229674,-0.69513291752332,0,-0.6682574493739278,0,0,-1.3210571746372586,3
416,3,-1.4828959196003133,-1.3459633098813757,0.3313965004588653,0.1594386354558229,2,-0.6682574493739278,0,0,-0.41417517052220976,2
417,4,0.30995251485512954,0.3914099484132469,0.6822193808475597,-0.18238998573583423,0,-0.6682574493739278,0,0,1.0595080861647446,2
418,5,-0.47612853829875046,-1.599647014570184,-1.124926386736064,0.786124440973861,3,1.866793164698688,0,0,0.6816405844501409,1
419,12,-2.008165857670674,1.9735319804944969,0.5883946570226763,-1.4927330336371867,4,1.7083525013191496,1,1,-0.6786824217224323,3
420,0,0.6473654959072578,0.16733601367230244,-1.487987274580178,1.1279530621655183,3,2.3421151548373036,0,1,1.2484418370220463,1
421,9,1.3623162449474802,-0.524092127813878,0.988169567233049,-0.4672471700622152,0,-0.6682574493739278,0,0,-1.2454836742943378,3
422,11,-1.7838318216197984,-1.4067833778824486,-0.07653708138845382,-0.3533042963316628,0,-0.6682574493739278,1,0,-0.9054029227511945,2
423,3,-1.4828959196003133,-1.3459633098813757,0.12742970953520574,-0.5242186069274913,2,-0.6682574493739278,1,1,1.0217213359932842,0
424,0,0.6473654959072578,0.16733601367230244,-0.8148968645321014,1.1849244990307943,2,-0.6682574493739278,0,1,1.0595080861647446,1
425,10,-0.17336878232770134,-0.10715455638531189,-0.8760869018091993,-0.2963328594663866,3,-0.03449479585577385,1,0,0.6060670841072201,2
426,15,1.2547088618011146,0.6610989341549391,0.5312839555640517,-0.06844711200528185,0,-0.6682574493739278,0,1,-0.1496679193219872,2
427,14,0.9264151505071309,0.868367323790327,0.04176365734726873,0.38732438291692767,0,-0.6682574493739278,0,0,-0.18745466949344755,2
428,4,0.30995251485512954,0.3914099484132469,-1.1167677150991175,0.6152101303780324,2,-0.6682574493739278,1,0,0.5682803339357597,1
429,6,0.23335064888652038,1.3893392220629235,0.9555348806852636,-1.1509044124455294,4,2.183674491457765,0,1,0.3793465830784579,3
430,11,-1.7838318216197984,-1.4067833778824486,-0.5742160512421831,0.9570387515696896,1,-0.6682574493739278,0,0,-0.1496679193219872,1
431,6,0.23335064888652038,1.3893392220629235,0.9392175374113708,-1.0939329755802534,4,0.4408271942828417,0,0,0.0014790813638542722,3
432,5,-0.47612853829875046,-1.599647014570184,1.0860736268764057,-0.5811900437927676,1,-0.6682574493739278,0,1,-0.9809764230941153,3
433,1,-0.24814679434461676,0.6210857315226723,0.037684321528795535,0.38732438291692767,1,-0.6682574493739278,0,1,0.45492008342137863,2
434,1,-0.24814679434461676,0.6210857315226723,-0.5619780437867635,0.27338150918637527,3,2.183674491457765,0,0,-1.3966306749801791,2
435,15,1.2547088618011146,0.6610989341549391,-0.01942637992982914,0.4442958197822039,1,-0.6682574493739278,0,0,-1.2454836742943378,2
436,12,-2.008165857670674,1.9735319804944969,-1.230989118016367,0.7291530041085849,0,-0.6682574493739278,1,1,0.1904128322211561,1
437,5,-0.47612853829875046,-1.599647014570184,0.8657894926788534,-1.036961538714977,3,-0.19293545923531236,0,0,1.6640960889081102,3
438,3,-1.4828959196003133,-1.3459633098813757,-0.16220313357639082,0.6152101303780324,0,-0.6682574493739278,0,1,-0.036307668807606094,1
439,12,-2.008165857670674,1.9735319804944969,-0.8842455734461457,0.38732438291692767,1,-0.6682574493739278,1,1,-1.6233511760089414,2
440,11,-1.7838318216197984,-1.4067833778824486,-1.149402401646903,1.5267531202224516,0,-0.6682574493739278,0,0,1.5885225885651897,1
441,9,1.3623162449474802,-0.524092127813878,-0.02758505156677552,0.4442958197822039,2,-0.6682574493739278,0,0,0.26598633256407683,2
442,9,1.3623162449474802,-0.524092127813878,-0.892404245083092,0.6152101303780324,4,0.12394586752376466,0,1,-0.18745466949344755,1
443,12,-2.008165857670674,1.9735319804944969,-0.15404446193944446,-0.23936142260111043,1,-0.6682574493739278,1,0,1.0595080861647446,2
444,10,-0.17336878232770134,-0.10715455638531189,1.0615976119655666,-0.5242186069274913,0,-0.6682574493739278,0,1,-1.169910173951417,3
445,9,1.3623162449474802,-0.524092127813878,-0.8556902227168334,1.2418959358960706,2,-0.6682574493739278,0,0,0.11483933187823536,1
446,5,-0.47612853829875046,-1.599647014570184,1.477689865449832,-0.9230186649844248,2,-0.6682574493739278,0,0,-0.3763884203507494,3
447,3,-1.4828959196003133,-1.3459633098813757,1.2655644028892261,-0.7521043543885961,2,-0.6682574493739278,0,0,1.5507358383937293,3
448,15,1.2547088618011146,0.6610989341549391,1.6327046265518133,-1.0939329755802534,2,-0.6682574493739278,0,0,1.3618020875364274,3
449,1,-0.24814679434461676,0.6210857315226723,0.28244447063718703,0.1594386354558229,1,-0.6682574493739278,0,1,0.8705743353074427,2
450,11,-1.7838318216197984,-1.4067833778824486,-0.7129134690702716,0.4442958197822039,4,1.0745898478009956,0,0,0.45492008342137863,2
451,10,-0.17336878232770134,-0.10715455638531189,-1.6756367222299449,0.4442958197822039,3,2.183674491457765,1,0,1.5507358383937293,2
452,8,0.6510132038105156,-0.21519020349247783,0.8290754703125947,-1.2078758493108057,2,-0.6682574493739278,1,0,0.6438538342786805,3
453,2,0.9902500388142728,-0.3176240022311628,0.559839306293364,-0.7521043543885961,3,1.549911837939611,0,0,0.22819958239261645,0
454,2,0.9902500388142728,-0.3176240022311628,1.0004075746884686,-1.1509044124455294,4,2.500555818216842,0,0,1.2106550868505859,3
455,1,-0.24814679434461676,0.6210857315226723,0.14374705280909852,-0.3533042963316628,3,2.183674491457765,0,0,0.15262608204969574,2
456,2,0.9902500388142728,-0.3176240022311628,-0.18667914848723,-0.06844711200528185,3,2.0252338280782265,0,0,-1.1321234237799567,2
457,7,-0.383111986765481,-1.2515321516691895,0.8657894926788534,-1.4927330336371867,3,-0.5098167859943894,1,0,0.22819958239261645,3
458,8,0.6510132038105156,-0.21519020349247783,0.44969723919458787,-0.6381614806580438,3,-0.19293545923531236,0,0,1.2862285871935066,0
459,9,1.3623162449474802,-0.524092127813878,0.8249961344941215,-0.2963328594663866,1,-0.6682574493739278,0,0,1.512949088222269,2
460,12,-2.008165857670674,1.9735319804944969,-1.2799411478380451,1.640695993953004,2,-0.6682574493739278,0,0,-0.07409441897906646,1
461,11,-1.7838318216197984,-1.4067833778824486,1.5470385743638764,-0.9799901018497009,0,-0.6682574493739278,0,1,1.0217213359932842,3
462,0,0.6473654959072578,0.16733601367230244,-0.827134871987521,1.2418959358960706,2,-0.6682574493739278,0,0,-1.056549923437036,1
463,0,0.6473654959072578,0.16733601367230244,0.3313965004588653,0.1594386354558229,1,-0.6682574493739278,0,1,1.097294836336205,2
464,12,-2.008165857670674,1.9735319804944969,0.6577433659367206,-0.8660472281191486,3,-0.03449479585577385,0,0,-1.056549923437036,0
465,13,-0.12047701773033298,0.5410593262580249,0.6332673510258815,-0.8090757912538723,4,-0.35137612261485085,0,0,-0.036307668807606094,0
466,1,-0.24814679434461676,0.6210857315226723,-1.2636238045641526,0.9570387515696896,4,2.0252338280782265,0,1,0.6438538342786805,1
467,5,-0.47612853829875046,-1.599647014570184,-0.2682658648566938,-0.18238998573583423,2,-0.6682574493739278,1,0,-1.585564425837481,2
468,3,-1.4828959196003133,-1.3459633098813757,-1.124926386736064,-0.06844711200528185,3,-0.5098167859943894,1,1,-0.41417517052220976,2
469,6,0.23335064888652038,1.3893392220629235,-0.19891715594264955,-0.06844711200528185,4,0.12394586752376466,0,0,0.8327875851359823,2
470,10,-0.17336878232770134,-0.10715455638531189,1.2492470596153333,-0.69513291752332,2,-0.6682574493739278,0,0,1.2862285871935066,3
471,12,-2.008165857670674,1.9735319804944969,-0.464073984143407,0.9000673147044134,0,-0.6682574493739278,0,0,-0.2630281698363683,1
472,3,-1.4828959196003133,-1.3459633098813757,-0.8883249092646189,1.2988673727613467,0,-0.6682574493739278,0,1,1.4751623380508085,1
473,9,1.3623162449474802,-0.524092127813878,-1.638922699863686,0.4442958197822039,3,2.0252338280782265,1,0,1.0217213359932842,2
474,1,-0.24814679434461676,0.6210857315226723,0.857630821041907,-1.2078758493108057,1,-0.6682574493739278,1,0,-1.2832704244657982,3
475,4,0.30995251485512954,0.3914099484132469,-0.8312142078059942,0.5582386935127562,3,0.2823865309033032,0,0,-1.4344174251516395,1
476,9,1.3623162449474802,-0.524092127813878,0.9555348806852636,-0.4672471700622152,1,-0.6682574493739278,0,0,1.1728683366791255,3
477,9,1.3623162449474802,-0.524092127813878,1.4817692012683052,-1.4927330336371867,4,0.7577085210419187,0,0,-1.5099909254945603,3
478,10,-0.17336878232770134,-0.10715455638531189,-1.6633987147745253,1.982524615144661,1,-0.6682574493739278,0,1,-0.338601670179289,1
479,15,1.2547088618011146,0.6610989341549391,-1.5573359834942222,1.8685817414141086,2,-0.6682574493739278,0,0,-1.2454836742943378,1
480,14,0.9264151505071309,0.868367323790327,-0.6965961257963789,-0.4672471700622152,4,1.3914711745600725,1,0,0.7950008349645219,0
481,9,1.3623162449474802,-0.524092127813878,-1.251385797108733,0.04549576172527053,3,1.3914711745600725,1,0,-0.8676161725797341,2
482,4,0.30995251485512954,0.3914099484132469,0.7842027763093895,-0.2963328594663866,2,-0.6682574493739278,0,1,-0.9431896729226549,2
483,10,-0.17336878232770134,-0.10715455638531189,0.4374592317391683,0.04549576172527053,0,-0.6682574493739278,0,0,-0.338601670179289,2
484,10,-0.17336878232770134,-0.10715455638531189,-1.1004503718252248,1.4697816833571753,1,-0.6682574493739278,0,0,-1.4722041753230999,1
485,2,0.9902500388142728,-0.3176240022311628,1.306357761073958,-1.4357615967719104,4,0.7577085210419187,0,0,0.492706833592839,3
486,3,-1.4828959196003133,-1.3459633098813757,0.5883946570226763,-0.8090757912538723,4,0.9161491844214572,0,0,1.5507358383937293,0
487,3,-1.4828959196003133,-1.3459633098813757,1.4368965072651,-0.8660472281191486,1,-0.6682574493739278,0,0,-0.2630281698363683,3
488,6,0.23335064888652038,1.3893392220629235,-0.7292308123441644,0.27338150918637527,2,-0.6682574493739278,1,0,-0.30081492000782867,2
489,15,1.2547088618011146,0.6610989341549391,1.7265293503766967,-1.1509044124455294,2,-0.6682574493739278,0,0,-1.6233511760089414,3
490,5,-0.47612853829875046,-1.599647014570184,0.368110522825124,0.10246719859054672,1,-0.6682574493739278,0,0,-1.2454836742943378,2
491,0,0.6473654959072578,0.16733601367230244,-0.19891715594264955,0.6152101303780324,1,-0.6682574493739278,0,0,0.1904128322211561,1
492,10,-0.17336878232770134,-0.10715455638531189,-1.5410186402203294,1.1849244990307943,3,-0.35137612261485085,0,0,1.5885225885651897,1
493,14,0.9264151505071309,0.868367323790327,1.608228611640974,-1.036961538714977,2,-0.6682574493739278,0,0,-0.5653221712080512,3
494,14,0.9264151505071309,0.868367323790327,1.367547798351056,-1.4927330336371867,3,2.183674491457765,0,0,-0.7164691718938927,3
495,0,0.6473654959072578,0.16733601367230244,1.0330422612362542,-1.2078758493108057,4,0.9161491844214572,0,1,-0.6031089213795116,3
496,6,0.23335064888652038,1.3893392220629235,-0.8801662376276725,1.2418959358960706,2,-0.6682574493739278,0,1,1.6640960889081102,1
497,4,0.30995251485512954,0.3914099484132469,-1.0270223270927075,1.4128102464918992,0,-0.6682574493739278,0,1,-1.5099909254945603,1
498,0,0.6473654959072578,0.16733601367230244,-0.24786918576432784,-0.011475675140005663,3,2.183674491457765,0,0,1.5885225885651897,2
499,15,1.2547088618011146,0.6610989341549391,-1.532859968583383,1.8685817414141086,1,-0.6682574493739278,0,0,-1.2076969241228774,1
500,12,-2.008165857670674,1.9735319804944969,-1.0882123643698052,1.4697816833571753,0,-0.6682574493739278,0,1,1.135081586507665,1
501,14,0.9264151505071309,0.868367323790327,0.6781400450290865,-1.4927330336371867,3,1.7083525013191496,1,0,1.2106550868505859,3
502,10,-0.17336878232770134,-0.10715455638531189,-1.4145592298476606,1.070981625300242,4,1.866793164698688,0,0,-1.2832704244657982,1
503,0,0.6473654959072578,0.16733601367230244,-1.463511259669339,1.8116103045488325,1,-0.6682574493739278,0,0,0.4171333332499183,1
504,10,-0.17336878232770134,-0.10715455638531189,-1.1371643941914835,1.5267531202224516,0,-0.6682574493739278,0,0,-1.6233511760089414,1
505,6,0.23335064888652038,1.3893392220629235,1.0371215970547274,-0.5242186069274913,0,-0.6682574493739278,0,0,1.7018828390795706,3
506,4,0.30995251485512954,0.3914099484132469,0.4089038810098559,-0.8090757912538723,1,-0.6682574493739278,1,1,-0.6786824217224323,0
507,7,-0.383111986765481,-1.2515321516691895,-1.271782476201099,1.640695993953004,1,-0.6682574493739278,0,1,1.3995888377078878,1
508,7,-0.383111986765481,-1.2515321516691895,1.689815328010438,-1.4927330336371867,2,-0.6682574493739278,1,0,0.492706833592839,3
509,14,0.9264151505071309,0.868367323790327,-0.4192012901402019,0.8430958778391372,1,-0.6682574493739278,0,0,0.34155983290699754,1
510,7,-0.383111986765481,-1.2515321516691895,1.367547798351056,-0.8090757912538723,2,-0.6682574493739278,0,0,1.7018828390795706,3
511,3,-1.4828959196003133,-1.3459633098813757,-1.1861164240131619,1.5267531202224516,1,-0.6682574493739278,0,0,-1.056549923437036,1
512,12,-2.008165857670674,1.9735319804944969,1.5837525967301351,-1.036961538714977,0,-0.6682574493739278,0,1,-1.5099909254945603,3
513,6,0.23335064888652038,1.3893392220629235,-0.23563117830890828,-0.18238998573583423,2,-0.6682574493739278,1,0,0.5304935837642993,2
514,2,0.9902500388142728,-0.3176240022311628,-1.1657197449207959,1.5267531202224516,0,-0.6682574493739278,0,0,-1.3210571746372586,1
515,14,0.9264151505071309,0.868367323790327,0.3232378288219189,0.1594386354558229,2,-0.6682574493739278,0,0,-1.6989246763518622,2
516,7,-0.383111986765481,-1.2515321516691895,1.7428466936505895,-1.1509044124455294,0,-0.6682574493739278,0,0,-1.0187631732655755,3
517,15,1.2547088618011146,0.6610989341549391,0.45377657501306107,-0.6381614806580438,4,-0.03449479585577385,0,1,0.11483933187823536,0
518,0,0.6473654959072578,0.16733601367230244,1.3185957685293777,-0.8090757912538723,2,-0.6682574493739278,0,1,-1.2832704244657982,3
519,9,1.3623162449474802,-0.524092127813878,-0.33761457377073806,-0.7521043543885961,4,1.0745898478009956,1,0,0.0014790813638542722,0
520,13,-0.12047701773033298,0.5410593262580249,0.11927103789825937,-0.3533042963316628,4,1.2330305111805342,0,0,-0.41417517052220976,2
521,14,0.9264151505071309,0.868367323790327,-0.9454356107232436,1.2988673727613467,2,-0.6682574493739278,0,0,1.135081586507665,1
522,14,0.9264151505071309,0.868367323790327,1.049359604510147,-0.5242186069274913,1,-0.6682574493739278,0,0,-1.1321234237799567,3
523,12,-2.008165857670674,1.9735319804944969,-0.3661699245000504,0.10246719859054672,3,0.12394586752376466,0,0,-0.8676161725797341,2
524,0,0.6473654959072578,0.16733601367230244,-1.2554651329272062,0.9570387515696896,4,1.549911837939611,0,0,0.9461478356503634,1
525,15,1.2547088618011146,0.6610989341549391,0.4660145824684806,-0.011475675140005663,2,-0.6682574493739278,0,0,-0.48974867086513046,2
526,2,0.9902500388142728,-0.3176240022311628,-1.2065131031055278,0.7291530041085849,2,-0.6682574493739278,1,0,-0.9809764230941153,1
527,2,0.9902500388142728,-0.3176240022311628,1.1513429999719769,-0.6381614806580438,2,-0.6682574493739278,0,0,-1.585564425837481,3
528,10,-0.17336878232770134,-0.10715455638531189,-0.43959796923256783,-0.011475675140005663,2,-0.6682574493739278,1,0,-1.3966306749801791,2
529,0,0.6473654959072578,0.16733601367230244,-0.33761457377073806,0.786124440973861,1,-0.6682574493739278,0,1,1.7018828390795706,1
530,14,0.9264151505071309,0.868367323790327,-1.039260334548127,0.7291530041085849,4,1.0745898478009956,0,0,0.07705258170677501,1
531,3,-1.4828959196003133,-1.3459633098813757,-0.08877508884387339,0.5012672566474801,0,-0.6682574493739278,0,0,-1.5477776756660206,1
532,2,0.9902500388142728,-0.3176240022311628,0.8821068359527461,-1.4927330336371867,4,0.5992678576623801,1,0,-0.9431896729226549,3
533,12,-2.008165857670674,1.9735319804944969,0.6985367241214525,-0.18238998573583423,1,-0.6682574493739278,0,1,1.135081586507665,2
534,2,0.9902500388142728,-0.3176240022311628,-0.04798173065914148,0.5012672566474801,2,-0.6682574493739278,0,0,1.2862285871935066,1
535,12,-2.008165857670674,1.9735319804944969,1.0330422612362542,-1.2078758493108057,3,2.183674491457765,0,0,0.3037730827355372,3
536,6,0.23335064888652038,1.3893392220629235,1.608228611640974,-1.4927330336371867,4,0.7577085210419187,1,0,-1.6989246763518622,3
537,6,0.23335064888652038,1.3893392220629235,0.4007452093729096,0.04549576172527053,1,-0.6682574493739278,0,1,-1.056549923437036,2
538,7,-0.383111986765481,-1.2515321516691895,-0.6598821034301202,1.070981625300242,2,-0.6682574493739278,0,0,1.62630933873665,1
539,8,0.6510132038105156,-0.21519020349247783,-0.6150094094269151,1.0140101884349657,0,-0.6682574493739278,0,1,-1.2832704244657982,1
540,3,-1.4828959196003133,-1.3459633098813757,-0.04798173065914148,-1.036961538714977,3,2.0252338280782265,1,0,0.492706833592839,3
541,1,-0.24814679434461676,0.6210857315226723,0.922900194137478,-0.410275733196939,2,-0.6682574493739278,0,1,-1.056549923437036,0
542,6,0.23335064888652038,1.3893392220629235,1.261485067070753,-1.4927330336371867,1,-0.6682574493739278,1,0,0.5304935837642993,3
543,2,0.9902500388142728,-0.3176240022311628,-1.2065131031055278,1.5837245570877276,2,-0.6682574493739278,0,0,-0.8298294224082737,1
544,11,-1.7838318216197984,-1.4067833778824486,-0.6231680810638615,0.1594386354558229,0,-0.6682574493739278,1,0,-0.8298294224082737,2
545,15,1.2547088618011146,0.6610989341549391,0.11927103789825937,-0.3533042963316628,4,1.0745898478009956,0,1,-1.0943366736084963,2
546,10,-0.17336878232770134,-0.10715455638531189,-0.9576736181786631,0.6721815672433087,3,0.12394586752376466,0,0,1.3618020875364274,1
547,6,0.23335064888652038,1.3893392220629235,-1.4961459462171245,0.9570387515696896,1,-0.6682574493739278,1,0,0.039265831535314634,1
548,4,0.30995251485512954,0.3914099484132469,0.1029536946243666,-0.3533042963316628,3,2.183674491457765,0,1,0.9461478356503634,2
549,9,1.3623162449474802,-0.524092127813878,0.049922328984215114,0.38732438291692767,0,-0.6682574493739278,0,0,1.5507358383937293,2
550,15,1.2547088618011146,0.6610989341549391,1.4164998281727341,-1.4927330336371867,3,-0.19293545923531236,0,1,-1.2832704244657982,3
551,14,0.9264151505071309,0.868367323790327,0.837234141949541,-1.036961538714977,4,-0.03449479585577385,0,0,-1.0187631732655755,3
552,8,0.6510132038105156,-0.21519020349247783,-1.3003378269304111,0.10246719859054672,4,0.5992678576623801,1,0,-1.2076969241228774,2
553,1,-0.24814679434461676,0.6210857315226723,1.0942322985133521,-1.4357615967719104,0,-0.6682574493739278,1,0,-0.9809764230941153,3
554,1,-0.24814679434461676,0.6210857315226723,1.3757064699880022,-1.4927330336371867,2,-0.6682574493739278,1,0,-1.2832704244657982,3
555,1,-0.24814679434461676,0.6210857315226723,-0.5130260139650853,0.9000673147044134,1,-0.6682574493739278,0,0,0.7194273346216012,1
556,9,1.3623162449474802,-0.524092127813878,0.7801234404909163,-0.9799901018497009,3,0.4408271942828417,0,0,-1.4344174251516395,3
557,9,1.3623162449474802,-0.524092127813878,-1.2677031403826258,0.10246719859054672,4,0.12394586752376466,1,1,-1.056549923437036,2
558,7,-0.383111986765481,-1.2515321516691895,-0.4559153125064606,-0.011475675140005663,1,-0.6682574493739278,1,1,1.2484418370220463,2
559,4,0.30995251485512954,0.3914099484132469,-1.6266846924082665,1.2988673727613467,4,1.7083525013191496,0,1,0.908361085478903,1
560,13,-0.12047701773033298,0.5410593262580249,0.25388911990787466,0.2164100723210991,2,-0.6682574493739278,0,1,1.3618020875364274,2
561,7,-0.383111986765481,-1.2515321516691895,0.7474887539431309,-0.9230186649844248,3,1.2330305111805342,0,1,1.5885225885651897,0
562,10,-0.17336878232770134,-0.10715455638531189,-1.2065131031055278,0.9000673147044134,3,0.2823865309033032,0,1,1.62630933873665,1
563,5,-0.47612853829875046,-1.599647014570184,-1.1575610732838495,0.6721815672433087,2,-0.6682574493739278,1,0,1.512949088222269,1
564,14,0.9264151505071309,0.868367323790327,-1.1004503718252248,1.4697816833571753,0,-0.6682574493739278,0,0,0.492706833592839,1
565,5,-0.47612853829875046,-1.599647014570184,-0.8393728794429406,0.5582386935127562,3,-0.19293545923531236,0,0,0.7950008349645219,1
566,4,0.30995251485512954,0.3914099484132469,0.21309576172314276,-0.5811900437927676,1,-0.6682574493739278,1,0,0.4171333332499183,0
567,7,-0.383111986765481,-1.2515321516691895,1.7428466936505895,-1.1509044124455294,1,-0.6682574493739278,0,0,-0.6408956715509719,3
568,2,0.9902500388142728,-0.3176240022311628,1.7142913429212772,-1.4927330336371867,4,2.3421151548373036,0,0,0.6060670841072201,3
569,14,0.9264151505071309,0.868367323790327,-1.5369393044018562,1.8685817414141086,1,-0.6682574493739278,0,0,0.15262608204969574,1
570,13,-0.12047701773033298,0.5410593262580249,1.3797858058064754,-0.8660472281191486,2,-0.6682574493739278,0,0,-0.48974867086513046,3
571,13,-0.12047701773033298,0.5410593262580249,-0.5456607005128709,-0.5811900437927676,3,0.4408271942828417,1,0,-0.7164691718938927,0
572,4,0.30995251485512954,0.3914099484132469,-1.553256647675749,1.0140101884349657,0,-0.6682574493739278,1,0,1.2484418370220463,1
573,4,0.30995251485512954,0.3914099484132469,-1.2880998194749915,0.9570387515696896,4,1.3914711745600725,0,0,0.3793465830784579,1
574,14,0.9264151505071309,0.868367323790327,-0.827134871987521,1.2418959358960706,1,-0.6682574493739278,0,1,0.22819958239261645,1
575,13,-0.12047701773033298,0.5410593262580249,-0.6843581183409593,0.38732438291692767,3,2.3421151548373036,0,1,-1.6989246763518622,2
576,12,-2.008165857670674,1.9735319804944969,1.4368965072651,-0.8660472281191486,0,-0.6682574493739278,0,0,1.6640960889081102,3
577,2,0.9902500388142728,-0.3176240022311628,1.4287378356281537,-1.4927330336371867,1,-0.6682574493739278,1,0,0.22819958239261645,3
578,15,1.2547088618011146,0.6610989341549391,-0.09285442466234659,0.5582386935127562,2,-0.6682574493739278,0,0,-0.5275354210365908,1
579,9,1.3623162449474802,-0.524092127813878,-1.483907938761705,1.8116103045488325,0,-0.6682574493739278,0,0,0.11483933187823536,1
580,9,1.3623162449474802,-0.524092127813878,0.2498097840894015,0.2164100723210991,1,-0.6682574493739278,0,1,-0.1496679193219872,2
581,1,-0.24814679434461676,0.6210857315226723,1.4246584998096805,-0.8660472281191486,0,-0.6682574493739278,0,0,-0.18745466949344755,3
582,13,-0.12047701773033298,0.5410593262580249,-1.14532306582843,1.5267531202224516,2,-0.6682574493739278,0,0,-0.7920426722368133,1
583,9,1.3623162449474802,-0.524092127813878,-1.6715573864114717,1.982524615144661,1,-0.6682574493739278,0,0,0.908361085478903,1
584,15,1.2547088618011146,0.6610989341549391,-1.0107049838188147,0.7291530041085849,4,0.12394586752376466,0,1,1.0217213359932842,1
585,12,-2.008165857670674,1.9735319804944969,1.0575182761470934,-0.5242186069274913,0,-0.6682574493739278,0,1,0.3037730827355372,3
586,0,0.6473654959072578,0.16733601367230244,-0.37432859613699676,0.786124440973861,1,-0.6682574493739278,0,0,-0.11188116915052682,1
587,5,-0.47612853829875046,-1.599647014570184,-0.5538193721498172,0.27338150918637527,4,1.866793164698688,0,0,-0.18745466949344755,2
588,13,-0.12047701773033298,0.5410593262580249,-0.7169928048887448,0.27338150918637527,0,-0.6682574493739278,1,0,0.5682803339357597,2
589,11,-1.7838318216197984,-1.4067833778824486,1.008566246325415,-0.4672471700622152,0,-0.6682574493739278,0,0,-1.2076969241228774,3
590,2,0.9902500388142728,-0.3176240022311628,1.4205791639912073,-1.4927330336371867,3,-0.03449479585577385,0,0,0.5304935837642993,3
591,10,-0.17336878232770134,-0.10715455638531189,-0.33353523795226486,0.04549576172527053,3,0.12394586752376466,0,0,1.7018828390795706,2
592,14,0.9264151505071309,0.868367323790327,-0.6965961257963789,0.2164100723210991,1,-0.6682574493739278,1,0,0.11483933187823536,2
593,2,0.9902500388142728,-0.3176240022311628,1.2370090521599137,-1.4927330336371867,4,0.5992678576623801,1,1,-1.056549923437036,3
594,13,-0.12047701773033298,0.5410593262580249,-1.443114580576973,1.8116103045488325,0,-0.6682574493739278,0,0,1.324015337364967,1
595,2,0.9902500388142728,-0.3176240022311628,1.34715111925869,-0.8090757912538723,2,-0.6682574493739278,0,0,0.5682803339357597,3
596,0,0.6473654959072578,0.16733601367230244,0.4170625526468023,-0.8090757912538723,0,-0.6682574493739278,1,1,1.5885225885651897,0
597,7,-0.383111986765481,-1.2515321516691895,1.0248835895993078,-0.5242186069274913,2,-0.6682574493739278,0,0,-0.7164691718938927,3
598,13,-0.12047701773033298,0.5410593262580249,0.5394426272009981,-0.06844711200528185,2,-0.6682574493739278,0,0,-0.6408956715509719,2
599,11,-1.7838318216197984,-1.4067833778824486,0.4700939182869538,-0.69513291752332,3,0.7577085210419187,0,1,0.22819958239261645,0
600,13,-0.12047701773033298,0.5410593262580249,-1.039260334548127,-0.12541854887055803,4,1.3914711745600725,1,0,-1.0187631732655755,2
601,5,-0.47612853829875046,-1.599647014570184,-1.512463289491017,1.1849244990307943,4,0.2823865309033032,0,1,-0.4519619206936701,1
602,3,-1.4828959196003133,-1.3459633098813757,-0.9739909614525559,0.6721815672433087,3,2.183674491457765,0,0,0.908361085478903,1
603,15,1.2547088618011146,0.6610989341549391,0.033604985710322346,-1.1509044124455294,4,2.183674491457765,1,0,-1.2454836742943378,3
604,4,0.30995251485512954,0.3914099484132469,0.7107747315768721,-1.0939329755802534,2,-0.6682574493739278,1,0,-1.4344174251516395,3
605,12,-2.008165857670674,1.9735319804944969,1.5959906041855545,-1.4927330336371867,4,0.7577085210419187,0,0,1.4373755878793482,3
606,0,0.6473654959072578,0.16733601367230244,-0.06837840975150744,0.5012672566474801,2,-0.6682574493739278,0,0,0.8705743353074427,1
607,8,0.6510132038105156,-0.21519020349247783,-0.5048673423281389,0.9000673147044134,2,-0.6682574493739278,0,0,-0.48974867086513046,1
608,8,0.6510132038105156,-0.21519020349247783,-0.827134871987521,-0.2963328594663866,4,0.7577085210419187,1,0,-0.338601670179289,2
609,9,1.3623162449474802,-0.524092127813878,0.8413134777680142,-1.036961538714977,4,0.5992678576623801,0,0,1.1728683366791255,3
610,8,0.6510132038105156,-0.21519020349247783,0.7107747315768721,-0.9230186649844248,4,-0.35137612261485085,0,1,1.3995888377078878,0
611,13,-0.12047701773033298,0.5410593262580249,-1.7123507445962036,0.5012672566474801,4,0.7577085210419187,1,1,1.2862285871935066,1
612,14,0.9264151505071309,0.868367323790327,-0.07245774556998062,0.5012672566474801,1,-0.6682574493739278,0,0,-0.5275354210365908,1
613,11,-1.7838318216197984,-1.4067833778824486,1.5674352534562424,-1.036961538714977,2,-0.6682574493739278,0,0,0.8705743353074427,3
614,13,-0.12047701773033298,0.5410593262580249,1.2166123730675478,-0.69513291752332,1,-0.6682574493739278,0,0,-0.5275354210365908,3
615,3,-1.4828959196003133,-1.3459633098813757,-0.7169928048887448,1.1279530621655183,1,-0.6682574493739278,0,1,0.0014790813638542722,1
616,11,-1.7838318216197984,-1.4067833778824486,1.0004075746884686,-0.4672471700622152,2,-0.6682574493739278,0,0,-0.2630281698363683,3
617,5,-0.47612853829875046,-1.599647014570184,0.3762691944620704,-0.5811900437927676,3,-0.5098167859943894,0,0,0.3037730827355372,0
618,6,0.23335064888652038,1.3893392220629235,1.4899278729052516,-1.4927330336371867,4,2.183674491457765,0,1,-1.5477776756660206,3
619,9,1.3623162449474802,-0.524092127813878,-0.847531551079887,0.5582386935127562,4,0.5992678576623801,0,0,0.6060670841072201,1
620,7,-0.383111986765481,-1.2515321516691895,1.1023909701502985,-0.5811900437927676,2,-0.6682574493739278,0,0,1.324015337364967,3
621,2,0.9902500388142728,-0.3176240022311628,-0.5171053497835585,0.9000673147044134,1,-0.6682574493739278,0,0,-0.8676161725797341,1
622,7,-0.383111986765481,-1.2515321516691895,-0.23971051412738148,0.6721815672433087,1,-0.6682574493739278,0,0,-0.7920426722368133,1
623,10,-0.17336878232770134,-0.10715455638531189,-1.3656072000259822,1.0140101884349657,4,2.3421151548373036,0,0,1.512949088222269,1
624,0,0.6473654959072578,0.16733601367230244,-0.10101309629929296,-0.12541854887055803,3,0.5992678576623801,0,0,-0.4519619206936701,2
625,2,0.9902500388142728,-0.3176240022311628,1.669418648918072,-1.4927330336371867,4,2.183674491457765,1,0,0.908361085478903,3
626,3,-1.4828959196003133,-1.3459633098813757,-1.0107049838188147,1.4128102464918992,2,-0.6682574493739278,0,1,-0.6786824217224323,1
627,11,-1.7838318216197984,-1.4067833778824486,-1.0351809987296539,0.7291530041085849,3,1.7083525013191496,0,0,1.3618020875364274,1
628,9,1.3623162449474802,-0.524092127813878,-0.32945590213379167,0.7291530041085849,1,-0.6682574493739278,0,0,0.1904128322211561,1
629,6,0.23335064888652038,1.3893392220629235,-0.1785204768502836,-0.23936142260111043,1,-0.6682574493739278,1,0,-1.0943366736084963,2
630,1,-0.24814679434461676,0.6210857315226723,0.6985367241214525,-0.8660472281191486,3,0.5992678576623801,0,0,0.34155983290699754,0
631,15,1.2547088618011146,0.6610989341549391,-1.6674780505929985,1.2988673727613467,3,0.4408271942828417,0,1,0.5682803339357597,1
632,13,-0.12047701773033298,0.5410593262580249,0.368110522825124,0.10246719859054672,2,-0.6682574493739278,0,0,1.2484418370220463,2
633,15,1.2547088618011146,0.6610989341549391,-1.594050005860481,1.2418959358960706,3,-0.35137612261485085,0,1,1.097294836336205,1
634,15,1.2547088618011146,0.6610989341549391,-0.20299649176112275,-0.9230186649844248,4,2.500555818216842,1,1,-0.30081492000782867,0
635,14,0.9264151505071309,0.868367323790327,0.2375717766339819,0.2164100723210991,2,-0.6682574493739278,0,1,0.5304935837642993,2
636,13,-0.12047701773033298,0.5410593262580249,-1.7164300804146768,1.355838809626623,3,1.866793164698688,0,0,-1.1321234237799567,1
637,1,-0.24814679434461676,0.6210857315226723,0.27020646318176744,0.2164100723210991,0,-0.6682574493739278,0,0,-0.11188116915052682,2
638,5,-0.47612853829875046,-1.599647014570184,-0.03166438738524872,-0.3533042963316628,2,-0.6682574493739278,1,1,-0.48974867086513046,2
639,5,-0.47612853829875046,-1.599647014570184,-1.0311016629111807,0.5582386935127562,2,-0.6682574493739278,1,0,0.0014790813638542722,1
640,2,0.9902500388142728,-0.3176240022311628,-1.2432271254717866,0.04549576172527053,3,-0.35137612261485085,1,1,0.11483933187823536,2
641,12,-2.008165857670674,1.9735319804944969,-1.5043046178540707,1.0140101884349657,2,-0.6682574493739278,1,0,0.9461478356503634,1
642,15,1.2547088618011146,0.6610989341549391,-0.7292308123441644,1.1279530621655183,0,-0.6682574493739278,0,0,0.8327875851359823,1
643,2,0.9902500388142728,-0.3176240022311628,1.4532138505389929,-0.9230186649844248,0,-0.6682574493739278,0,0,0.4171333332499183,3
644,10,-0.17336878232770134,-0.10715455638531189,0.8657894926788534,-0.3533042963316628,0,-0.6682574493739278,0,0,-0.7920426722368133,2
645,15,1.2547088618011146,0.6610989341549391,-0.0071883724744095665,-0.23936142260111043,3,1.7083525013191496,0,0,1.4751623380508085,2
646,2,0.9902500388142728,-0.3176240022311628,-0.11325110375471253,-0.2963328594663866,0,-0.6682574493739278,1,0,0.3037730827355372,2
647,14,0.9264151505071309,0.868367323790327,-1.3941625507552946,0.9000673147044134,2,-0.6682574493739278,1,0,1.3618020875364274,1
648,7,-0.383111986765481,-1.2515321516691895,-0.33353523795226486,0.7291530041085849,0,-0.6682574493739278,0,1,-1.6989246763518622,1
649,3,-1.4828959196003133,-1.3459633098813757,1.1635810074273962,-1.321818723041358,3,2.0252338280782265,0,0,0.8327875851359823,3
650,3,-1.4828959196003133,-1.3459633098813757,-0.7781828421658428,0.5012672566474801,3,2.183674491457765,0,0,1.4373755878793482,1
651,12,-2.008165857670674,1.9735319804944969,-0.08877508884387339,-0.18238998573583423,3,1.3914711745600725,0,0,-0.07409441897906646,2
652,13,-0.12047701773033298,0.5410593262580249,1.4491345147205197,-1.4927330336371867,4,0.9161491844214572,0,0,0.0014790813638542722,3
653,6,0.23335064888652038,1.3893392220629235,0.5394426272009981,-0.06844711200528185,1,-0.6682574493739278,0,0,-1.5099909254945603,2
654,4,0.30995251485512954,0.3914099484132469,-0.18667914848723,-0.06844711200528185,4,0.5992678576623801,0,0,-0.2252414196649079,2
655,15,1.2547088618011146,0.6610989341549391,-0.8597695585353066,0.5582386935127562,3,0.7577085210419187,0,0,-1.6233511760089414,1
656,11,-1.7838318216197984,-1.4067833778824486,0.20493709008619637,-0.5811900437927676,2,-0.6682574493739278,1,0,1.4373755878793482,0
657,0,0.6473654959072578,0.16733601367230244,-1.3778452074814018,1.7546388676835563,0,-0.6682574493739278,0,0,-1.358843924808719,1
658,0,0.6473654959072578,0.16733601367230244,1.5062452161791444,-0.9799901018497009,2,-0.6682574493739278,0,1,0.492706833592839,3
659,2,0.9902500388142728,-0.3176240022311628,-1.0025463121818683,0.6721815672433087,3,-0.35137612261485085,0,0,1.3995888377078878,1
660,0,0.6473654959072578,0.16733601367230244,-0.6884374541594325,0.38732438291692767,4,1.7083525013191496,0,0,-0.07409441897906646,2
661,14,0.9264151505071309,0.868367323790327,-0.8516108868983602,0.5582386935127562,4,0.5992678576623801,0,1,1.7018828390795706,1
662,15,1.2547088618011146,0.6610989341549391,-0.2193138350350155,0.6721815672433087,2,-0.6682574493739278,0,1,1.3995888377078878,1
663,13,-0.12047701773033298,0.5410593262580249,-1.5043046178540707,1.1849244990307943,4,1.2330305111805342,0,0,0.7572140847930615,1
664,8,0.6510132038105156,-0.21519020349247783,-1.594050005860481,1.9255531782793849,0,-0.6682574493739278,0,1,0.8705743353074427,1
665,9,1.3623162449474802,-0.524092127813878,0.9800108955961028,-0.4672471700622152,0,-0.6682574493739278,0,0,-0.4519619206936701,3
666,6,0.23335064888652038,1.3893392220629235,1.200295029793655,-0.69513291752332,2,-0.6682574493739278,0,0,-1.6989246763518622,3
667,12,-2.008165857670674,1.9735319804944969,-0.7251514765256912,0.4442958197822039,3,1.0745898478009956,0,0,0.6060670841072201,2
668,5,-0.47612853829875046,-1.599647014570184,0.8413134777680142,-0.3533042963316628,0,-0.6682574493739278,0,0,-1.1321234237799567,2
669,7,-0.383111986765481,-1.2515321516691895,-0.10917176793623935,0.5582386935127562,2,-0.6682574493739278,0,0,-0.48974867086513046,1
670,1,-0.24814679434461676,0.6210857315226723,0.0050496349810100075,-0.410275733196939,1,-0.6682574493739278,1,0,0.45492008342137863,0
671,12,-2.008165857670674,1.9735319804944969,0.3762691944620704,0.10246719859054672,2,-0.6682574493739278,0,1,-1.4344174251516395,2
672,14,0.9264151505071309,0.868367323790327,-0.21115516339806914,-0.23936142260111043,2,-0.6682574493739278,1,0,0.22819958239261645,2
673,0,0.6473654959072578,0.16733601367230244,-1.0514983420035466,0.7291530041085849,3,0.5992678576623801,0,0,1.097294836336205,1
674,1,-0.24814679434461676,0.6210857315226723,-0.9862289689079755,1.355838809626623,0,-0.6682574493739278,0,0,1.6640960889081102,1
675,7,-0.383111986765481,-1.2515321516691895,0.28244447063718703,-0.69513291752332,2,-0.6682574493739278,1,1,-0.338601670179289,0
676,9,1.3623162449474802,-0.524092127813878,1.4164998281727341,-0.8660472281191486,0,-0.6682574493739278,0,1,0.039265831535314634,3
677,11,-1.7838318216197984,-1.4067833778824486,-1.2350684538348402,0.7291530041085849,0,-0.6682574493739278,1,0,0.11483933187823536,1
678,6,0.23335064888652038,1.3893392220629235,-0.6517234317931738,0.2164100723210991,2,-0.6682574493739278,1,0,-0.8676161725797341,2
679,9,1.3623162449474802,-0.524092127813878,-0.9862289689079755,1.355838809626623,0,-0.6682574493739278,0,1,-1.4722041753230999,1
680,9,1.3623162449474802,-0.524092127813878,-1.1820370881946887,0.8430958778391372,3,0.4408271942828417,0,1,1.097294836336205,1
681,7,-0.383111986765481,-1.2515321516691895,0.837234141949541,-1.036961538714977,3,1.0745898478009956,0,0,0.9839345858218238,3
682,5,-0.47612853829875046,-1.599647014570184,-0.34577324540768445,0.786124440973861,0,-0.6682574493739278,0,0,1.4373755878793482,1
683,7,-0.383111986765481,-1.2515321516691895,0.025446314073375963,0.4442958197822039,1,-0.6682574493739278,0,1,-1.585564425837481,2
684,2,0.9902500388142728,-0.3176240022311628,1.241088387978387,-0.69513291752332,0,-0.6682574493739278,0,0,1.1728683366791255,3
685,14,0.9264151505071309,0.868367323790327,-0.7700241705288964,-0.3533042963316628,4,1.0745898478009956,1,0,1.7018828390795706,2
686,10,-0.17336878232770134,-0.10715455638531189,-1.6552400431375789,0.4442958197822039,3,0.2823865309033032,1,0,-1.3966306749801791,2
687,10,-0.17336878232770134,-0.10715455638531189,0.6985367241214525,-0.8660472281191486,3,1.549911837939611,0,1,-1.2076969241228774,0
688,9,1.3623162449474802,-0.524092127813878,1.3512304550771632,-1.4927330336371867,4,-0.03449479585577385,0,1,-0.036307668807606094,3
689,0,0.6473654959072578,0.16733601367230244,0.8127581270387019,-0.9799901018497009,4,2.500555818216842,0,1,-1.358843924808719,3
690,14,0.9264151505071309,0.868367323790327,-0.2274725066719619,0.6721815672433087,2,-0.6682574493739278,0,0,0.45492008342137863,1
691,0,0.6473654959072578,0.16733601367230244,0.9759315597776296,-0.4672471700622152,1,-0.6682574493739278,0,0,-1.169910173951417,3
692,7,-0.383111986765481,-1.2515321516691895,-0.37840793195546996,0.786124440973861,1,-0.6682574493739278,0,1,0.7950008349645219,1
693,2,0.9902500388142728,-0.3176240022311628,0.5924739928411495,-0.8090757912538723,4,0.5992678576623801,0,0,0.11483933187823536,0
694,11,-1.7838318216197984,-1.4067833778824486,-0.42735996177714825,-0.011475675140005663,0,-0.6682574493739278,1,0,-1.4344174251516395,2
695,9,1.3623162449474802,-0.524092127813878,-1.3003378269304111,1.640695993953004,0,-0.6682574493739278,0,0,1.1728683366791255,1
696,15,1.2547088618011146,0.6610989341549391,1.7061326712843308,-1.4927330336371867,4,2.500555818216842,0,0,0.45492008342137863,3
697,2,0.9902500388142728,-0.3176240022311628,-1.4186385656661338,1.7546388676835563,0,-0.6682574493739278,0,0,1.4373755878793482,1
698,12,-2.008165857670674,1.9735319804944969,1.135025656698084,-1.321818723041358,3,0.5992678576623801,0,0,1.2862285871935066,3
699,15,1.2547088618011146,0.6610989341549391,1.3145164327109045,-1.4357615967719104,4,1.3914711745600725,0,0,-0.30081492000782867,3
700,0,0.6473654959072578,0.16733601367230244,0.7230127390322917,-0.9230186649844248,3,-0.5098167859943894,0,0,0.34155983290699754,0
701,5,-0.47612853829875046,-1.599647014570184,-0.6802787825224861,1.070981625300242,2,-0.6682574493739278,0,0,-0.3763884203507494,1
702,1,-0.24814679434461676,0.6210857315226723,0.12335037371673256,0.3303529460516515,1,-0.6682574493739278,0,0,1.0217213359932842,2
703,5,-0.47612853829875046,-1.599647014570184,0.44969723919458787,0.04549576172527053,0,-0.6682574493739278,0,0,-0.2252414196649079,2
704,10,-0.17336878232770134,-0.10715455638531189,1.7224500145582236,-1.4927330336371867,1,-0.6682574493739278,1,0,0.4171333332499183,3
705,15,1.2547088618011146,0.6610989341549391,-0.7088341332517984,1.1279530621655183,2,-0.6682574493739278,0,1,1.4373755878793482,1
706,10,-0.17336878232770134,-0.10715455638531189,-1.3125758343858307,1.640695993953004,1,-0.6682574493739278,0,0,1.4373755878793482,1
707,12,-2.008165857670674,1.9735319804944969,-0.2682658648566938,0.6721815672433087,2,-0.6682574493739278,0,0,0.15262608204969574,1
708,5,-0.47612853829875046,-1.599647014570184,-0.7088341332517984,1.1279530621655183,1,-0.6682574493739278,0,1,1.0595080861647446,1
709,5,-0.47612853829875046,-1.599647014570184,-1.3452105209336163,1.0140101884349657,3,1.866793164698688,0,0,-0.6031089213795116,1
710,13,-0.12047701773033298,0.5410593262580249,-1.2024337672870546,0.9000673147044134,3,0.7577085210419187,0,0,-0.9054029227511945,1
711,14,0.9264151505071309,0.868367323790327,-1.7041920729592572,1.355838809626623,4,1.0745898478009956,0,0,-1.2832704244657982,1
712,1,-0.24814679434461676,0.6210857315226723,-0.7047547974333253,1.1279530621655183,2,-0.6682574493739278,0,1,-0.6408956715509719,1
713,10,-0.17336878232770134,-0.10715455638531189,-1.084133028551332,1.4697816833571753,0,-0.6682574493739278,0,0,0.15262608204969574,1
714,13,-0.12047701773033298,0.5410593262580249,-1.0025463121818683,0.5012672566474801,0,-0.6682574493739278,1,0,0.07705258170677501,1
715,12,-2.008165857670674,1.9735319804944969,-0.30090055140447935,0.04549576172527053,3,2.183674491457765,0,0,0.7950008349645219,2
716,7,-0.383111986765481,-1.2515321516691895,-1.0514983420035466,1.4128102464918992,1,-0.6682574493739278,0,0,-0.8676161725797341,1
717,8,0.6510132038105156,-0.21519020349247783,0.14374705280909852,-0.3533042963316628,4,2.0252338280782265,0,0,0.45492008342137863,2
718,13,-0.12047701773033298,0.5410593262580249,-1.4920666103986513,0.27338150918637527,4,-0.03449479585577385,1,0,1.1728683366791255,2
719,2,0.9902500388142728,-0.3176240022311628,0.2375717766339819,0.2164100723210991,1,-0.6682574493739278,0,0,-0.7164691718938927,2
720,2,0.9902500388142728,-0.3176240022311628,-1.6919540655038376,1.355838809626623,3,1.2330305111805342,0,0,-0.11188116915052682,1
721,4,0.30995251485512954,0.3914099484132469,-1.1534817374653763,0.6721815672433087,1,-0.6682574493739278,1,0,-1.6233511760089414,1
722,15,1.2547088618011146,0.6610989341549391,-1.1412437300099567,1.5267531202224516,2,-0.6682574493739278,0,0,0.908361085478903,1
723,3,-1.4828959196003133,-1.3459633098813757,-0.76186549889195,0.4442958197822039,4,2.500555818216842,0,0,-0.41417517052220976,2
724,12,-2.008165857670674,1.9735319804944969,-0.04390239484066829,-0.3533042963316628,1,-0.6682574493739278,1,0,1.0595080861647446,2
725,9,1.3623162449474802,-0.524092127813878,-0.17036180521333721,-0.23936142260111043,2,-0.6682574493739278,1,0,1.5507358383937293,2
726,4,0.30995251485512954,0.3914099484132469,1.5307212310899836,-1.4927330336371867,4,0.9161491844214572,1,1,1.0595080861647446,3
727,13,-0.12047701773033298,0.5410593262580249,-0.035743723203721905,-0.18238998573583423,4,-0.03449479585577385,0,0,-0.2630281698363683,2
728,7,-0.383111986765481,-1.2515321516691895,1.0656769477840398,-0.5242186069274913,2,-0.6682574493739278,0,0,-0.6786824217224323,3
729,13,-0.12047701773033298,0.5410593262580249,-0.4967086706911925,0.9000673147044134,0,-0.6682574493739278,0,1,0.11483933187823536,1
730,2,0.9902500388142728,-0.3176240022311628,0.49864926901626616,-1.4927330336371867,4,2.0252338280782265,1,0,-0.30081492000782867,3
731,11,-1.7838318216197984,-1.4067833778824486,1.3553097908956364,-0.8090757912538723,0,-0.6682574493739278,0,1,1.5507358383937293,3
732,8,0.6510132038105156,-0.21519020349247783,-0.9046422525385116,1.2988673727613467,2,-0.6682574493739278,0,0,-0.9431896729226549,1
733,5,-0.47612853829875046,-1.599647014570184,0.8127581270387019,-0.9799901018497009,4,1.549911837939611,0,0,-1.4722041753230999,3
734,7,-0.383111986765481,-1.2515321516691895,-0.8801662376276725,1.2418959358960706,2,-0.6682574493739278,0,1,0.3793465830784579,1
735,2,0.9902500388142728,-0.3176240022311628,-0.13364778284707848,0.5582386935127562,2,-0.6682574493739278,0,0,-1.4722041753230999,1
736,3,-1.4828959196003133,-1.3459633098813757,1.5225625594530372,-0.9799901018497009,0,-0.6682574493739278,0,0,-0.9431896729226549,3
737,11,-1.7838318216197984,-1.4067833778824486,0.8453928135864874,-1.036961538714977,3,1.0745898478009956,0,0,-1.6611379261804018,3
738,8,0.6510132038105156,-0.21519020349247783,-0.5211846856020317,0.9570387515696896,2,-0.6682574493739278,0,0,-0.11188116915052682,1
739,0,0.6473654959072578,0.16733601367230244,0.21717509754161596,0.2164100723210991,0,-0.6682574493739278,0,1,-1.4344174251516395,2
740,5,-0.47612853829875046,-1.599647014570184,-0.01942637992982914,0.4442958197822039,2,-0.6682574493739278,0,0,-0.7920426722368133,2
741,4,0.30995251485512954,0.3914099484132469,1.2981990894370117,-1.4357615967719104,3,0.12394586752376466,0,0,0.7572140847930615,3
742,11,-1.7838318216197984,-1.4067833778824486,1.0248835895993078,-1.3787901599066343,0,-0.6682574493739278,1,0,-1.3210571746372586,3
743,15,1.2547088618011146,0.6610989341549391,0.6536640301182475,-1.036961538714977,2,-0.6682574493739278,1,0,-0.6786824217224323,3
744,9,1.3623162449474802,-0.524092127813878,-1.3125758343858307,1.640695993953004,1,-0.6682574493739278,0,0,-0.5275354210365908,1
745,15,1.2547088618011146,0.6610989341549391,-1.2473064612902598,0.7291530041085849,2,-0.6682574493739278,1,0,1.3995888377078878,1
746,1,-0.24814679434461676,0.6210857315226723,0.3803485302805436,-0.5811900437927676,3,0.5992678576623801,0,1,-0.18745466949344755,0
747,12,-2.008165857670674,1.9735319804944969,-1.149402401646903,0.8430958778391372,4,-0.19293545923531236,0,1,-1.169910173951417,1
748,0,0.6473654959072578,0.16733601367230244,-1.4675905954878121,1.8116103045488325,0,-0.6682574493739278,0,0,0.8327875851359823,1
749,3,-1.4828959196003133,-1.3459633098813757,0.6862987166660329,-0.8660472281191486,4,0.12394586752376466,0,1,0.22819958239261645,0
750,2,0.9902500388142728,-0.3176240022311628,1.6979739996473844,-1.1509044124455294,0,-0.6682574493739278,0,0,-0.9809764230941153,3
751,4,0.30995251485512954,0.3914099484132469,-1.0351809987296539,1.4128102464918992,0,-0.6682574493739278,0,0,-1.5477776756660206,1
752,14,0.9264151505071309,0.868367323790327,-0.9291182674493508,1.2988673727613467,0,-0.6682574493739278,0,0,0.5682803339357597,1
753,4,0.30995251485512954,0.3914099484132469,1.0330422612362542,-0.5242186069274913,0,-0.6682574493739278,0,0,0.5682803339357597,3
754,6,0.23335064888652038,1.3893392220629235,0.8249961344941215,-0.9799901018497009,3,0.9161491844214572,0,0,-0.5653221712080512,3
755,13,-0.12047701773033298,0.5410593262580249,-0.13364778284707848,-0.12541854887055803,4,1.0745898478009956,0,0,0.26598633256407683,2
756,1,-0.24814679434461676,0.6210857315226723,-1.6022086774974273,1.9255531782793849,1,-0.6682574493739278,0,0,1.4373755878793482,1
757,14,0.9264151505071309,0.868367323790327,-1.1657197449207959,1.5267531202224516,0,-0.6682574493739278,0,0,1.1728683366791255,1
758,14,0.9264151505071309,0.868367323790327,1.2737230745261725,-1.4357615967719104,4,0.12394586752376466,0,0,-0.8298294224082737,3
759,6,0.23335064888652038,1.3893392220629235,0.7026160599399257,-1.4927330336371867,4,2.500555818216842,1,0,-1.2454836742943378,3
760,5,-0.47612853829875046,-1.599647014570184,-0.8230555361690478,1.1849244990307943,0,-0.6682574493739278,0,0,0.492706833592839,1
761,2,0.9902500388142728,-0.3176240022311628,0.7556474255800772,-0.23936142260111043,1,-0.6682574493739278,0,1,1.0595080861647446,2
762,1,-0.24814679434461676,0.6210857315226723,0.09071568716894703,0.38732438291692767,0,-0.6682574493739278,0,1,0.45492008342137863,2
763,12,-2.008165857670674,1.9735319804944969,-1.2921791552934647,0.786124440973861,0,-0.6682574493739278,1,1,0.1904128322211561,1
764,4,0.30995251485512954,0.3914099484132469,-0.4192012901402019,0.8430958778391372,2,-0.6682574493739278,0,0,-0.036307668807606094,1
765,0,0.6473654959072578,0.16733601367230244,1.114628977605718,-1.4927330336371867,4,1.3914711745600725,1,1,0.15262608204969574,3
766,2,0.9902500388142728,-0.3176240022311628,0.5272046197455785,-0.9230186649844248,2,-0.6682574493739278,1,1,-1.4722041753230999,0
767,13,-0.12047701773033298,0.5410593262580249,-0.06021973811456105,-0.18238998573583423,3,1.866793164698688,0,0,-1.585564425837481,2
768,13,-0.12047701773033298,0.5410593262580249,-0.3172178946783721,0.04549576172527053,3,0.12394586752376466,0,1,-0.6031089213795116,2
769,1,-0.24814679434461676,0.6210857315226723,-1.6919540655038376,1.1849244990307943,0,-0.6682574493739278,1,0,-0.6786824217224323,1
770,2,0.9902500388142728,-0.3176240022311628,-0.5130260139650853,0.9000673147044134,2,-0.6682574493739278,0,0,1.135081586507665,1
771,5,-0.47612853829875046,-1.599647014570184,-1.1779577523762155,0.8430958778391372,3,0.12394586752376466,0,0,-0.11188116915052682,1
772,9,1.3623162449474802,-0.524092127813878,1.6612599772811256,-1.4927330336371867,3,0.12394586752376466,1,0,-1.5477776756660206,3
773,12,-2.008165857670674,1.9735319804944969,-1.0147843196372879,1.4128102464918992,1,-0.6682574493739278,0,0,0.6816405844501409,1
774,10,-0.17336878232770134,-0.10715455638531189,0.5435219630194713,-1.4927330336371867,4,1.549911837939611,1,1,-0.9054029227511945,3
775,0,0.6473654959072578,0.16733601367230244,-0.4518359766879874,0.8430958778391372,2,-0.6682574493739278,0,0,-1.0187631732655755,1
776,15,1.2547088618011146,0.6610989341549391,-1.0270223270927075,1.4128102464918992,2,-0.6682574493739278,0,1,-0.9054029227511945,1
777,10,-0.17336878232770134,-0.10715455638531189,-1.190195759831635,1.5267531202224516,2,-0.6682574493739278,0,0,-0.30081492000782867,1
778,2,0.9902500388142728,-0.3176240022311628,1.6408632981887596,-1.0939329755802534,0,-0.6682574493739278,0,0,0.8327875851359823,3
779,1,-0.24814679434461676,0.6210857315226723,-1.6470813715006325,1.982524615144661,0,-0.6682574493739278,0,0,1.324015337364967,1
780,12,-2.008165857670674,1.9735319804944969,0.6781400450290865,-0.8660472281191486,4,2.0252338280782265,0,0,-1.4722041753230999,0
781,2,0.9902500388142728,-0.3176240022311628,-0.0071883724744095665,0.4442958197822039,0,-0.6682574493739278,0,0,0.8705743353074427,2
782,9,1.3623162449474802,-0.524092127813878,-1.0963710360067516,1.4697816833571753,2,-0.6682574493739278,0,1,-0.4519619206936701,1
783,1,-0.24814679434461676,0.6210857315226723,-1.0025463121818683,-0.18238998573583423,3,-0.5098167859943894,1,0,0.5682803339357597,2
784,5,-0.47612853829875046,-1.599647014570184,-1.4716699313062853,1.1279530621655183,4,-0.03449479585577385,0,0,-1.6233511760089414,1
785,9,1.3623162449474802,-0.524092127813878,0.96369355232221,-1.4927330336371867,3,2.3421151548373036,1,0,1.2862285871935066,3
786,12,-2.008165857670674,1.9735319804944969,-0.7985795212582086,1.1849244990307943,1,-0.6682574493739278,0,0,-0.6408956715509719,1
787,2,0.9902500388142728,-0.3176240022311628,-0.30090055140447935,-0.8090757912538723,3,2.500555818216842,1,0,-0.6408956715509719,0
788,9,1.3623162449474802,-0.524092127813878,1.3961031490803681,-1.4927330336371867,0,-0.6682574493739278,1,0,0.039265831535314634,3
789,8,0.6510132038105156,-0.21519020349247783,-1.0514983420035466,1.4128102464918992,0,-0.6682574493739278,0,0,1.2862285871935066,1
790,8,0.6510132038105156,-0.21519020349247783,-0.6802787825224861,1.070981625300242,1,-0.6682574493739278,0,0,0.07705258170677501,1
791,8,0.6510132038105156,-0.21519020349247783,1.179898350701289,-1.321818723041358,4,1.549911837939611,0,0,0.8327875851359823,3
792,5,-0.47612853829875046,-1.599647014570184,-1.6960334013223108,0.5012672566474801,3,1.7083525013191496,1,1,-0.5275354210365908,1
793,15,1.2547088618011146,0.6610989341549391,-0.14588579030249807,-0.12541854887055803,4,1.2330305111805342,0,0,-1.585564425837481,2
794,9,1.3623162449474802,-0.524092127813878,-0.035743723203721905,-0.18238998573583423,3,2.500555818216842,0,0,-0.18745466949344755,2
795,2,0.9902500388142728,-0.3176240022311628,-0.8434522152614138,0.5582386935127562,3,2.3421151548373036,0,1,0.7194273346216012,1
796,13,-0.12047701773033298,0.5410593262580249,1.1064703059687717,-0.5811900437927676,0,-0.6682574493739278,0,0,0.3037730827355372,3
797,2,0.9902500388142728,-0.3176240022311628,0.8494721494049606,-0.3533042963316628,1,-0.6682574493739278,0,1,-1.6233511760089414,2
798,14,0.9264151505071309,0.868367323790327,0.49049059737931977,-0.011475675140005663,1,-0.6682574493739278,0,1,0.3793465830784579,2
799,7,-0.383111986765481,-1.2515321516691895,0.7678854330354967,-0.2963328594663866,2,-0.6682574493739278,0,0,-0.6408956715509719,2
800,8,0.6510132038105156,-0.21519020349247783,-1.4104798940291874,0.2164100723210991,4,0.7577085210419187,1,0,0.7572140847930615,2
801,10,-0.17336878232770134,-0.10715455638531189,-1.2880998194749915,1.640695993953004,0,-0.6682574493739278,0,0,-0.2252414196649079,1
802,15,1.2547088618011146,0.6610989341549391,0.7026160599399257,-0.8660472281191486,3,1.549911837939611,0,0,1.1728683366791255,0
803,5,-0.47612853829875046,-1.599647014570184,0.5068079406532126,-0.8660472281191486,2,-0.6682574493739278,1,1,0.908361085478903,0
804,3,-1.4828959196003133,-1.3459633098813757,-1.4798286029432317,1.8116103045488325,2,-0.6682574493739278,0,0,1.2106550868505859,1
805,0,0.6473654959072578,0.16733601367230244,0.04584299316574192,-0.2963328594663866,4,1.7083525013191496,0,0,0.22819958239261645,2
806,7,-0.383111986765481,-1.2515321516691895,1.5307212310899836,-1.4927330336371867,3,1.7083525013191496,1,0,0.492706833592839,3
807,5,-0.47612853829875046,-1.599647014570184,0.6495846942997743,-0.8660472281191486,4,-0.19293545923531236,0,0,1.324015337364967,0
808,8,0.6510132038105156,-0.21519020349247783,1.285961081981592,-1.4357615967719104,3,1.549911837939611,0,0,-0.036307668807606094,3
809,12,-2.008165857670674,1.9735319804944969,-1.3329725134781967,1.0140101884349657,3,0.7577085210419187,0,0,1.3618020875364274,1
810,1,-0.24814679434461676,0.6210857315226723,1.0452802686916738,-1.3787901599066343,1,-0.6682574493739278,1,1,0.8705743353074427,3
811,9,1.3623162449474802,-0.524092127813878,0.4374592317391683,-0.8090757912538723,2,-0.6682574493739278,1,0,-0.4519619206936701,0
812,7,-0.383111986765481,-1.2515321516691895,0.9106621866820584,-1.0939329755802534,3,0.7577085210419187,0,1,0.7950008349645219,3
813,15,1.2547088618011146,0.6610989341549391,-1.1861164240131619,0.6721815672433087,1,-0.6682574493739278,1,0,-0.754255922065353,1
814,8,0.6510132038105156,-0.21519020349247783,1.457293186357466,-1.4927330336371867,3,0.2823865309033032,1,0,0.3037730827355372,3
815,11,-1.7838318216197984,-1.4067833778824486,1.5103245519976176,-0.9799901018497009,1,-0.6682574493739278,0,1,-0.6031089213795116,3
816,12,-2.008165857670674,1.9735319804944969,0.27428579900024064,0.2164100723210991,1,-0.6682574493739278,0,1,1.512949088222269,2
817,11,-1.7838318216197984,-1.4067833778824486,-0.892404245083092,0.6152101303780324,3,-0.35137612261485085,0,0,0.34155983290699754,1
818,3,-1.4828959196003133,-1.3459633098813757,-0.29682121558600616,0.7291530041085849,1,-0.6682574493739278,0,0,0.6060670841072201,1
819,3,-1.4828959196003133,-1.3459633098813757,-0.17036180521333721,-0.23936142260111043,2,-0.6682574493739278,1,0,-0.2252414196649079,2
820,0,0.6473654959072578,0.16733601367230244,1.241088387978387,-1.4927330336371867,3,-0.5098167859943894,1,0,0.26598633256407683,3
821,14,0.9264151505071309,0.868367323790327,-1.6837953938668913,2.0394960520099374,0,-0.6682574493739278,0,0,-0.7164691718938927,1
822,7,-0.383111986765481,-1.2515321516691895,-0.2641865290382206,0.6721815672433087,2,-0.6682574493739278,0,0,1.0595080861647446,1
823,4,0.30995251485512954,0.3914099484132469,-1.5247012969464366,1.0140101884349657,0,-0.6682574493739278,1,1,0.7950008349645219,1
824,15,1.2547088618011146,0.6610989341549391,-0.9046422525385116,1.2988673727613467,0,-0.6682574493739278,0,0,-0.5653221712080512,1
825,6,0.23335064888652038,1.3893392220629235,0.4293005601022219,-0.8090757912538723,1,-0.6682574493739278,1,0,-0.754255922065353,0
826,9,1.3623162449474802,-0.524092127813878,0.6822193808475597,-1.036961538714977,1,-0.6682574493739278,1,1,0.22819958239261645,3
827,5,-0.47612853829875046,-1.599647014570184,0.30284114972955295,-0.69513291752332,0,-0.6682574493739278,1,1,0.9839345858218238,0
828,14,0.9264151505071309,0.868367323790327,1.579673260911662,-1.4927330336371867,1,-0.6682574493739278,1,1,0.6060670841072201,3
829,8,0.6510132038105156,-0.21519020349247783,-0.2682658648566938,-0.18238998573583423,2,-0.6682574493739278,1,1,0.11483933187823536,2
830,3,-1.4828959196003133,-1.3459633098813757,0.5639186421118372,-0.7521043543885961,4,-0.03449479585577385,0,0,-1.056549923437036,0
831,1,-0.24814679434461676,0.6210857315226723,0.8290754703125947,-1.036961538714977,3,-0.19293545923531236,0,0,-0.5275354210365908,3
832,10,-0.17336878232770134,-0.10715455638531189,0.35995185118817763,0.10246719859054672,1,-0.6682574493739278,0,1,0.8705743353074427,2
833,8,0.6510132038105156,-0.21519020349247783,1.5103245519976176,-0.9799901018497009,2,-0.6682574493739278,0,1,1.5507358383937293,3
834,10,-0.17336878232770134,-0.10715455638531189,-0.4844706632357729,0.2164100723210991,3,0.7577085210419187,0,0,-0.2252414196649079,2
835,2,0.9902500388142728,-0.3176240022311628,1.0983116343318253,-1.4927330336371867,3,2.183674491457765,1,1,-0.2630281698363683,3
836,11,-1.7838318216197984,-1.4067833778824486,-0.15812379775791766,-0.06844711200528185,3,0.12394586752376466,0,1,-1.4722041753230999,2
837,14,0.9264151505071309,0.868367323790327,0.033604985710322346,0.38732438291692767,2,-0.6682574493739278,0,1,-1.4722041753230999,2
838,2,0.9902500388142728,-0.3176240022311628,-1.320734506022777,1.0140101884349657,3,2.3421151548373036,0,1,0.5304935837642993,1
839,13,-0.12047701773033298,0.5410593262580249,-1.4186385656661338,1.070981625300242,3,0.12394586752376466,0,0,1.2106550868505859,1
840,6,0.23335064888652038,1.3893392220629235,1.6000699400040277,-1.036961538714977,1,-0.6682574493739278,0,1,1.512949088222269,3
841,11,-1.7838318216197984,-1.4067833778824486,-0.464073984143407,0.2164100723210991,4,1.3914711745600725,0,0,1.097294836336205,2
842,9,1.3623162449474802,-0.524092127813878,0.07439834389505426,-1.1509044124455294,4,2.500555818216842,1,0,-0.3763884203507494,3
843,8,0.6510132038105156,-0.21519020349247783,0.12335037371673256,0.3303529460516515,1,-0.6682574493739278,0,0,0.6438538342786805,2
844,14,0.9264151505071309,0.868367323790327,-1.2269097821978938,0.7291530041085849,1,-0.6682574493739278,1,0,-1.3966306749801791,1
845,7,-0.383111986765481,-1.2515321516691895,0.3395551720958117,-1.4357615967719104,3,-0.19293545923531236,1,0,1.512949088222269,3
846,6,0.23335064888652038,1.3893392220629235,0.26612712736329425,-0.4672471700622152,3,1.3914711745600725,0,0,-0.9809764230941153,0
847,3,-1.4828959196003133,-1.3459633098813757,1.2696437387076993,-0.7521043543885961,1,-0.6682574493739278,0,0,-1.2832704244657982,3
848,10,-0.17336878232770134,-0.10715455638531189,-0.9454356107232436,-0.23936142260111043,4,1.866793164698688,1,0,0.07705258170677501,2
849,10,-0.17336878232770134,-0.10715455638531189,-0.6068507377899687,1.0140101884349657,1,-0.6682574493739278,0,0,0.9839345858218238,1
850,9,1.3623162449474802,-0.524092127813878,1.049359604510147,-1.2078758493108057,4,0.12394586752376466,0,1,0.1904128322211561,3
851,13,-0.12047701773033298,0.5410593262580249,-0.19075848430570316,-0.06844711200528185,4,2.3421151548373036,0,0,0.0014790813638542722,2
852,0,0.6473654959072578,0.16733601367230244,1.1635810074273962,-1.321818723041358,4,0.12394586752376466,0,0,1.512949088222269,3
853,13,-0.12047701773033298,0.5410593262580249,0.26204779154482105,-1.321818723041358,3,2.183674491457765,1,0,-0.1496679193219872,3
854,5,-0.47612853829875046,-1.599647014570184,0.0988743588058934,-0.3533042963316628,4,1.0745898478009956,0,0,-0.036307668807606094,2
855,4,0.30995251485512954,0.3914099484132469,1.6775773205550184,-1.0939329755802534,2,-0.6682574493739278,0,1,0.11483933187823536,3
856,15,1.2547088618011146,0.6610989341549391,-0.827134871987521,-0.2963328594663866,4,2.183674491457765,1,0,0.07705258170677501,2
857,15,1.2547088618011146,0.6610989341549391,0.8249961344941215,-0.2963328594663866,1,-0.6682574493739278,0,0,-1.2076969241228774,2
858,11,-1.7838318216197984,-1.4067833778824486,-0.2193138350350155,-0.011475675140005663,4,1.3914711745600725,0,0,1.62630933873665,2
859,7,-0.383111986765481,-1.2515321516691895,-1.3900832149368214,1.7546388676835563,2,-0.6682574493739278,0,1,0.3037730827355372,1
860,4,0.30995251485512954,0.3914099484132469,0.7107747315768721,-0.9230186649844248,4,0.4408271942828417,0,0,-1.4344174251516395,0
861,12,-2.008165857670674,1.9735319804944969,0.31915849300344573,-0.5242186069274913,4,0.4408271942828417,0,0,-0.48974867086513046,0
862,5,-0.47612853829875046,-1.599647014570184,0.1029536946243666,-0.3533042963316628,3,2.183674491457765,0,1,0.15262608204969574,2
863,10,-0.17336878232770134,-0.10715455638531189,-0.0071883724744095665,0.4442958197822039,1,-0.6682574493739278,0,1,-0.41417517052220976,2
864,2,0.9902500388142728,-0.3176240022311628,1.3185957685293777,-0.8090757912538723,0,-0.6682574493739278,0,1,0.1904128322211561,3
865,6,0.23335064888652038,1.3893392220629235,-1.0311016629111807,1.4128102464918992,0,-0.6682574493739278,0,0,-0.2252414196649079,1
866,3,-1.4828959196003133,-1.3459633098813757,-0.35801125286310403,0.786124440973861,1,-0.6682574493739278,0,0,-0.9809764230941153,1
867,12,-2.008165857670674,1.9735319804944969,0.4864112615608466,-0.69513291752332,4,0.4408271942828417,0,0,1.0595080861647446,0
868,14,0.9264151505071309,0.868367323790327,0.9025035150451121,-1.4927330336371867,4,2.3421151548373036,1,0,-1.3966306749801791,3
869,11,-1.7838318216197984,-1.4067833778824486,-1.3003378269304111,0.9570387515696896,3,0.7577085210419187,0,0,-1.169910173951417,1
870,1,-0.24814679434461676,0.6210857315226723,0.18454041099383042,-0.410275733196939,3,2.183674491457765,0,0,-0.338601670179289,0
871,3,-1.4828959196003133,-1.3459633098813757,-1.084133028551332,0.786124440973861,4,1.549911837939611,0,0,-0.8676161725797341,1
872,5,-0.47612853829875046,-1.599647014570184,0.6618227017551938,-1.036961538714977,0,-0.6682574493739278,1,0,-0.036307668807606094,3
873,4,0.30995251485512954,0.3914099484132469,-0.6313267527008078,1.0140101884349657,2,-0.6682574493739278,0,0,-0.3763884203507494,1
874,14,0.9264151505071309,0.868367323790327,-0.9984669763633951,0.6721815672433087,3,1.2330305111805342,0,0,0.6438538342786805,1
875,2,0.9902500388142728,-0.3176240022311628,0.009128970799483199,-1.0939329755802534,4,2.3421151548373036,1,1,-1.0187631732655755,3
876,4,0.30995251485512954,0.3914099484132469,-0.12956844702860532,0.5582386935127562,2,-0.6682574493739278,0,0,-0.07409441897906646,1
877,2,0.9902500388142728,-0.3176240022311628,-0.9576736181786631,1.355838809626623,0,-0.6682574493739278,0,0,-0.30081492000782867,1
878,1,-0.24814679434461676,0.6210857315226723,0.58023598538573,-0.06844711200528185,1,-0.6682574493739278,0,1,0.1904128322211561,2
879,5,-0.47612853829875046,-1.599647014570184,-0.8720075659907262,1.2418959358960706,0,-0.6682574493739278,0,0,1.7018828390795706,1
880,14,0.9264151505071309,0.868367323790327,0.3395551720958117,0.10246719859054672,0,-0.6682574493739278,0,0,1.62630933873665,2
881,7,-0.383111986765481,-1.2515321516691895,1.3838651416249486,-0.8660472281191486,0,-0.6682574493739278,0,0,0.15262608204969574,3
882,12,-2.008165857670674,1.9735319804944969,0.7638060972170236,-0.23936142260111043,1,-0.6682574493739278,0,0,1.3995888377078878,2
883,5,-0.47612853829875046,-1.599647014570184,-1.6226053565897933,1.982524615144661,2,-0.6682574493739278,0,0,-0.6031089213795116,1
884,11,-1.7838318216197984,-1.4067833778824486,1.306357761073958,-1.4927330336371867,3,0.2823865309033032,1,0,-1.5477776756660206,3
885,14,0.9264151505071309,0.868367323790327,-1.1861164240131619,0.8430958778391372,3,1.2330305111805342,0,1,0.039265831535314634,1
886,0,0.6473654959072578,0.16733601367230244,-1.3941625507552946,1.7546388676835563,2,-0.6682574493739278,0,0,0.07705258170677501,1
887,13,-0.12047701773033298,0.5410593262580249,1.2166123730675478,-1.3787901599066343,4,2.0252338280782265,0,0,-1.3966306749801791,3
888,9,1.3623162449474802,-0.524092127813878,1.2655644028892261,-1.4927330336371867,4,-0.5098167859943894,1,0,-0.2630281698363683,3
889,5,-0.47612853829875046,-1.599647014570184,0.16822306771993767,0.27338150918637527,2,-0.6682574493739278,0,0,-0.036307668807606094,2
890,0,0.6473654959072578,0.16733601367230244,0.7107747315768721,-0.9230186649844248,3,1.3914711745600725,0,0,-0.5275354210365908,0
891,12,-2.008165857670674,1.9735319804944969,0.8535514852234338,-0.3533042963316628,2,-0.6682574493739278,0,0,0.039265831535314634,2
892,8,0.6510132038105156,-0.21519020349247783,0.9310588657744244,-1.0939329755802534,3,2.3421151548373036,0,1,0.908361085478903,3
893,8,0.6510132038105156,-0.21519020349247783,0.6495846942997743,-0.18238998573583423,1,-0.6682574493739278,0,0,-0.3763884203507494,2
894,6,0.23335064888652038,1.3893392220629235,0.8821068359527461,-0.3533042963316628,1,-0.6682574493739278,0,0,0.7194273346216012,2
895,5,-0.47612853829875046,-1.599647014570184,-1.5899706700420078,1.9255531782793849,1,-0.6682574493739278,0,0,-1.3210571746372586,1
896,11,-1.7838318216197984,-1.4067833778824486,0.30692048554802615,0.1594386354558229,1,-0.6682574493739278,0,0,1.4751623380508085,2
897,7,-0.383111986765481,-1.2515321516691895,-1.4512732522139193,1.1279530621655183,4,-0.35137612261485085,0,1,0.3793465830784579,1
898,15,1.2547088618011146,0.6610989341549391,-1.463511259669339,1.8116103045488325,2,-0.6682574493739278,0,0,-0.6786824217224323,1
899,14,0.9264151505071309,0.868367323790327,0.6291880152074083,-0.8090757912538723,3,-0.5098167859943894,0,0,-0.6408956715509719,0
900,3,-1.4828959196003133,-1.3459633098813757,-0.40288394686630913,0.8430958778391372,1,-0.6682574493739278,0,1,1.0217213359932842,1
901,10,-0.17336878232770134,-0.10715455638531189,0.2375717766339819,0.2164100723210991,1,-0.6682574493739278,0,0,-1.2076969241228774,2
902,5,-0.47612853829875046,-1.599647014570184,-1.6837953938668913,2.0394960520099374,0,-0.6682574493739278,0,1,-0.9054029227511945,1
903,0,0.6473654959072578,0.16733601367230244,0.474173254105427,-0.69513291752332,3,1.549911837939611,0,0,-0.5653221712080512,0
904,1,-0.24814679434461676,0.6210857315226723,-0.7333101481626376,1.1279530621655183,1,-0.6682574493739278,0,0,-0.07409441897906646,1
905,1,-0.24814679434461676,0.6210857315226723,0.8209167986756483,-0.2963328594663866,2,-0.6682574493739278,0,0,-1.0943366736084963,2
906,2,0.9902500388142728,-0.3176240022311628,1.7346880220136431,-1.4927330336371867,3,0.2823865309033032,1,0,-1.585564425837481,3
907,6,0.23335064888652038,1.3893392220629235,-0.17036180521333721,-0.23936142260111043,2,-0.6682574493739278,1,0,0.3793465830784579,2
908,3,-1.4828959196003133,-1.3459633098813757,-1.0759743569143856,1.4697816833571753,1,-0.6682574493739278,0,0,-0.7920426722368133,1
909,13,-0.12047701773033298,0.5410593262580249,1.0534389403286202,-1.4927330336371867,4,2.183674491457765,1,0,-0.11188116915052682,3
910,11,-1.7838318216197984,-1.4067833778824486,-0.8026588570766818,0.3303529460516515,2,-0.6682574493739278,1,0,1.2862285871935066,2
911,1,-0.24814679434461676,0.6210857315226723,-0.6843581183409593,1.070981625300242,0,-0.6682574493739278,0,0,0.4171333332499183,1
912,7,-0.383111986765481,-1.2515321516691895,-1.1126883792806443,0.786124440973861,4,1.549911837939611,0,0,-1.0943366736084963,1
913,2,0.9902500388142728,-0.3176240022311628,0.4293005601022219,-0.6381614806580438,4,1.2330305111805342,0,0,-0.6408956715509719,0
914,7,-0.383111986765481,-1.2515321516691895,0.22125443336008915,-0.4672471700622152,3,1.0745898478009956,0,0,-0.7164691718938927,0
915,11,-1.7838318216197984,-1.4067833778824486,0.45785591083153426,0.04549576172527053,2,-0.6682574493739278,0,0,1.4373755878793482,2
916,12,-2.008165857670674,1.9735319804944969,-1.5858913342235346,1.2418959358960706,4,0.7577085210419187,0,1,0.0014790813638542722,1
917,10,-0.17336878232770134,-0.10715455638531189,1.090152962694879,-0.5811900437927676,2,-0.6682574493739278,0,0,1.0595080861647446,3
918,6,0.23335064888652038,1.3893392220629235,0.6006326644780959,-1.4927330336371867,3,1.549911837939611,1,1,-1.5099909254945603,3
919,6,0.23335064888652038,1.3893392220629235,0.7026160599399257,-1.036961538714977,2,-0.6682574493739278,1,0,1.0217213359932842,3
920,14,0.9264151505071309,0.868367323790327,-0.6476440959747006,1.070981625300242,2,-0.6682574493739278,0,0,-1.2454836742943378,1
921,4,0.30995251485512954,0.3914099484132469,0.20493709008619637,-0.5811900437927676,0,-0.6682574493739278,1,1,1.324015337364967,0
922,4,0.30995251485512954,0.3914099484132469,-0.14180645448402487,-0.9799901018497009,3,0.7577085210419187,1,0,1.2106550868505859,3
923,1,-0.24814679434461676,0.6210857315226723,0.9555348806852636,-1.1509044124455294,3,2.3421151548373036,0,1,-0.6786824217224323,3
924,13,-0.12047701773033298,0.5410593262580249,-0.07245774556998062,0.5012672566474801,2,-0.6682574493739278,0,0,-0.18745466949344755,1
925,7,-0.383111986765481,-1.2515321516691895,0.2498097840894015,0.2164100723210991,2,-0.6682574493739278,0,0,0.07705258170677501,2
926,0,0.6473654959072578,0.16733601367230244,0.20901642590466957,0.27338150918637527,0,-0.6682574493739278,0,1,-0.6408956715509719,2
927,9,1.3623162449474802,-0.524092127813878,-1.3656072000259822,1.6976674308182802,0,-0.6682574493739278,0,1,0.22819958239261645,1
928,12,-2.008165857670674,1.9735319804944969,-0.13772711866555168,-0.2963328594663866,2,-0.6682574493739278,1,1,0.492706833592839,2
929,12,-2.008165857670674,1.9735319804944969,0.368110522825124,0.10246719859054672,0,-0.6682574493739278,0,1,1.0217213359932842,2
930,11,-1.7838318216197984,-1.4067833778824486,-1.5858913342235346,0.38732438291692767,3,-0.5098167859943894,1,1,0.492706833592839,2
931,11,-1.7838318216197984,-1.4067833778824486,1.1717396790643426,-1.321818723041358,3,-0.03449479585577385,0,0,-1.585564425837481,3
932,14,0.9264151505071309,0.868367323790327,-0.12140977539165893,0.5582386935127562,0,-0.6682574493739278,0,0,-0.2252414196649079,1
933,10,-0.17336878232770134,-0.10715455638531189,-1.4471939163954461,1.8116103045488325,0,-0.6682574493739278,0,0,-0.2252414196649079,1
934,2,0.9902500388142728,-0.3176240022311628,1.069756283602513,-1.4927330336371867,4,0.2823865309033032,1,1,0.8705743353074427,3
935,11,-1.7838318216197984,-1.4067833778824486,0.3925865377359632,-0.5811900437927676,4,1.866793164698688,0,0,0.3037730827355372,0
936,9,1.3623162449474802,-0.524092127813878,1.3879444774434218,-1.4927330336371867,4,0.4408271942828417,0,0,0.11483933187823536,3
937,14,0.9264151505071309,0.868367323790327,-0.6068507377899687,0.3303529460516515,4,0.12394586752376466,0,0,-1.3210571746372586,2
938,2,0.9902500388142728,-0.3176240022311628,-0.8720075659907262,1.2418959358960706,2,-0.6682574493739278,0,0,-0.6031089213795116,1
939,14,0.9264151505071309,0.868367323790327,0.5190459481086321,-0.011475675140005663,2,-0.6682574493739278,0,1,-0.338601670179289,2
940,0,0.6473654959072578,0.16733601367230244,-1.4675905954878121,1.1279530621655183,3,2.183674491457765,0,0,1.2862285871935066,1
941,8,0.6510132038105156,-0.21519020349247783,1.559276581819296,-1.4927330336371867,3,0.4408271942828417,0,1,-0.4519619206936701,3
942,1,-0.24814679434461676,0.6210857315226723,0.4252212242837487,-0.6381614806580438,4,2.0252338280782265,0,0,-0.5653221712080512,0
943,2,0.9902500388142728,-0.3176240022311628,0.8209167986756483,-0.9799901018497009,4,2.3421151548373036,0,0,1.3995888377078878,3
944,8,0.6510132038105156,-0.21519020349247783,-0.7373894839811108,0.4442958197822039,3,-0.35137612261485085,0,0,-1.2454836742943378,2
945,4,0.30995251485512954,0.3914099484132469,-1.1290057225545371,0.786124440973861,4,0.5992678576623801,0,0,-1.2454836742943378,1
946,3,-1.4828959196003133,-1.3459633098813757,0.7597267613985504,-1.0939329755802534,2,-0.6682574493739278,1,0,-1.3210571746372586,3
947,11,-1.7838318216197984,-1.4067833778824486,0.7801234404909163,-0.2963328594663866,0,-0.6682574493739278,0,0,1.1728683366791255,2
948,8,0.6510132038105156,-0.21519020349247783,0.8780275001342729,-1.036961538714977,3,-0.19293545923531236,0,0,-1.585564425837481,3
949,10,-0.17336878232770134,-0.10715455638531189,-0.6068507377899687,0.3303529460516515,3,0.12394586752376466,0,1,-0.5653221712080512,2
950,12,-2.008165857670674,1.9735319804944969,-0.14180645448402487,0.5582386935127562,1,-0.6682574493739278,0,1,1.2484418370220463,1
951,9,1.3623162449474802,-0.524092127813878,1.5429592385454032,-1.4927330336371867,4,2.0252338280782265,1,0,-0.7920426722368133,3
952,3,-1.4828959196003133,-1.3459633098813757,-1.316655170204304,1.6976674308182802,0,-0.6682574493739278,0,0,0.8705743353074427,1
953,15,1.2547088618011146,0.6610989341549391,-0.19483782012417636,0.6152101303780324,0,-0.6682574493739278,0,1,-0.6408956715509719,1
954,6,0.23335064888652038,1.3893392220629235,1.3145164327109045,-0.7521043543885961,2,-0.6682574493739278,0,0,0.22819958239261645,3
955,3,-1.4828959196003133,-1.3459633098813757,-1.463511259669339,1.1279530621655183,3,-0.35137612261485085,0,0,-0.4519619206936701,1
956,10,-0.17336878232770134,-0.10715455638531189,1.281881746163119,-0.7521043543885961,0,-0.6682574493739278,0,0,-1.6233511760089414,3
957,15,1.2547088618011146,0.6610989341549391,-0.6150094094269151,-0.5242186069274913,3,0.9161491844214572,1,1,-0.07409441897906646,0
958,15,1.2547088618011146,0.6610989341549391,-0.4722326557803534,0.9000673147044134,0,-0.6682574493739278,0,0,-0.9054029227511945,1
959,9,1.3623162449474802,-0.524092127813878,-1.5083839536725439,1.1849244990307943,3,1.3914711745600725,0,0,-1.6989246763518622,1
960,6,0.23335064888652038,1.3893392220629235,-0.05206106647761467,-1.036961538714977,3,1.0745898478009956,1,0,-0.18745466949344755,3
961,1,-0.24814679434461676,0.6210857315226723,1.1839776865197622,-1.321818723041358,3,-0.03449479585577385,0,0,0.8705743353074427,3
962,6,0.23335064888652038,1.3893392220629235,1.2492470596153333,-1.3787901599066343,4,0.4408271942828417,0,0,1.5507358383937293,3
963,13,-0.12047701773033298,0.5410593262580249,1.3838651416249486,-1.4927330336371867,3,2.3421151548373036,0,0,-0.2252414196649079,3
964,15,1.2547088618011146,0.6610989341549391,1.6367839623702864,-1.4927330336371867,4,0.7577085210419187,1,0,0.22819958239261645,3
965,12,-2.008165857670674,1.9735319804944969,1.4205791639912073,-1.4927330336371867,3,2.3421151548373036,0,0,-0.07409441897906646,3
966,11,-1.7838318216197984,-1.4067833778824486,1.6245459549148669,-1.0939329755802534,0,-0.6682574493739278,0,0,1.0217213359932842,3
967,15,1.2547088618011146,0.6610989341549391,-0.43143929759562144,-0.69513291752332,3,-0.5098167859943894,1,0,0.15262608204969574,0
968,12,-2.008165857670674,1.9735319804944969,-0.443677305051041,0.1594386354558229,4,1.549911837939611,0,0,-0.9431896729226549,2
969,14,0.9264151505071309,0.868367323790327,0.9351382015928976,-0.410275733196939,1,-0.6682574493739278,0,0,1.135081586507665,3
970,4,0.30995251485512954,0.3914099484132469,-0.8842455734461457,0.5582386935127562,4,1.549911837939611,0,1,0.22819958239261645,1
971,1,-0.24814679434461676,0.6210857315226723,1.3145164327109045,-1.4357615967719104,4,-0.03449479585577385,0,0,1.4751623380508085,3
972,5,-0.47612853829875046,-1.599647014570184,-1.5450979760388026,1.8685817414141086,1,-0.6682574493739278,0,0,-0.18745466949344755,1
973,2,0.9902500388142728,-0.3176240022311628,-0.11733043957318573,-0.12541854887055803,3,2.0252338280782265,0,0,0.8327875851359823,2
974,13,-0.12047701773033298,0.5410593262580249,0.25796845572634786,0.2164100723210991,2,-0.6682574493739278,0,0,-1.2832704244657982,2
975,6,0.23335064888652038,1.3893392220629235,1.2125330372490746,-0.69513291752332,1,-0.6682574493739278,0,1,-1.2454836742943378,3
976,0,0.6473654959072578,0.16733601367230244,1.7428466936505895,-1.4927330336371867,3,2.0252338280782265,0,0,-1.2454836742943378,3
977,15,1.2547088618011146,0.6610989341549391,0.9065828508635853,-0.410275733196939,2,-0.6682574493739278,0,0,1.3618020875364274,0
978,8,0.6510132038105156,-0.21519020349247783,1.220691708886021,-0.69513291752332,2,-0.6682574493739278,0,0,-0.6031089213795116,3
979,4,0.30995251485512954,0.3914099484132469,-0.806738192895155,0.5012672566474801,3,1.2330305111805342,0,1,1.7018828390795706,1
980,5,-0.47612853829875046,-1.599647014570184,1.0534389403286202,-1.2078758493108057,3,1.2330305111805342,0,0,0.34155983290699754,3
981,13,-0.12047701773033298,0.5410593262580249,1.608228611640974,-1.4927330336371867,2,-0.6682574493739278,1,1,0.07705258170677501,3
982,3,-1.4828959196003133,-1.3459633098813757,-1.4390352447584998,1.8116103045488325,0,-0.6682574493739278,0,0,-0.1496679193219872,1
983,5,-0.47612853829875046,-1.599647014570184,-0.32945590213379167,0.7291530041085849,2,-0.6682574493739278,0,0,-0.5275354210365908,1
984,1,-0.24814679434461676,0.6210857315226723,0.35179317955123124,0.10246719859054672,1,-0.6682574493739278,0,1,1.3995888377078878,2
985,10,-0.17336878232770134,-0.10715455638531189,-0.4518359766879874,0.8430958778391372,1,-0.6682574493739278,0,0,1.3995888377078878,1
986,9,1.3623162449474802,-0.524092127813878,1.5062452161791444,-0.9799901018497009,0,-0.6682574493739278,0,0,0.26598633256407683,3
987,15,1.2547088618011146,0.6610989341549391,-0.08061641720692701,-0.18238998573583423,3,-0.19293545923531236,0,1,-0.8676161725797341,2
988,14,0.9264151505071309,0.868367323790327,0.4089038810098559,-1.4927330336371867,3,1.866793164698688,1,0,0.26598633256407683,3
989,15,1.2547088618011146,0.6610989341549391,0.9025035150451121,-1.2648472861760818,2,-0.6682574493739278,1,0,0.492706833592839,3
990,10,-0.17336878232770134,-0.10715455638531189,-0.05614040229608786,-0.18238998573583423,3,2.3421151548373036,0,0,1.1728683366791255,2
991,4,0.30995251485512954,0.3914099484132469,-1.2595444687456794,1.640695993953004,0,-0.6682574493739278,0,1,-1.2076969241228774,1
992,4,0.30995251485512954,0.3914099484132469,-0.6925167899779057,1.070981625300242,1,-0.6682574493739278,0,0,-0.18745466949344755,1
993,0,0.6473654959072578,0.16733601367230244,1.3185957685293777,-0.8090757912538723,1,-0.6682574493739278,0,0,-1.0187631732655755,3
994,4,0.30995251485512954,0.3914099484132469,0.8821068359527461,-1.4927330336371867,3,2.3421151548373036,1,0,1.324015337364967,3
995,10,-0.17336878232770134,-0.10715455638531189,-0.7129134690702716,0.27338150918637527,0,-0.6682574493739278,1,1,-1.6611379261804018,2
996,10,-0.17336878232770134,-0.10715455638531189,1.2981990894370117,-1.4927330336371867,2,-0.6682574493739278,1,0,-0.6031089213795116,3
997,9,1.3623162449474802,-0.524092127813878,1.4083411565357877,-1.4927330336371867,1,-0.6682574493739278,1,1,0.6816405844501409,3
998,4,0.30995251485512954,0.3914099484132469,-1.3737658716629286,1.6976674308182802,0,-0.6682574493739278,0,0,-0.9431896729226549,1
999,6,0.23335064888652038,1.3893392220629235,0.8657894926788534,-1.2078758493108057,1,-0.6682574493739278,1,1,-0.07409441897906646,3
1000,15,1.2547088618011146,0.6610989341549391,1.5511179101823496,-0.9799901018497009,1,-0.6682574493739278,0,0,-1.6989246763518622,3
1001,12,-2.008165857670674,1.9735319804944969,1.5878319325486083,-1.4927330336371867,4,1.866793164698688,0,0,-0.754255922065353,3
1002,1,-0.24814679434461676,0.6210857315226723,-1.402321222392241,1.070981625300242,3,0.4408271942828417,0,0,-1.2454836742943378,1
1003,9,1.3623162449474802,-0.524092127813878,-0.0846957530254002,0.5012672566474801,2,-0.6682574493739278,0,0,-1.0187631732655755,1
1004,10,-0.17336878232770134,-0.10715455638531189,-0.011267708292882758,0.4442958197822039,2,-0.6682574493739278,0,0,0.3793465830784579,2
1005,4,0.30995251485512954,0.3914099484132469,-1.532859968583383,1.8685817414141086,1,-0.6682574493739278,0,1,1.1728683366791255,1
1006,13,-0.12047701773033298,0.5410593262580249,0.7597267613985504,-0.23936142260111043,0,-0.6682574493739278,0,0,0.45492008342137863,2
1007,2,0.9902500388142728,-0.3176240022311628,-0.29682121558600616,0.7291530041085849,2,-0.6682574493739278,0,1,-0.2252414196649079,1
1008,13,-0.12047701773033298,0.5410593262580249,1.3185957685293777,-0.8090757912538723,2,-0.6682574493739278,0,0,-1.4344174251516395,3
1009,7,-0.383111986765481,-1.2515321516691895,0.5231252839271053,-0.7521043543885961,3,0.4408271942828417,0,1,-1.2832704244657982,0
1010,13,-0.12047701773033298,0.5410593262580249,0.751568089761604,-0.23936142260111043,1,-0.6682574493739278,0,0,0.908361085478903,2
1011,5,-0.47612853829875046,-1.599647014570184,1.457293186357466,-1.4927330336371867,1,-0.6682574493739278,1,0,-0.11188116915052682,3
1012,11,-1.7838318216197984,-1.4067833778824486,-0.4518359766879874,0.8430958778391372,1,-0.6682574493739278,0,0,-1.3966306749801791,1
1013,8,0.6510132038105156,-0.21519020349247783,0.2498097840894015,-0.4672471700622152,3,-0.35137612261485085,0,1,-0.41417517052220976,0
1014,3,-1.4828959196003133,-1.3459633098813757,0.5516806346564176,-0.7521043543885961,3,2.0252338280782265,0,1,-0.18745466949344755,0
1015,10,-0.17336878232770134,-0.10715455638531189,1.261485067070753,-1.4927330336371867,1,-0.6682574493739278,1,0,-1.0943366736084963,3
1016,11,-1.7838318216197984,-1.4067833778824486,-0.9903083047264487,0.6721815672433087,3,0.9161491844214572,0,0,-1.5099909254945603,1
1017,6,0.23335064888652038,1.3893392220629235,-0.7659448347104232,1.1849244990307943,0,-0.6682574493739278,0,0,0.9461478356503634,1
1018,4,0.30995251485512954,0.3914099484132469,1.6163872832779205,-1.036961538714977,0,-0.6682574493739278,0,0,-1.1321234237799567,3
1019,9,1.3623162449474802,-0.524092127813878,-0.23563117830890828,0.6721815672433087,2,-0.6682574493739278,0,0,0.26598633256407683,1
1020,8,0.6510132038105156,-0.21519020349247783,-1.6878747296853644,2.0394960520099374,1,-0.6682574493739278,0,0,1.2862285871935066,1
1021,7,-0.383111986765481,-1.2515321516691895,0.09479502298742022,0.3303529460516515,0,-0.6682574493739278,0,0,1.097294836336205,2
1022,6,0.23335064888652038,1.3893392220629235,-1.320734506022777,1.0140101884349657,3,1.549911837939611,0,1,0.3793465830784579,1
1023,2,0.9902500388142728,-0.3176240022311628,-1.169799080739269,0.8430958778391372,4,-0.19293545923531236,0,0,0.6438538342786805,1
1024,12,-2.008165857670674,1.9735319804944969,-1.4349559089400266,1.070981625300242,3,0.12394586752376466,0,0,0.26598633256407683,1
1025,6,0.23335064888652038,1.3893392220629235,1.3838651416249486,-1.4927330336371867,1,-0.6682574493739278,1,0,1.135081586507665,3
1026,1,-0.24814679434461676,0.6210857315226723,0.6536640301182475,-0.18238998573583423,2,-0.6682574493739278,0,1,-0.9431896729226549,2
1027,2,0.9902500388142728,-0.3176240022311628,1.6531013056441792,-1.4927330336371867,3,1.549911837939611,0,0,0.908361085478903,3
1028,2,0.9902500388142728,-0.3176240022311628,-1.483907938761705,1.8116103045488325,0,-0.6682574493739278,0,0,0.3793465830784579,1
1029,10,-0.17336878232770134,-0.10715455638531189,-0.5864540586976027,0.1594386354558229,2,-0.6682574493739278,1,0,-0.8676161725797341,2
1030,10,-0.17336878232770134,-0.10715455638531189,0.8453928135864874,-1.036961538714977,3,0.12394586752376466,0,0,-0.9809764230941153,3
1031,7,-0.383111986765481,-1.2515321516691895,-1.6185260207713201,1.2418959358960706,4,-0.03449479585577385,0,0,-1.056549923437036,1
1032,5,-0.47612853829875046,-1.599647014570184,-1.2554651329272062,1.640695993953004,1,-0.6682574493739278,0,0,0.15262608204969574,1
1033,14,0.9264151505071309,0.868367323790327,-0.8148968645321014,0.5012672566474801,4,2.0252338280782265,0,0,-0.07409441897906646,1
1034,5,-0.47612853829875046,-1.599647014570184,-0.5864540586976027,1.0140101884349657,2,-0.6682574493739278,0,1,-1.0943366736084963,1
1035,3,-1.4828959196003133,-1.3459633098813757,-1.3900832149368214,1.070981625300242,3,2.183674491457765,0,0,-1.3210571746372586,1
1036,6,0.23335064888652038,1.3893392220629235,-0.443677305051041,0.8430958778391372,2,-0.6682574493739278,0,0,-0.18745466949344755,1
1037,0,0.6473654959072578,0.16733601367230244,0.8984241792266389,-0.410275733196939,0,-0.6682574493739278,0,0,0.6816405844501409,0
1038,3,-1.4828959196003133,-1.3459633098813757,0.22941310499703552,0.2164100723210991,0,-0.6682574493739278,0,0,0.45492008342137863,2
1039,8,0.6510132038105156,-0.21519020349247783,1.028962925417781,-1.3787901599066343,1,-0.6682574493739278,1,0,0.4171333332499183,3
1040,13,-0.12047701773033298,0.5410593262580249,0.3436345079142849,-1.4357615967719104,4,2.3421151548373036,1,0,-0.338601670179289,3
1041,14,0.9264151505071309,0.868367323790327,1.392023813261895,-1.4927330336371867,3,1.549911837939611,0,0,1.3618020875364274,3
1042,10,-0.17336878232770134,-0.10715455638531189,1.3430717834402168,-1.4927330336371867,0,-0.6682574493739278,1,0,-0.48974867086513046,3
1043,0,0.6473654959072578,0.16733601367230244,0.08663635135047383,-0.4672471700622152,2,-0.6682574493739278,1,0,-0.6786824217224323,0
1044,0,0.6473654959072578,0.16733601367230244,-0.19891715594264955,0.6152101303780324,1,-0.6682574493739278,0,0,1.5507358383937293,1
1045,2,0.9902500388142728,-0.3176240022311628,1.579673260911662,-1.4927330336371867,3,1.866793164698688,0,0,-0.4519619206936701,3
1046,15,1.2547088618011146,0.6610989341549391,-1.679716058048418,1.2988673727613467,3,0.4408271942828417,0,0,0.9461478356503634,1
1047,14,0.9264151505071309,0.868367323790327,-0.9903083047264487,1.355838809626623,0,-0.6682574493739278,0,0,0.7572140847930615,1
1048,13,-0.12047701773033298,0.5410593262580249,0.8902655075896925,-1.0939329755802534,3,1.866793164698688,0,0,1.3995888377078878,3
1049,0,0.6473654959072578,0.16733601367230244,-0.04390239484066829,-0.3533042963316628,0,-0.6682574493739278,1,0,-1.0943366736084963,2
1050,9,1.3623162449474802,-0.524092127813878,-1.5165426253094902,1.8685817414141086,2,-0.6682574493739278,0,1,-1.6989246763518622,1
1051,10,-0.17336878232770134,-0.10715455638531189,-1.594050005860481,1.9255531782793849,2,-0.6682574493739278,0,0,0.22819958239261645,1
1052,5,-0.47612853829875046,-1.599647014570184,-0.1825998126687568,-0.06844711200528185,4,-0.5098167859943894,0,0,-1.4722041753230999,2
1053,6,0.23335064888652038,1.3893392220629235,0.4333798959206951,-1.4927330336371867,3,-0.03449479585577385,1,0,-0.338601670179289,3
1054,6,0.23335064888652038,1.3893392220629235,0.4252212242837487,0.04549576172527053,2,-0.6682574493739278,0,0,-0.6786824217224323,2
1055,12,-2.008165857670674,1.9735319804944969,-0.08877508884387339,-1.036961538714977,4,1.2330305111805342,1,1,1.3618020875364274,3
1056,4,0.30995251485512954,0.3914099484132469,-0.02350571574830233,0.4442958197822039,2,-0.6682574493739278,0,0,-1.6989246763518622,2
1057,0,0.6473654959072578,0.16733601367230244,-0.13772711866555168,0.5582386935127562,0,-0.6682574493739278,0,0,-1.2454836742943378,1
1058,11,-1.7838318216197984,-1.4067833778824486,-1.0311016629111807,0.7291530041085849,4,1.866793164698688,0,0,-1.5099909254945603,1
1059,9,1.3623162449474802,-0.524092127813878,-1.2024337672870546,0.9000673147044134,3,1.0745898478009956,0,0,0.34155983290699754,1
1060,13,-0.12047701773033298,0.5410593262580249,-1.3656072000259822,1.0140101884349657,4,2.183674491457765,0,1,-0.07409441897906646,1
1061,11,-1.7838318216197984,-1.4067833778824486,1.6123079474594473,-1.036961538714977,2,-0.6682574493739278,0,1,0.26598633256407683,3
1062,2,0.9902500388142728,-0.3176240022311628,1.4450551789020465,-1.4927330336371867,3,0.12394586752376466,0,0,0.7572140847930615,3
1063,11,-1.7838318216197984,-1.4067833778824486,0.7434094181246577,-0.23936142260111043,1,-0.6682574493739278,0,0,-1.4344174251516395,2
1064,13,-0.12047701773033298,0.5410593262580249,0.11111236626131298,-0.5242186069274913,0,-0.6682574493739278,1,0,-1.2454836742943378,0
1065,3,-1.4828959196003133,-1.3459633098813757,0.5394426272009981,-0.7521043543885961,3,1.866793164698688,0,0,-0.754255922065353,0
1066,11,-1.7838318216197984,-1.4067833778824486,0.7230127390322917,-0.9230186649844248,4,1.2330305111805342,0,0,-1.6233511760089414,0
1067,1,-0.24814679434461676,0.6210857315226723,-1.7123507445962036,2.0394960520099374,1,-0.6682574493739278,0,1,1.62630933873665,1
1068,2,0.9902500388142728,-0.3176240022311628,0.7842027763093895,-0.2963328594663866,0,-0.6682574493739278,0,0,0.8705743353074427,2
1069,9,1.3623162449474802,-0.524092127813878,-1.5777326625865882,1.2418959358960706,4,2.500555818216842,0,0,-0.5653221712080512,1
1070,12,-2.008165857670674,1.9735319804944969,0.58023598538573,-0.7521043543885961,4,2.500555818216842,0,0,0.3037730827355372,0
1071,4,0.30995251485512954,0.3914099484132469,0.27836513481871383,-0.5242186069274913,3,1.7083525013191496,0,0,-0.1496679193219872,0
1072,5,-0.47612853829875046,-1.599647014570184,1.4409758430835733,-1.4927330336371867,3,0.9161491844214572,1,0,-0.11188116915052682,3
1073,9,1.3623162449474802,-0.524092127813878,1.6041492758225009,-1.4927330336371867,0,-0.6682574493739278,1,0,-0.3763884203507494,3
1074,13,-0.12047701773033298,0.5410593262580249,-0.8638488943537798,1.2418959358960706,2,-0.6682574493739278,0,0,0.11483933187823536,1
1075,12,-2.008165857670674,1.9735319804944969,0.21309576172314276,-1.2648472861760818,3,1.2330305111805342,1,0,-1.1321234237799567,3
1076,14,0.9264151505071309,0.868367323790327,-0.16628246939486402,-0.06844711200528185,4,1.2330305111805342,0,0,-1.5099909254945603,2
1077,10,-0.17336878232770134,-0.10715455638531189,-1.4512732522139193,1.1279530621655183,4,1.2330305111805342,0,0,-1.4722041753230999,1
1078,7,-0.383111986765481,-1.2515321516691895,-1.6552400431375789,1.2988673727613467,3,2.500555818216842,0,1,-1.2454836742943378,1
1079,14,0.9264151505071309,0.868367323790327,1.3022784252554849,-0.7521043543885961,0,-0.6682574493739278,0,0,1.2106550868505859,3
1080,3,-1.4828959196003133,-1.3459633098813757,1.5307212310899836,-0.9799901018497009,0,-0.6682574493739278,0,1,1.0595080861647446,3
1081,2,0.9902500388142728,-0.3176240022311628,-0.7741035063473696,1.1849244990307943,0,-0.6682574493739278,0,0,0.11483933187823536,1
1082,2,0.9902500388142728,-0.3176240022311628,0.2375717766339819,-0.4672471700622152,4,-0.5098167859943894,0,0,-0.07409441897906646,0
1083,0,0.6473654959072578,0.16733601367230244,1.6612599772811256,-1.0939329755802534,0,-0.6682574493739278,0,1,1.1728683366791255,3
1084,13,-0.12047701773033298,0.5410593262580249,-1.104529707643698,0.786124440973861,4,1.3914711745600725,0,0,-0.41417517052220976,1
1085,10,-0.17336878232770134,-0.10715455638531189,1.6000699400040277,-1.036961538714977,0,-0.6682574493739278,0,0,1.1728683366791255,3
1086,10,-0.17336878232770134,-0.10715455638531189,0.7107747315768721,-0.23936142260111043,1,-0.6682574493739278,0,0,0.6438538342786805,2
1087,6,0.23335064888652038,1.3893392220629235,-1.4512732522139193,1.8116103045488325,1,-0.6682574493739278,0,0,1.4373755878793482,1
1088,3,-1.4828959196003133,-1.3459633098813757,0.5149666122901589,-0.69513291752332,4,-0.19293545923531236,0,0,1.512949088222269,0
1089,2,0.9902500388142728,-0.3176240022311628,0.922900194137478,-1.2648472861760818,1,-0.6682574493739278,1,0,0.5682803339357597,3
1090,7,-0.383111986765481,-1.2515321516691895,0.6251086793889351,-0.9799901018497009,1,-0.6682574493739278,1,1,0.492706833592839,3
1091,4,0.30995251485512954,0.3914099484132469,0.6210293435704619,-0.12541854887055803,1,-0.6682574493739278,0,0,0.8705743353074427,2
1092,15,1.2547088618011146,0.6610989341549391,1.6734979847365452,-1.4927330336371867,4,2.3421151548373036,0,1,0.6438538342786805,3
1093,9,1.3623162449474802,-0.524092127813878,-0.6109300736084419,1.0140101884349657,2,-0.6682574493739278,0,0,1.7018828390795706,1
1094,14,0.9264151505071309,0.868367323790327,0.8086787912202287,-0.9799901018497009,3,1.866793164698688,0,0,1.5507358383937293,3
1095,0,0.6473654959072578,0.16733601367230244,-1.3574485283890358,1.6976674308182802,2,-0.6682574493739278,0,0,-0.9054029227511945,1
1096,8,0.6510132038105156,-0.21519020349247783,1.4001824848988413,-1.4927330336371867,4,-0.5098167859943894,0,0,-0.1496679193219872,3
1097,13,-0.12047701773033298,0.5410593262580249,-1.0555776778220198,0.7291530041085849,3,2.0252338280782265,0,0,-0.48974867086513046,1
1098,6,0.23335064888652038,1.3893392220629235,1.7224500145582236,-1.1509044124455294,1,-0.6682574493739278,0,0,-0.11188116915052682,3
1099,14,0.9264151505071309,0.868367323790327,-0.4069632826847823,-0.011475675140005663,1,-0.6682574493739278,1,0,0.7950008349645219,2
1100,1,-0.24814679434461676,0.6210857315226723,0.8045994554017555,-1.4927330336371867,3,1.3914711745600725,1,0,-0.6786824217224323,3
1101,10,-0.17336878232770134,-0.10715455638531189,0.7352507464877113,-0.9230186649844248,3,1.866793164698688,0,0,0.4171333332499183,0
1102,9,1.3623162449474802,-0.524092127813878,0.7148540673953453,-0.23936142260111043,1,-0.6682574493739278,0,1,0.11483933187823536,2
1103,13,-0.12047701773033298,0.5410593262580249,1.7428466936505895,-1.4927330336371867,3,1.3914711745600725,0,0,1.135081586507665,3
1104,10,-0.17336878232770134,-0.10715455638531189,0.20493709008619637,0.27338150918637527,1,-0.6682574493739278,0,0,-0.5653221712080512,2
1105,12,-2.008165857670674,1.9735319804944969,-0.8352935436244674,1.2418959358960706,0,-0.6682574493739278,0,0,1.0217213359932842,1
1106,11,-1.7838318216197984,-1.4067833778824486,-1.7123507445962036,0.5012672566474801,3,1.0745898478009956,1,0,0.45492008342137863,1
1107,6,0.23335064888652038,1.3893392220629235,-1.5654946551311686,1.9255531782793849,0,-0.6682574493739278,0,0,-0.5275354210365908,1
1108,6,0.23335064888652038,1.3893392220629235,-1.2758618120195722,1.640695993953004,2,-0.6682574493739278,0,0,1.5507358383937293,1
1109,5,-0.47612853829875046,-1.599647014570184,0.8657894926788534,-1.036961538714977,4,0.12394586752376466,0,0,1.0595080861647446,3
1110,13,-0.12047701773033298,0.5410593262580249,0.5924739928411495,-0.12541854887055803,0,-0.6682574493739278,0,0,1.135081586507665,2
1111,9,1.3623162449474802,-0.524092127813878,-1.018863655455761,1.4128102464918992,0,-0.6682574493739278,0,1,0.34155983290699754,1
1112,0,0.6473654959072578,0.16733601367230244,1.367547798351056,-1.4927330336371867,3,-0.19293545923531236,0,0,0.07705258170677501,3
1113,0,0.6473654959072578,0.16733601367230244,1.608228611640974,-1.036961538714977,2,-0.6682574493739278,0,0,-1.585564425837481,3
1114,0,0.6473654959072578,0.16733601367230244,0.8821068359527461,-0.3533042963316628,0,-0.6682574493739278,0,0,-1.0943366736084963,2
1115,1,-0.24814679434461676,0.6210857315226723,1.2370090521599137,-1.4927330336371867,1,-0.6682574493739278,1,0,0.45492008342137863,3
1116,6,0.23335064888652038,1.3893392220629235,1.4613725221759393,-1.4927330336371867,0,-0.6682574493739278,1,0,0.9461478356503634,3
1117,0,0.6473654959072578,0.16733601367230244,-0.16628246939486402,0.6152101303780324,2,-0.6682574493739278,0,0,0.3037730827355372,1
1118,9,1.3623162449474802,-0.524092127813878,1.5470385743638764,-1.4927330336371867,0,-0.6682574493739278,1,0,-0.9431896729226549,3
1119,10,-0.17336878232770134,-0.10715455638531189,1.2125330372490746,-1.4927330336371867,2,-0.6682574493739278,1,0,1.5885225885651897,3
1120,15,1.2547088618011146,0.6610989341549391,0.8739481643157998,-1.036961538714977,4,-0.5098167859943894,0,1,-0.2252414196649079,3
1121,8,0.6510132038105156,-0.21519020349247783,1.4450551789020465,-1.4927330336371867,4,-0.19293545923531236,1,0,1.2484418370220463,3
1122,7,-0.383111986765481,-1.2515321516691895,-1.1534817374653763,1.5267531202224516,2,-0.6682574493739278,0,0,0.6060670841072201,1
1123,1,-0.24814679434461676,0.6210857315226723,0.5516806346564176,-0.7521043543885961,4,0.2823865309033032,0,0,-1.2832704244657982,0
1124,11,-1.7838318216197984,-1.4067833778824486,1.7387673578321163,-1.1509044124455294,2,-0.6682574493739278,0,0,-1.2832704244657982,3
1125,0,0.6473654959072578,0.16733601367230244,0.30692048554802615,-0.5242186069274913,4,1.0745898478009956,0,0,-1.056549923437036,0
1126,13,-0.12047701773033298,0.5410593262580249,0.1029536946243666,-0.3533042963316628,3,0.9161491844214572,0,1,-0.48974867086513046,2
1127,5,-0.47612853829875046,-1.599647014570184,0.7719647688539699,-0.2963328594663866,2,-0.6682574493739278,0,0,-0.8676161725797341,2
1128,13,-0.12047701773033298,0.5410593262580249,-0.24786918576432784,0.6721815672433087,0,-0.6682574493739278,0,0,0.7950008349645219,1
1129,12,-2.008165857670674,1.9735319804944969,-0.7333101481626376,1.1279530621655183,2,-0.6682574493739278,0,0,0.8327875851359823,1
1130,11,-1.7838318216197984,-1.4067833778824486,1.6449426340072328,-1.4927330336371867,4,0.9161491844214572,0,0,-1.0943366736084963,3
1131,6,0.23335064888652038,1.3893392220629235,0.17638173935688403,-0.410275733196939,4,0.9161491844214572,0,1,1.3618020875364274,0
1132,9,1.3623162449474802,-0.524092127813878,-1.7082714087777304,0.5012672566474801,4,2.0252338280782265,1,1,-1.4722041753230999,1
1133,0,0.6473654959072578,0.16733601367230244,-1.4961459462171245,1.1279530621655183,4,2.0252338280782265,0,0,1.1728683366791255,1
1134,7,-0.383111986765481,-1.2515321516691895,-1.634843364045213,1.2988673727613467,3,1.7083525013191496,0,1,0.07705258170677501,1
1135,12,-2.008165857670674,1.9735319804944969,1.4817692012683052,-0.9230186649844248,1,-0.6682574493739278,0,0,1.7018828390795706,3
1136,8,0.6510132038105156,-0.21519020349247783,0.2375717766339819,-0.4672471700622152,4,-0.35137612261485085,0,0,-1.585564425837481,0
1137,12,-2.008165857670674,1.9735319804944969,-0.4110426185032555,0.1594386354558229,3,-0.35137612261485085,0,1,-1.2832704244657982,2
1138,3,-1.4828959196003133,-1.3459633098813757,-1.2473064612902598,0.9000673147044134,3,-0.03449479585577385,0,0,1.7018828390795706,1
1139,5,-0.47612853829875046,-1.599647014570184,0.7270920748507649,-0.9230186649844248,4,-0.19293545923531236,0,0,1.324015337364967,0
1140,2,0.9902500388142728,-0.3176240022311628,-1.3860038791183482,1.7546388676835563,1,-0.6682574493739278,0,0,-0.41417517052220976,1
1141,4,0.30995251485512954,0.3914099484132469,1.1064703059687717,-0.5811900437927676,1,-0.6682574493739278,0,0,0.26598633256407683,3
1142,9,1.3623162449474802,-0.524092127813878,-0.5782953870606563,-0.5811900437927676,3,0.12394586752376466,1,0,1.097294836336205,0
1143,4,0.30995251485512954,0.3914099484132469,-0.2193138350350155,-0.011475675140005663,4,-0.03449479585577385,0,1,0.0014790813638542722,2
1144,2,0.9902500388142728,-0.3176240022311628,0.15598506026451808,-0.5811900437927676,1,-0.6682574493739278,1,1,-0.5275354210365908,0
1145,1,-0.24814679434461676,0.6210857315226723,0.4048245451913828,0.04549576172527053,2,-0.6682574493739278,0,1,0.5304935837642993,2
1146,7,-0.383111986765481,-1.2515321516691895,0.05808100062116149,-1.1509044124455294,3,0.9161491844214572,1,0,-0.9431896729226549,3
1147,14,0.9264151505071309,0.868367323790327,1.5266418952715104,-0.9799901018497009,2,-0.6682574493739278,0,1,-1.6611379261804018,3
1148,1,-0.24814679434461676,0.6210857315226723,-1.3533691925705627,0.8430958778391372,1,-0.6682574493739278,1,0,-0.7164691718938927,1
1149,15,1.2547088618011146,0.6610989341549391,0.984090231414576,-1.1509044124455294,4,1.3914711745600725,0,0,0.7194273346216012,3
1150,12,-2.008165857670674,1.9735319804944969,0.49864926901626616,-0.011475675140005663,2,-0.6682574493739278,0,0,0.6060670841072201,2
1151,0,0.6473654959072578,0.16733601367230244,1.4491345147205197,-1.4927330336371867,4,1.0745898478009956,0,1,0.4171333332499183,3
1152,12,-2.008165857670674,1.9735319804944969,-0.15812379775791766,0.6152101303780324,1,-0.6682574493739278,0,0,1.0595080861647446,1
1153,8,0.6510132038105156,-0.21519020349247783,-1.3084964985673575,0.10246719859054672,3,-0.03449479585577385,1,0,-0.8676161725797341,2
1154,3,-1.4828959196003133,-1.3459633098813757,-0.9821496330895023,1.355838809626623,1,-0.6682574493739278,0,0,0.45492008342137863,1
1155,8,0.6510132038105156,-0.21519020349247783,0.7760441046724431,-0.9799901018497009,3,0.9161491844214572,0,1,0.908361085478903,3
1156,15,1.2547088618011146,0.6610989341549391,-1.210592438924001,0.9000673147044134,3,2.3421151548373036,0,1,0.45492008342137863,1
1157,10,-0.17336878232770134,-0.10715455638531189,0.6618227017551938,-0.18238998573583423,0,-0.6682574493739278,0,0,-1.056549923437036,2
1158,15,1.2547088618011146,0.6610989341549391,-1.2921791552934647,1.640695993953004,2,-0.6682574493739278,0,0,0.45492008342137863,1
1159,13,-0.12047701773033298,0.5410593262580249,-0.12548911121013212,-0.9799901018497009,4,1.549911837939611,1,0,-1.358843924808719,3
1160,8,0.6510132038105156,-0.21519020349247783,1.069756283602513,-1.4927330336371867,3,1.0745898478009956,1,0,0.8705743353074427,3
1161,0,0.6473654959072578,0.16733601367230244,1.5470385743638764,-0.9799901018497009,2,-0.6682574493739278,0,0,-0.5275354210365908,3
1162,10,-0.17336878232770134,-0.10715455638531189,-0.9087215883569848,0.6152101303780324,3,-0.5098167859943894,0,0,-1.0187631732655755,1
1163,9,1.3623162449474802,-0.524092127813878,0.8494721494049606,-1.4927330336371867,3,1.866793164698688,1,0,1.3618020875364274,3
1164,10,-0.17336878232770134,-0.10715455638531189,0.8739481643157998,-0.3533042963316628,0,-0.6682574493739278,0,0,1.3995888377078878,2
1165,0,0.6473654959072578,0.16733601367230244,-1.6470813715006325,1.982524615144661,0,-0.6682574493739278,0,0,-0.4519619206936701,1
1166,6,0.23335064888652038,1.3893392220629235,-0.7333101481626376,1.1279530621655183,2,-0.6682574493739278,0,1,0.039265831535314634,1
1167,9,1.3623162449474802,-0.524092127813878,1.7183706787397504,-1.1509044124455294,0,-0.6682574493739278,0,0,-1.3210571746372586,3
1168,4,0.30995251485512954,0.3914099484132469,0.922900194137478,-1.2648472861760818,1,-0.6682574493739278,1,0,0.22819958239261645,3
1169,6,0.23335064888652038,1.3893392220629235,0.4864112615608466,-0.69513291752332,3,-0.35137612261485085,0,0,-0.30081492000782867,0
1170,7,-0.383111986765481,-1.2515321516691895,-0.7741035063473696,0.5012672566474801,3,1.7083525013191496,0,0,0.11483933187823536,1
1171,1,-0.24814679434461676,0.6210857315226723,0.8535514852234338,-0.3533042963316628,2,-0.6682574493739278,0,0,1.5885225885651897,2
1172,9,1.3623162449474802,-0.524092127813878,1.241088387978387,-0.69513291752332,0,-0.6682574493739278,0,0,-1.6611379261804018,3
1173,6,0.23335064888652038,1.3893392220629235,-0.5660573796052367,0.9570387515696896,0,-0.6682574493739278,0,0,0.22819958239261645,1
1174,12,-2.008165857670674,1.9735319804944969,-1.0270223270927075,1.4128102464918992,1,-0.6682574493739278,0,0,-0.2252414196649079,1
1175,2,0.9902500388142728,-0.3176240022311628,-0.8230555361690478,1.1849244990307943,0,-0.6682574493739278,0,1,-0.754255922065353,1
1176,6,0.23335064888652038,1.3893392220629235,-1.1738784165577423,0.8430958778391372,4,1.2330305111805342,0,0,1.5885225885651897,1
1177,2,0.9902500388142728,-0.3176240022311628,1.7265293503766967,-1.4927330336371867,4,2.500555818216842,0,0,-1.056549923437036,3
1178,14,0.9264151505071309,0.868367323790327,-1.2921791552934647,0.786124440973861,1,-0.6682574493739278,1,1,0.1904128322211561,1
1179,11,-1.7838318216197984,-1.4067833778824486,-0.039823059022195094,0.5012672566474801,0,-0.6682574493739278,0,0,0.11483933187823536,1
1180,15,1.2547088618011146,0.6610989341549391,-0.38656660359241635,0.786124440973861,1,-0.6682574493739278,0,0,1.512949088222269,1
1181,11,-1.7838318216197984,-1.4067833778824486,-1.5654946551311686,1.9255531782793849,2,-0.6682574493739278,0,0,0.7572140847930615,1
1182,0,0.6473654959072578,0.16733601367230244,-0.5538193721498172,0.9570387515696896,0,-0.6682574493739278,0,0,-1.5099909254945603,1
1183,7,-0.383111986765481,-1.2515321516691895,-0.9372769390862972,0.6152101303780324,4,2.500555818216842,0,0,0.7194273346216012,1
1184,6,0.23335064888652038,1.3893392220629235,0.20493709008619637,-0.5811900437927676,0,-0.6682574493739278,1,0,-0.07409441897906646,0
1185,14,0.9264151505071309,0.868367323790327,0.3803485302805436,-0.7521043543885961,1,-0.6682574493739278,1,0,-0.3763884203507494,0
1186,4,0.30995251485512954,0.3914099484132469,-1.6674780505929985,0.4442958197822039,4,2.3421151548373036,1,1,1.1728683366791255,2
1187,11,-1.7838318216197984,-1.4067833778824486,-0.05206106647761467,-0.18238998573583423,3,2.183674491457765,0,0,0.26598633256407683,2
1188,2,0.9902500388142728,-0.3176240022311628,0.9269795299559512,-0.410275733196939,1,-0.6682574493739278,0,1,1.097294836336205,0
1189,12,-2.008165857670674,1.9735319804944969,-1.2065131031055278,1.5837245570877276,0,-0.6682574493739278,0,1,-0.9809764230941153,1
1190,7,-0.383111986765481,-1.2515321516691895,0.3966658735544364,0.10246719859054672,1,-0.6682574493739278,0,0,0.8705743353074427,2
1191,14,0.9264151505071309,0.868367323790327,-0.011267708292882758,0.4442958197822039,2,-0.6682574493739278,0,1,-0.8298294224082737,2
1192,3,-1.4828959196003133,-1.3459633098813757,-1.5287806327649098,1.8685817414141086,0,-0.6682574493739278,0,0,0.8705743353074427,1
1193,9,1.3623162449474802,-0.524092127813878,-0.20299649176112275,0.6152101303780324,2,-0.6682574493739278,0,0,0.7572140847930615,1
1194,2,0.9902500388142728,-0.3176240022311628,1.432817171446627,-0.8660472281191486,0,-0.6682574493739278,0,0,-0.6408956715509719,3
1195,9,1.3623162449474802,-0.524092127813878,-1.4716699313062853,1.8116103045488325,1,-0.6682574493739278,0,0,-1.585564425837481,1
1196,1,-0.24814679434461676,0.6210857315226723,-0.7333101481626376,0.4442958197822039,3,0.2823865309033032,0,1,0.15262608204969574,2
1197,3,-1.4828959196003133,-1.3459633098813757,-0.5048673423281389,0.04549576172527053,1,-0.6682574493739278,1,0,-1.4722041753230999,2
1198,14,0.9264151505071309,0.868367323790327,-0.35801125286310403,0.786124440973861,1,-0.6682574493739278,0,0,-0.036307668807606094,1
1199,4,0.30995251485512954,0.3914099484132469,-0.6517234317931738,1.070981625300242,2,-0.6682574493739278,0,1,-0.18745466949344755,1
1200,14,0.9264151505071309,0.868367323790327,-1.6919540655038376,2.0394960520099374,1,-0.6682574493739278,0,0,0.22819958239261645,1
1201,15,1.2547088618011146,0.6610989341549391,-0.9250389316308776,0.4442958197822039,1,-0.6682574493739278,1,1,0.07705258170677501,2
1202,6,0.23335064888652038,1.3893392220629235,0.3966658735544364,0.10246719859054672,1,-0.6682574493739278,0,1,1.097294836336205,2
1203,11,-1.7838318216197984,-1.4067833778824486,-1.2228304463794206,0.04549576172527053,4,-0.5098167859943894,1,1,-1.6233511760089414,2
1204,7,-0.383111986765481,-1.2515321516691895,0.5068079406532126,-0.69513291752332,4,2.500555818216842,0,0,1.1728683366791255,0
1205,6,0.23335064888652038,1.3893392220629235,-1.361527864207509,1.0140101884349657,4,2.500555818216842,0,0,-1.5477776756660206,1
1206,10,-0.17336878232770134,-0.10715455638531189,1.2288503805229674,-1.3787901599066343,3,0.9161491844214572,0,0,-1.0943366736084963,3
1207,3,-1.4828959196003133,-1.3459633098813757,-1.210592438924001,0.9000673147044134,3,2.0252338280782265,0,0,1.62630933873665,1
1208,11,-1.7838318216197984,-1.4067833778824486,-1.5450979760388026,1.1849244990307943,4,1.549911837939611,0,0,0.908361085478903,1
1209,1,-0.24814679434461676,0.6210857315226723,-1.2473064612902598,0.9000673147044134,3,0.2823865309033032,0,0,1.1728683366791255,1
1210,14,0.9264151505071309,0.868367323790327,-0.8189762003505746,1.1849244990307943,0,-0.6682574493739278,0,0,0.7194273346216012,1
1211,7,-0.383111986765481,-1.2515321516691895,0.4660145824684806,-0.011475675140005663,2,-0.6682574493739278,0,0,1.2862285871935066,2
1212,0,0.6473654959072578,0.16733601367230244,-0.4518359766879874,0.8430958778391372,1,-0.6682574493739278,0,0,-0.5275354210365908,1
1213,0,0.6473654959072578,0.16733601367230244,-0.37432859613699676,0.10246719859054672,3,0.2823865309033032,0,0,0.8327875851359823,2
1214,5,-0.47612853829875046,-1.599647014570184,-1.6511607073191057,1.982524615144661,0,-0.6682574493739278,0,0,-0.1496679193219872,1
1215,5,-0.47612853829875046,-1.599647014570184,-1.3084964985673575,0.9570387515696896,3,-0.03449479585577385,0,1,1.2106550868505859,1
1216,4,0.30995251485512954,0.3914099484132469,1.6327046265518133,-1.4927330336371867,3,-0.5098167859943894,0,1,-1.1321234237799567,3
1217,14,0.9264151505071309,0.868367323790327,-0.4477566408695142,0.1594386354558229,4,-0.19293545923531236,0,1,0.26598633256407683,2
1218,5,-0.47612853829875046,-1.599647014570184,1.3389924476217436,-0.8090757912538723,2,-0.6682574493739278,0,0,0.3037730827355372,3
1219,0,0.6473654959072578,0.16733601367230244,-0.24786918576432784,-0.011475675140005663,4,0.4408271942828417,0,0,0.7950008349645219,2
1220,7,-0.383111986765481,-1.2515321516691895,1.5959906041855545,-1.036961538714977,1,-0.6682574493739278,0,1,0.039265831535314634,3
1221,4,0.30995251485512954,0.3914099484132469,-0.2764245364936402,0.04549576172527053,3,1.2330305111805342,0,0,1.5507358383937293,2
1222,10,-0.17336878232770134,-0.10715455638531189,1.0656769477840398,-1.2078758493108057,4,-0.19293545923531236,0,0,1.0595080861647446,3
1223,13,-0.12047701773033298,0.5410593262580249,-1.5206219611279634,1.1849244990307943,3,0.2823865309033032,0,1,0.6060670841072201,1
1224,7,-0.383111986765481,-1.2515321516691895,0.05808100062116149,0.38732438291692767,0,-0.6682574493739278,0,1,-1.2076969241228774,2
1225,8,0.6510132038105156,-0.21519020349247783,1.2533263954338065,-1.4927330336371867,4,1.2330305111805342,1,0,1.2484418370220463,3
1226,0,0.6473654959072578,0.16733601367230244,1.477689865449832,-1.4927330336371867,0,-0.6682574493739278,1,1,0.34155983290699754,3
1227,6,0.23335064888652038,1.3893392220629235,-0.003109036655936375,-0.23936142260111043,4,0.4408271942828417,0,0,-1.585564425837481,2
1228,15,1.2547088618011146,0.6610989341549391,1.6204666190963937,-1.4927330336371867,3,1.866793164698688,0,0,0.07705258170677501,3
1229,4,0.30995251485512954,0.3914099484132469,-1.039260334548127,1.4128102464918992,2,-0.6682574493739278,0,0,0.15262608204969574,1
1230,1,-0.24814679434461676,0.6210857315226723,1.7428466936505895,-1.1509044124455294,0,-0.6682574493739278,0,0,-0.48974867086513046,3
1231,8,0.6510132038105156,-0.21519020349247783,1.3634684625325828,-1.4927330336371867,4,0.2823865309033032,0,0,-0.7164691718938927,3
1232,1,-0.24814679434461676,0.6210857315226723,1.130946320879611,-1.4357615967719104,1,-0.6682574493739278,1,0,0.492706833592839,3
1233,15,1.2547088618011146,0.6610989341549391,-1.6511607073191057,1.1279530621655183,2,-0.6682574493739278,1,1,-1.0187631732655755,1
1234,11,-1.7838318216197984,-1.4067833778824486,0.31915849300344573,0.1594386354558229,1,-0.6682574493739278,0,0,0.15262608204969574,2
1235,4,0.30995251485512954,0.3914099484132469,0.1029536946243666,0.3303529460516515,0,-0.6682574493739278,0,1,0.492706833592839,2
1236,6,0.23335064888652038,1.3893392220629235,-0.23971051412738148,0.6721815672433087,1,-0.6682574493739278,0,1,1.512949088222269,1
1237,9,1.3623162449474802,-0.524092127813878,-1.5614153193126954,0.38732438291692767,4,-0.03449479585577385,1,0,0.07705258170677501,2
1238,8,0.6510132038105156,-0.21519020349247783,0.35587251536970443,-0.5811900437927676,3,-0.35137612261485085,0,0,-1.2076969241228774,0
1239,9,1.3623162449474802,-0.524092127813878,0.6903780524845061,-0.8660472281191486,3,1.0745898478009956,0,1,0.11483933187823536,0
1240,11,-1.7838318216197984,-1.4067833778824486,-0.6068507377899687,1.0140101884349657,0,-0.6682574493739278,0,1,0.492706833592839,1
1241,9,1.3623162449474802,-0.524092127813878,-1.3982418865737678,1.7546388676835563,1,-0.6682574493739278,0,0,-0.48974867086513046,1
1242,8,0.6510132038105156,-0.21519020349247783,1.5144038878160908,-0.9799901018497009,0,-0.6682574493739278,0,0,1.3995888377078878,3
1243,3,-1.4828959196003133,-1.3459633098813757,-0.43143929759562144,-0.69513291752332,3,2.3421151548373036,1,1,1.0217213359932842,0
1244,15,1.2547088618011146,0.6610989341549391,0.38850720191749,-0.5811900437927676,4,0.9161491844214572,0,0,1.135081586507665,0
1245,13,-0.12047701773033298,0.5410593262580249,0.45785591083153426,-0.6381614806580438,3,1.866793164698688,0,0,1.1728683366791255,0
1246,1,-0.24814679434461676,0.6210857315226723,0.5272046197455785,-0.06844711200528185,1,-0.6682574493739278,0,1,1.512949088222269,2
1247,7,-0.383111986765481,-1.2515321516691895,1.1023909701502985,-0.5811900437927676,1,-0.6682574493739278,0,0,1.0595080861647446,3
1248,3,-1.4828959196003133,-1.3459633098813757,0.8943448434081657,-1.2648472861760818,1,-0.6682574493739278,1,0,-0.6786824217224323,3
1249,1,-0.24814679434461676,0.6210857315226723,-0.12548911121013212,-0.12541854887055803,4,-0.5098167859943894,0,0,0.15262608204969574,2
1250,2,0.9902500388142728,-0.3176240022311628,0.6251086793889351,-0.12541854887055803,1,-0.6682574493739278,0,1,-1.0187631732655755,2
1251,4,0.30995251485512954,0.3914099484132469,-1.659319378956052,1.982524615144661,1,-0.6682574493739278,0,0,0.6438538342786805,1
1252,5,-0.47612853829875046,-1.599647014570184,1.5307212310899836,-1.4927330336371867,4,-0.03449479585577385,0,1,-0.30081492000782867,3
1253,6,0.23335064888652038,1.3893392220629235,-0.443677305051041,0.8430958778391372,0,-0.6682574493739278,0,0,0.039265831535314634,1
1254,5,-0.47612853829875046,-1.599647014570184,-0.15812379775791766,0.6152101303780324,2,-0.6682574493739278,0,0,-1.585564425837481,1
1255,13,-0.12047701773033298,0.5410593262580249,-1.149402401646903,1.5267531202224516,0,-0.6682574493739278,0,0,-0.48974867086513046,1
1256,0,0.6473654959072578,0.16733601367230244,1.3389924476217436,-1.4927330336371867,3,0.12394586752376466,0,0,1.0217213359932842,3
1257,2,0.9902500388142728,-0.3176240022311628,-0.9454356107232436,0.6152101303780324,4,1.0745898478009956,0,0,-0.4519619206936701,1
1258,15,1.2547088618011146,0.6610989341549391,0.9392175374113708,-1.2648472861760818,1,-0.6682574493739278,1,0,-1.2076969241228774,3
1259,8,0.6510132038105156,-0.21519020349247783,0.4252212242837487,0.04549576172527053,1,-0.6682574493739278,0,1,0.3793465830784579,2
1260,13,-0.12047701773033298,0.5410593262580249,-0.7537068272550036,-0.410275733196939,3,1.549911837939611,1,1,1.5507358383937293,0
1261,14,0.9264151505071309,0.868367323790327,-0.6680407750670666,1.070981625300242,1,-0.6682574493739278,0,1,-0.4519619206936701,1
1262,9,1.3623162449474802,-0.524092127813878,-1.2432271254717866,0.7291530041085849,2,-0.6682574493739278,1,0,0.9839345858218238,1
1263,3,-1.4828959196003133,-1.3459633098813757,-1.3533691925705627,1.6976674308182802,1,-0.6682574493739278,0,0,1.097294836336205,1
1264,5,-0.47612853829875046,-1.599647014570184,0.18454041099383042,-0.5811900437927676,0,-0.6682574493739278,1,1,-1.4722041753230999,0
1265,7,-0.383111986765481,-1.2515321516691895,-1.0433396703666002,1.4128102464918992,2,-0.6682574493739278,0,0,0.8705743353074427,1
1266,13,-0.12047701773033298,0.5410593262580249,1.6245459549148669,-1.0939329755802534,1,-0.6682574493739278,0,0,0.5304935837642993,3
1267,4,0.30995251485512954,0.3914099484132469,0.22941310499703552,0.2164100723210991,1,-0.6682574493739278,0,0,-1.4722041753230999,2
1268,15,1.2547088618011146,0.6610989341549391,-1.0882123643698052,1.4697816833571753,1,-0.6682574493739278,0,0,-0.9809764230941153,1
1269,0,0.6473654959072578,0.16733601367230244,-0.34577324540768445,0.786124440973861,0,-0.6682574493739278,0,0,-1.6989246763518622,1
1270,1,-0.24814679434461676,0.6210857315226723,1.3961031490803681,-0.8660472281191486,2,-0.6682574493739278,0,0,1.3995888377078878,3
1271,11,-1.7838318216197984,-1.4067833778824486,-1.2758618120195722,0.9570387515696896,4,0.4408271942828417,0,1,-0.1496679193219872,1
1272,8,0.6510132038105156,-0.21519020349247783,0.5435219630194713,-0.06844711200528185,1,-0.6682574493739278,0,1,-1.6611379261804018,2
1273,10,-0.17336878232770134,-0.10715455638531189,-1.0800536927328588,0.786124440973861,3,1.2330305111805342,0,1,0.7194273346216012,1
1274,0,0.6473654959072578,0.16733601367230244,1.1839776865197622,-1.321818723041358,4,2.500555818216842,0,1,-0.5275354210365908,3
1275,12,-2.008165857670674,1.9735319804944969,-0.9005629167200384,1.2988673727613467,2,-0.6682574493739278,0,1,1.512949088222269,1
1276,1,-0.24814679434461676,0.6210857315226723,1.6000699400040277,-1.036961538714977,2,-0.6682574493739278,0,0,-0.9809764230941153,3
1277,2,0.9902500388142728,-0.3176240022311628,0.18046107517535723,-0.410275733196939,3,2.3421151548373036,0,0,-0.18745466949344755,0
1278,12,-2.008165857670674,1.9735319804944969,0.2457304482709283,-0.6381614806580438,2,-0.6682574493739278,1,0,1.6640960889081102,0
1279,15,1.2547088618011146,0.6610989341549391,-0.741468819799584,1.1279530621655183,1,-0.6682574493739278,0,0,-1.3966306749801791,1
1280,7,-0.383111986765481,-1.2515321516691895,-1.2432271254717866,0.04549576172527053,3,-0.19293545923531236,1,0,0.11483933187823536,2
1281,9,1.3623162449474802,-0.524092127813878,0.4252212242837487,-1.4927330336371867,3,2.3421151548373036,1,0,0.11483933187823536,3
1282,4,0.30995251485512954,0.3914099484132469,0.30284114972955295,-0.5242186069274913,3,-0.35137612261485085,0,0,-1.1321234237799567,0
1283,8,0.6510132038105156,-0.21519020349247783,-1.1534817374653763,0.8430958778391372,3,0.5992678576623801,0,1,-1.5099909254945603,1
1284,1,-0.24814679434461676,0.6210857315226723,-0.5211846856020317,0.9570387515696896,2,-0.6682574493739278,0,0,0.11483933187823536,1
1285,7,-0.383111986765481,-1.2515321516691895,-0.03166438738524872,-0.18238998573583423,3,0.5992678576623801,0,0,-0.338601670179289,2
1286,13,-0.12047701773033298,0.5410593262580249,0.7556474255800772,-1.0939329755802534,0,-0.6682574493739278,1,0,-0.07409441897906646,3
1287,2,0.9902500388142728,-0.3176240022311628,-0.7577861630734768,1.1279530621655183,2,-0.6682574493739278,0,0,1.62630933873665,1
1288,3,-1.4828959196003133,-1.3459633098813757,0.22125443336008915,0.2164100723210991,0,-0.6682574493739278,0,0,-1.5477776756660206,2
1289,4,0.30995251485512954,0.3914099484132469,-0.5334226930574513,0.27338150918637527,3,-0.19293545923531236,0,0,0.11483933187823536,2
1290,6,0.23335064888652038,1.3893392220629235,-1.1290057225545371,0.786124440973861,3,-0.5098167859943894,0,1,1.2862285871935066,1
1291,0,0.6473654959072578,0.16733601367230244,-0.6598821034301202,0.38732438291692767,4,1.866793164698688,0,0,1.62630933873665,2
1292,7,-0.383111986765481,-1.2515321516691895,1.5959906041855545,-1.4927330336371867,3,1.866793164698688,0,0,-0.41417517052220976,3
1293,9,1.3623162449474802,-0.524092127813878,-1.1371643941914835,-0.011475675140005663,4,-0.03449479585577385,1,0,-0.9809764230941153,2
1294,0,0.6473654959072578,0.16733601367230244,1.4491345147205197,-1.4927330336371867,2,-0.6682574493739278,1,0,-0.9809764230941153,3
1295,1,-0.24814679434461676,0.6210857315226723,0.5557599704748908,-1.4927330336371867,3,0.9161491844214572,1,0,1.2862285871935066,3
1296,14,0.9264151505071309,0.868367323790327,1.710212007102804,-1.1509044124455294,2,-0.6682574493739278,0,0,1.7018828390795706,3
1297,14,0.9264151505071309,0.868367323790327,-1.0229429912742343,0.5582386935127562,2,-0.6682574493739278,1,0,1.512949088222269,1
1298,8,0.6510132038105156,-0.21519020349247783,-1.487987274580178,1.8116103045488325,1,-0.6682574493739278,0,0,0.9839345858218238,1
1299,4,0.30995251485512954,0.3914099484132469,-1.5450979760388026,0.3303529460516515,4,1.3914711745600725,1,0,1.7018828390795706,2
1300,5,-0.47612853829875046,-1.599647014570184,0.9596142165037368,-0.4672471700622152,2,-0.6682574493739278,0,0,1.4373755878793482,3
1301,12,-2.008165857670674,1.9735319804944969,-1.5247012969464366,1.8685817414141086,2,-0.6682574493739278,0,0,0.6816405844501409,1
1302,1,-0.24814679434461676,0.6210857315226723,-1.4512732522139193,1.8116103045488325,1,-0.6682574493739278,0,1,1.512949088222269,1
1303,9,1.3623162449474802,-0.524092127813878,0.07439834389505426,-0.2963328594663866,3,2.500555818216842,0,0,-1.4722041753230999,2
1304,11,-1.7838318216197984,-1.4067833778824486,1.4736105296313589,-1.4927330336371867,4,0.2823865309033032,1,0,0.6438538342786805,3
1305,5,-0.47612853829875046,-1.599647014570184,1.3879444774434218,-0.8660472281191486,1,-0.6682574493739278,0,0,-0.4519619206936701,3
1306,6,0.23335064888652038,1.3893392220629235,-0.06837840975150744,-0.3533042963316628,2,-0.6682574493739278,1,0,0.15262608204969574,2
1307,0,0.6473654959072578,0.16733601367230244,1.1635810074273962,-1.321818723041358,4,1.0745898478009956,0,0,0.22819958239261645,3
1308,9,1.3623162449474802,-0.524092127813878,-1.124926386736064,1.4697816833571753,0,-0.6682574493739278,0,0,0.5682803339357597,1
1309,7,-0.383111986765481,-1.2515321516691895,-1.2146717747424742,1.5837245570877276,2,-0.6682574493739278,0,0,0.3793465830784579,1
1310,5,-0.47612853829875046,-1.599647014570184,1.7183706787397504,-1.4927330336371867,4,1.2330305111805342,1,0,1.5507358383937293,3
1311,7,-0.383111986765481,-1.2515321516691895,-0.7088341332517984,0.4442958197822039,4,-0.19293545923531236,0,0,1.1728683366791255,2
1312,13,-0.12047701773033298,0.5410593262580249,-0.06021973811456105,-1.036961538714977,4,0.4408271942828417,1,1,0.7950008349645219,3
1313,15,1.2547088618011146,0.6610989341549391,-0.5456607005128709,0.9570387515696896,2,-0.6682574493739278,0,0,-1.358843924808719,1
1314,1,-0.24814679434461676,0.6210857315226723,-1.2228304463794206,0.9000673147044134,3,0.5992678576623801,0,1,-0.2630281698363683,1
1315,14,0.9264151505071309,0.868367323790327,1.1227876492426645,-1.2648472861760818,3,2.500555818216842,0,1,0.11483933187823536,3
1316,7,-0.383111986765481,-1.2515321516691895,0.5312839555640517,-0.06844711200528185,2,-0.6682574493739278,0,0,-1.2076969241228774,2
1317,15,1.2547088618011146,0.6610989341549391,-1.0270223270927075,-0.12541854887055803,3,2.3421151548373036,1,1,-1.0943366736084963,2
1318,0,0.6473654959072578,0.16733601367230244,-1.0474190061850734,0.7291530041085849,4,-0.19293545923531236,0,0,-0.2630281698363683,1
1319,10,-0.17336878232770134,-0.10715455638531189,-0.12140977539165893,-0.2963328594663866,1,-0.6682574493739278,1,0,0.9461478356503634,2
1320,6,0.23335064888652038,1.3893392220629235,1.2370090521599137,-0.69513291752332,1,-0.6682574493739278,0,0,0.07705258170677501,3
1321,6,0.23335064888652038,1.3893392220629235,1.1717396790643426,-1.4927330336371867,1,-0.6682574493739278,1,0,1.7018828390795706,3
1322,12,-2.008165857670674,1.9735319804944969,0.27836513481871383,-0.69513291752332,0,-0.6682574493739278,1,0,0.4171333332499183,0
1323,4,0.30995251485512954,0.3914099484132469,-0.721072140707218,1.1279530621655183,0,-0.6682574493739278,0,0,-0.5653221712080512,1
1324,9,1.3623162449474802,-0.524092127813878,1.1758190148828158,-0.6381614806580438,1,-0.6682574493739278,0,0,-0.8676161725797341,3
1325,3,-1.4828959196003133,-1.3459633098813757,-0.6761994467040129,0.38732438291692767,4,0.7577085210419187,0,0,-0.6786824217224323,2
1326,9,1.3623162449474802,-0.524092127813878,-1.5695739909496418,1.9255531782793849,2,-0.6682574493739278,0,0,0.908361085478903,1
1327,5,-0.47612853829875046,-1.599647014570184,-0.6190887452453883,0.3303529460516515,3,0.7577085210419187,0,0,0.26598633256407683,2
1328,3,-1.4828959196003133,-1.3459633098813757,-0.2193138350350155,-0.18238998573583423,2,-0.6682574493739278,1,1,0.3793465830784579,2
1329,1,-0.24814679434461676,0.6210857315226723,1.0983116343318253,-1.2648472861760818,3,2.183674491457765,0,0,1.3995888377078878,3
1330,4,0.30995251485512954,0.3914099484132469,-0.06429907393303425,-0.18238998573583423,3,1.866793164698688,0,0,0.1904128322211561,2
1331,11,-1.7838318216197984,-1.4067833778824486,-0.8760869018091993,0.5582386935127562,3,-0.19293545923531236,0,0,0.5682803339357597,1
1332,3,-1.4828959196003133,-1.3459633098813757,-0.1785204768502836,-0.06844711200528185,4,0.4408271942828417,0,1,-1.2454836742943378,2
1333,1,-0.24814679434461676,0.6210857315226723,-0.5538193721498172,0.10246719859054672,0,-0.6682574493739278,1,1,-1.585564425837481,2
1334,1,-0.24814679434461676,0.6210857315226723,0.2334924408155087,-0.4672471700622152,3,1.866793164698688,0,0,-0.036307668807606094,0
1335,5,-0.47612853829875046,-1.599647014570184,0.19677841844925,-0.410275733196939,3,0.7577085210419187,0,0,-0.338601670179289,0
1336,4,0.30995251485512954,0.3914099484132469,-1.3574485283890358,0.8430958778391372,2,-0.6682574493739278,1,0,-1.4344174251516395,1
1337,0,0.6473654959072578,0.16733601367230244,-1.4267972373030802,1.070981625300242,4,1.549911837939611,0,1,-1.2076969241228774,1
1338,3,-1.4828959196003133,-1.3459633098813757,1.412420492354261,-0.8660472281191486,2,-0.6682574493739278,0,0,1.5885225885651897,3
1339,14,0.9264151505071309,0.868367323790327,-0.9495149465417168,0.5012672566474801,1,-0.6682574493739278,1,0,0.11483933187823536,1
1340,9,1.3623162449474802,-0.524092127813878,-0.48039132741729973,0.2164100723210991,4,0.5992678576623801,0,0,1.0217213359932842,2
1341,7,-0.383111986765481,-1.2515321516691895,-0.6802787825224861,1.070981625300242,2,-0.6682574493739278,0,0,0.7572140847930615,1
1342,7,-0.383111986765481,-1.2515321516691895,-0.8556902227168334,-0.2963328594663866,3,1.549911837939611,1,0,0.45492008342137863,2
1343,5,-0.47612853829875046,-1.599647014570184,-0.07245774556998062,0.5012672566474801,0,-0.6682574493739278,0,1,-0.48974867086513046,1
1344,4,0.30995251485512954,0.3914099484132469,1.7346880220136431,-1.4927330336371867,4,1.2330305111805342,0,0,1.4751623380508085,3
1345,10,-0.17336878232770134,-0.10715455638531189,-0.8434522152614138,0.5582386935127562,4,2.500555818216842,0,0,-1.6233511760089414,1
1346,15,1.2547088618011146,0.6610989341549391,1.6571806414626524,-1.0939329755802534,2,-0.6682574493739278,0,0,-1.5477776756660206,3
1347,13,-0.12047701773033298,0.5410593262580249,0.3925865377359632,-0.5811900437927676,4,1.549911837939611,0,0,-0.9809764230941153,0
1348,7,-0.383111986765481,-1.2515321516691895,-1.4471939163954461,1.8116103045488325,0,-0.6682574493739278,0,0,-0.5275354210365908,1
1349,13,-0.12047701773033298,0.5410593262580249,0.6251086793889351,-0.9799901018497009,0,-0.6682574493739278,1,0,1.097294836336205,3
1350,5,-0.47612853829875046,-1.599647014570184,-0.7537068272550036,-0.410275733196939,4,2.500555818216842,1,0,0.3037730827355372,0
1351,7,-0.383111986765481,-1.2515321516691895,-0.5660573796052367,0.10246719859054672,2,-0.6682574493739278,1,1,-0.2252414196649079,2
1352,13,-0.12047701773033298,0.5410593262580249,-1.3370518492966699,1.0140101884349657,3,0.7577085210419187,0,1,-1.5099909254945603,1
1353,1,-0.24814679434461676,0.6210857315226723,-1.0922917001882784,0.786124440973861,4,0.9161491844214572,0,1,-0.6031089213795116,1
1354,14,0.9264151505071309,0.868367323790327,0.7352507464877113,-1.4927330336371867,4,1.3914711745600725,1,0,-1.4722041753230999,3
1355,5,-0.47612853829875046,-1.599647014570184,-0.7333101481626376,1.1279530621655183,2,-0.6682574493739278,0,0,-1.358843924808719,1
1356,2,0.9902500388142728,-0.3176240022311628,-0.12956844702860532,0.5582386935127562,0,-0.6682574493739278,0,0,0.9461478356503634,1
1357,4,0.30995251485512954,0.3914099484132469,-0.9209595958124044,0.6152101303780324,4,0.5992678576623801,0,1,1.097294836336205,1
1358,9,1.3623162449474802,-0.524092127813878,1.3797858058064754,-1.4927330336371867,1,-0.6682574493739278,1,0,0.1904128322211561,3
1359,7,-0.383111986765481,-1.2515321516691895,1.0615976119655666,-0.5242186069274913,0,-0.6682574493739278,0,0,1.4751623380508085,3
1360,12,-2.008165857670674,1.9735319804944969,1.7346880220136431,-1.4927330336371867,3,1.0745898478009956,0,0,-0.8298294224082737,3
1361,10,-0.17336878232770134,-0.10715455638531189,-1.0147843196372879,1.4128102464918992,0,-0.6682574493739278,0,1,1.2484418370220463,1
1362,0,0.6473654959072578,0.16733601367230244,0.8453928135864874,-1.4927330336371867,4,0.5992678576623801,1,0,1.135081586507665,3
1363,7,-0.383111986765481,-1.2515321516691895,-0.09693376048081978,-0.12541854887055803,3,2.500555818216842,0,0,-0.2252414196649079,2
1364,2,0.9902500388142728,-0.3176240022311628,-1.1208470509175907,-0.06844711200528185,4,-0.19293545923531236,1,0,0.5682803339357597,2
1365,7,-0.383111986765481,-1.2515321516691895,0.09479502298742022,-0.3533042963316628,4,0.7577085210419187,0,1,-0.2252414196649079,2
1366,3,-1.4828959196003133,-1.3459633098813757,-0.5864540586976027,-0.5242186069274913,3,1.2330305111805342,1,1,-0.9809764230941153,0
1367,12,-2.008165857670674,1.9735319804944969,-1.6919540655038376,2.0394960520099374,1,-0.6682574493739278,0,0,0.5304935837642993,1
1368,0,0.6473654959072578,0.16733601367230244,-1.6960334013223108,1.355838809626623,4,0.4408271942828417,0,0,0.45492008342137863,1
1369,13,-0.12047701773033298,0.5410593262580249,-0.8720075659907262,0.5582386935127562,3,2.0252338280782265,0,0,1.2862285871935066,1
1370,12,-2.008165857670674,1.9735319804944969,-0.39880461104783593,0.1594386354558229,3,0.7577085210419187,0,0,-1.2454836742943378,2
1371,3,-1.4828959196003133,-1.3459633098813757,-1.341131185115143,1.6976674308182802,1,-0.6682574493739278,0,1,-1.3966306749801791,1
1372,6,0.23335064888652038,1.3893392220629235,-1.1942750956501083,0.04549576172527053,3,0.9161491844214572,1,0,-1.5477776756660206,2
1373,5,-0.47612853829875046,-1.599647014570184,0.5068079406532126,-0.69513291752332,3,-0.03449479585577385,0,1,-0.30081492000782867,0
1374,8,0.6510132038105156,-0.21519020349247783,-0.9780702972710291,-0.18238998573583423,4,-0.19293545923531236,1,0,-1.0943366736084963,2
1375,15,1.2547088618011146,0.6610989341549391,-1.1412437300099567,0.6721815672433087,0,-0.6682574493739278,1,1,0.5682803339357597,1
1376,11,-1.7838318216197984,-1.4067833778824486,0.017287642436429582,-0.23936142260111043,4,1.2330305111805342,0,0,-0.18745466949344755,2
1377,11,-1.7838318216197984,-1.4067833778824486,0.3966658735544364,-0.5811900437927676,4,-0.5098167859943894,0,0,1.4751623380508085,0
1378,7,-0.383111986765481,-1.2515321516691895,1.130946320879611,-1.4927330336371867,4,2.3421151548373036,1,1,-1.0943366736084963,3
1379,11,-1.7838318216197984,-1.4067833778824486,-1.5083839536725439,0.3303529460516515,4,-0.35137612261485085,1,0,-0.07409441897906646,2
1380,7,-0.383111986765481,-1.2515321516691895,-0.9617529539971363,-0.18238998573583423,3,0.7577085210419187,1,0,-0.338601670179289,2
1381,5,-0.47612853829875046,-1.599647014570184,0.27836513481871383,-1.3787901599066343,4,1.549911837939611,1,0,-1.3210571746372586,3
1382,7,-0.383111986765481,-1.2515321516691895,0.033604985710322346,0.38732438291692767,1,-0.6682574493739278,0,0,-1.4344174251516395,2
1383,4,0.30995251485512954,0.3914099484132469,1.477689865449832,-0.9230186649844248,0,-0.6682574493739278,0,0,-0.9431896729226549,3
1384,2,0.9902500388142728,-0.3176240022311628,-0.8148968645321014,-0.3533042963316628,4,-0.5098167859943894,1,0,0.7194273346216012,2
1385,9,1.3623162449474802,-0.524092127813878,-1.3737658716629286,1.0140101884349657,4,1.549911837939611,0,0,-1.1321234237799567,1
1386,9,1.3623162449474802,-0.524092127813878,1.4246584998096805,-1.4927330336371867,3,2.0252338280782265,1,0,-0.5275354210365908,3
1387,15,1.2547088618011146,0.6610989341549391,-0.5823747228791295,1.0140101884349657,0,-0.6682574493739278,0,0,0.492706833592839,1
1388,8,0.6510132038105156,-0.21519020349247783,-0.2845832081305866,0.7291530041085849,1,-0.6682574493739278,0,0,0.6060670841072201,1
1389,0,0.6473654959072578,0.16733601367230244,1.110549641787245,-1.2648472861760818,4,0.4408271942828417,0,0,0.07705258170677501,3
1390,12,-2.008165857670674,1.9735319804944969,0.5149666122901589,-0.69513291752332,4,0.4408271942828417,0,1,-0.7164691718938927,0
1391,8,0.6510132038105156,-0.21519020349247783,-1.2840204836565183,0.9570387515696896,4,-0.35137612261485085,0,1,-1.056549923437036,1
1392,8,0.6510132038105156,-0.21519020349247783,-1.6430020356821593,1.1279530621655183,0,-0.6682574493739278,1,1,0.7572140847930615,1
1393,3,-1.4828959196003133,-1.3459633098813757,0.7107747315768721,-1.4927330336371867,4,-0.03449479585577385,1,1,0.8327875851359823,3
1394,11,-1.7838318216197984,-1.4067833778824486,-1.7164300804146768,1.355838809626623,4,0.4408271942828417,0,0,-0.30081492000782867,1
1395,2,0.9902500388142728,-0.3176240022311628,-0.6313267527008078,-0.5242186069274913,3,0.9161491844214572,1,0,1.2106550868505859,0
1396,14,0.9264151505071309,0.868367323790327,0.021366978254902774,0.4442958197822039,0,-0.6682574493739278,0,0,-0.2630281698363683,2
1397,5,-0.47612853829875046,-1.599647014570184,-0.2682658648566938,0.6721815672433087,2,-0.6682574493739278,0,1,1.2862285871935066,1
1398,9,1.3623162449474802,-0.524092127813878,-1.4104798940291874,1.7546388676835563,2,-0.6682574493739278,0,0,0.0014790813638542722,1
1399,10,-0.17336878232770134,-0.10715455638531189,-0.30497988722295255,0.04549576172527053,3,1.866793164698688,0,1,-0.7920426722368133,2
1400,7,-0.383111986765481,-1.2515321516691895,0.9677728881406832,-0.4672471700622152,2,-0.6682574493739278,0,0,-0.9809764230941153,3
1401,2,0.9902500388142728,-0.3176240022311628,0.25796845572634786,-0.4672471700622152,4,1.7083525013191496,0,0,1.324015337364967,0
1402,4,0.30995251485512954,0.3914099484132469,1.261485067070753,-0.7521043543885961,0,-0.6682574493739278,0,0,-0.9809764230941153,3
1403,3,-1.4828959196003133,-1.3459633098813757,0.8739481643157998,-1.2078758493108057,1,-0.6682574493739278,1,0,-1.169910173951417,3
1404,0,0.6473654959072578,0.16733601367230244,1.6531013056441792,-1.4927330336371867,3,0.4408271942828417,0,0,-0.7164691718938927,3
1405,14,0.9264151505071309,0.868367323790327,0.5353632913825249,-0.06844711200528185,1,-0.6682574493739278,0,0,0.6816405844501409,2
1406,7,-0.383111986765481,-1.2515321516691895,-0.34985258122615764,0.786124440973861,2,-0.6682574493739278,0,0,0.7950008349645219,1
1407,2,0.9902500388142728,-0.3176240022311628,-1.2187511105609474,1.5837245570877276,1,-0.6682574493739278,0,0,-1.585564425837481,1
1408,3,-1.4828959196003133,-1.3459633098813757,-1.6022086774974273,1.9255531782793849,0,-0.6682574493739278,0,1,1.2484418370220463,1
1409,1,-0.24814679434461676,0.6210857315226723,0.31099982136649934,0.1594386354558229,0,-0.6682574493739278,0,0,0.07705258170677501,2
1410,2,0.9902500388142728,-0.3176240022311628,0.49456993319779297,-0.69513291752332,3,-0.19293545923531236,0,0,-1.2076969241228774,0
1411,11,-1.7838318216197984,-1.4067833778824486,-1.6633987147745253,1.2988673727613467,3,0.12394586752376466,0,0,-1.6611379261804018,1
1412,2,0.9902500388142728,-0.3176240022311628,-0.8393728794429406,1.2418959358960706,2,-0.6682574493739278,0,0,-1.0187631732655755,1
1413,6,0.23335064888652038,1.3893392220629235,0.559839306293364,-0.9230186649844248,0,-0.6682574493739278,1,0,0.4171333332499183,0
1414,0,0.6473654959072578,0.16733601367230244,-1.1208470509175907,0.786124440973861,4,0.12394586752376466,0,0,-1.2454836742943378,1
1415,3,-1.4828959196003133,-1.3459633098813757,0.8739481643157998,-1.036961538714977,4,1.3914711745600725,0,0,0.4171333332499183,3
1416,14,0.9264151505071309,0.868367323790327,-0.5415813646943977,0.27338150918637527,4,-0.35137612261485085,0,0,0.26598633256407683,2
1417,1,-0.24814679434461676,0.6210857315226723,-0.443677305051041,0.1594386354558229,3,1.2330305111805342,0,0,-1.2076969241228774,2
1418,8,0.6510132038105156,-0.21519020349247783,-0.07653708138845382,-0.18238998573583423,3,0.2823865309033032,0,0,-0.338601670179289,2
1419,7,-0.383111986765481,-1.2515321516691895,1.7387673578321163,-1.1509044124455294,2,-0.6682574493739278,0,0,-0.07409441897906646,3
1420,2,0.9902500388142728,-0.3176240022311628,0.6536640301182475,-0.8660472281191486,3,2.500555818216842,0,1,1.2484418370220463,0
1421,14,0.9264151505071309,0.868367323790327,-1.0107049838188147,0.7291530041085849,4,-0.03449479585577385,0,0,1.62630933873665,1
1422,11,-1.7838318216197984,-1.4067833778824486,1.649021969825706,-1.4927330336371867,1,-0.6682574493739278,1,0,-0.1496679193219872,3
1423,11,-1.7838318216197984,-1.4067833778824486,-1.3533691925705627,1.6976674308182802,0,-0.6682574493739278,0,0,-0.30081492000782867,1
1424,13,-0.12047701773033298,0.5410593262580249,-1.2024337672870546,1.5837245570877276,2,-0.6682574493739278,0,1,0.07705258170677501,1
1425,9,1.3623162449474802,-0.524092127813878,-1.3941625507552946,1.070981625300242,3,1.866793164698688,0,0,-0.5653221712080512,1
1426,7,-0.383111986765481,-1.2515321516691895,1.7183706787397504,-1.4927330336371867,4,0.4408271942828417,0,0,-0.338601670179289,3
1427,12,-2.008165857670674,1.9735319804944969,1.0860736268764057,-0.5811900437927676,0,-0.6682574493739278,0,0,-0.6786824217224323,3
1428,15,1.2547088618011146,0.6610989341549391,1.392023813261895,-1.4927330336371867,3,0.7577085210419187,0,1,-0.1496679193219872,3
1429,11,-1.7838318216197984,-1.4067833778824486,1.0248835895993078,-0.5242186069274913,2,-0.6682574493739278,0,0,0.22819958239261645,3
1430,7,-0.383111986765481,-1.2515321516691895,1.4899278729052516,-0.9230186649844248,1,-0.6682574493739278,0,0,1.4373755878793482,3
1431,1,-0.24814679434461676,0.6210857315226723,-0.011267708292882758,0.4442958197822039,2,-0.6682574493739278,0,0,-1.4722041753230999,2
1432,12,-2.008165857670674,1.9735319804944969,-0.9903083047264487,0.6721815672433087,4,0.4408271942828417,0,0,-0.7164691718938927,1
1433,15,1.2547088618011146,0.6610989341549391,0.96369355232221,-0.4672471700622152,1,-0.6682574493739278,0,1,-1.169910173951417,3
1434,10,-0.17336878232770134,-0.10715455638531189,-1.5002252820355975,1.0140101884349657,1,-0.6682574493739278,1,0,1.6640960889081102,1
1435,4,0.30995251485512954,0.3914099484132469,0.5516806346564176,-0.7521043543885961,3,0.2823865309033032,0,0,-1.2832704244657982,0
1436,4,0.30995251485512954,0.3914099484132469,-1.5002252820355975,1.8685817414141086,2,-0.6682574493739278,0,0,-1.2832704244657982,1
1437,1,-0.24814679434461676,0.6210857315226723,0.25796845572634786,-0.4672471700622152,4,2.500555818216842,0,0,-0.07409441897906646,0
1438,7,-0.383111986765481,-1.2515321516691895,-0.43143929759562144,-0.011475675140005663,1,-0.6682574493739278,1,0,-1.3210571746372586,2
1439,15,1.2547088618011146,0.6610989341549391,0.38850720191749,-0.5811900437927676,3,0.4408271942828417,0,0,-1.2076969241228774,0
1440,11,-1.7838318216197984,-1.4067833778824486,1.5144038878160908,-1.4927330336371867,3,-0.5098167859943894,0,1,1.4373755878793482,3
1441,2,0.9902500388142728,-0.3176240022311628,0.5761566495672568,-0.7521043543885961,3,1.866793164698688,0,0,0.9461478356503634,0
1442,8,0.6510132038105156,-0.21519020349247783,-1.6837953938668913,0.5012672566474801,4,0.9161491844214572,1,0,0.11483933187823536,1
1443,6,0.23335064888652038,1.3893392220629235,-0.847531551079887,0.5582386935127562,3,-0.5098167859943894,0,0,1.2862285871935066,1
1444,9,1.3623162449474802,-0.524092127813878,-1.5206219611279634,1.8685817414141086,2,-0.6682574493739278,0,1,0.5304935837642993,1
1445,15,1.2547088618011146,0.6610989341549391,-0.5946127303345491,-0.5242186069274913,4,0.9161491844214572,1,0,0.26598633256407683,0
1446,12,-2.008165857670674,1.9735319804944969,-0.37840793195546996,0.10246719859054672,3,2.500555818216842,0,1,-0.7164691718938927,2
1447,3,-1.4828959196003133,-1.3459633098813757,-0.42328062595867505,0.1594386354558229,4,2.0252338280782265,0,0,-0.18745466949344755,2
1448,1,-0.24814679434461676,0.6210857315226723,1.5348005669084568,-1.4927330336371867,3,-0.03449479585577385,1,0,-0.7164691718938927,3
1449,1,-0.24814679434461676,0.6210857315226723,0.3354758362773385,0.1594386354558229,1,-0.6682574493739278,0,0,-1.2454836742943378,2
1450,13,-0.12047701773033298,0.5410593262580249,0.7638060972170236,-0.23936142260111043,0,-0.6682574493739278,0,0,-0.9054029227511945,2
1451,5,-0.47612853829875046,-1.599647014570184,1.1635810074273962,-1.321818723041358,3,2.500555818216842,0,1,-0.2630281698363683,3
1452,13,-0.12047701773033298,0.5410593262580249,-0.07653708138845382,0.5012672566474801,1,-0.6682574493739278,0,0,1.5507358383937293,1
1453,8,0.6510132038105156,-0.21519020349247783,1.7265293503766967,-1.4927330336371867,2,-0.6682574493739278,1,0,-0.9054029227511945,3
1454,5,-0.47612853829875046,-1.599647014570184,0.6128706719335155,-0.12541854887055803,2,-0.6682574493739278,0,0,-0.8298294224082737,2
1455,9,1.3623162449474802,-0.524092127813878,1.114628977605718,-1.4357615967719104,2,-0.6682574493739278,1,0,1.6640960889081102,3
1456,4,0.30995251485512954,0.3914099484132469,-1.2595444687456794,1.640695993953004,1,-0.6682574493739278,0,0,1.3995888377078878,1
1457,13,-0.12047701773033298,0.5410593262580249,1.5511179101823496,-0.9799901018497009,1,-0.6682574493739278,0,1,-1.169910173951417,3
1458,10,-0.17336878232770134,-0.10715455638531189,0.13558838117215213,-0.3533042963316628,4,-0.03449479585577385,0,0,-0.2630281698363683,2
1459,8,0.6510132038105156,-0.21519020349247783,-0.2764245364936402,-0.12541854887055803,1,-0.6682574493739278,1,0,-0.8298294224082737,2
1460,12,-2.008165857670674,1.9735319804944969,-0.8108175287136282,1.1849244990307943,1,-0.6682574493739278,0,0,-1.0187631732655755,1
1461,3,-1.4828959196003133,-1.3459633098813757,1.3430717834402168,-0.8090757912538723,2,-0.6682574493739278,0,0,-1.2454836742943378,3
1462,12,-2.008165857670674,1.9735319804944969,-0.635406088519281,0.3303529460516515,3,1.866793164698688,0,1,-0.7920426722368133,2
1463,6,0.23335064888652038,1.3893392220629235,-1.4186385656661338,1.7546388676835563,2,-0.6682574493739278,0,0,1.512949088222269,1
1464,10,-0.17336878232770134,-0.10715455638531189,1.3022784252554849,-0.7521043543885961,2,-0.6682574493739278,0,1,-0.6031089213795116,3
1465,8,0.6510132038105156,-0.21519020349247783,-0.03166438738524872,0.5012672566474801,0,-0.6682574493739278,0,0,-1.4722041753230999,1
1466,1,-0.24814679434461676,0.6210857315226723,-1.1412437300099567,1.5267531202224516,2,-0.6682574493739278,0,0,0.7194273346216012,1
1467,0,0.6473654959072578,0.16733601367230244,-0.4967086706911925,0.2164100723210991,4,2.0252338280782265,0,0,-0.2252414196649079,2
1468,1,-0.24814679434461676,0.6210857315226723,1.7020533354658576,-1.1509044124455294,1,-0.6682574493739278,0,1,1.0595080861647446,3
1469,2,0.9902500388142728,-0.3176240022311628,1.4817692012683052,-0.9230186649844248,0,-0.6682574493739278,0,0,0.5304935837642993,3
1470,4,0.30995251485512954,0.3914099484132469,0.26612712736329425,0.2164100723210991,1,-0.6682574493739278,0,1,0.9839345858218238,2
1471,4,0.30995251485512954,0.3914099484132469,-1.1616404091023227,1.5267531202224516,2,-0.6682574493739278,0,0,1.3995888377078878,1
1472,15,1.2547088618011146,0.6610989341549391,1.0615976119655666,-0.5242186069274913,1,-0.6682574493739278,0,0,-0.07409441897906646,3
1473,12,-2.008165857670674,1.9735319804944969,0.7556474255800772,-1.0939329755802534,0,-0.6682574493739278,1,1,1.324015337364967,3
1474,4,0.30995251485512954,0.3914099484132469,0.22941310499703552,0.2164100723210991,1,-0.6682574493739278,0,1,-1.0187631732655755,2
1475,0,0.6473654959072578,0.16733601367230244,0.8331548061310678,-1.2078758493108057,2,-0.6682574493739278,1,0,-0.338601670179289,3
1476,6,0.23335064888652038,1.3893392220629235,0.49049059737931977,-0.69513291752332,3,-0.35137612261485085,0,0,0.5682803339357597,0
1477,3,-1.4828959196003133,-1.3459633098813757,-0.8964835809015652,1.2988673727613467,2,-0.6682574493739278,0,0,-1.5099909254945603,1
1478,5,-0.47612853829875046,-1.599647014570184,-0.5415813646943977,0.9570387515696896,1,-0.6682574493739278,0,0,0.8705743353074427,1
1479,7,-0.383111986765481,-1.2515321516691895,-0.7006754616148521,0.38732438291692767,4,0.9161491844214572,0,0,1.097294836336205,2
1480,12,-2.008165857670674,1.9735319804944969,-0.4763119915988266,0.04549576172527053,0,-0.6682574493739278,1,0,0.7950008349645219,2
1481,9,1.3623162449474802,-0.524092127813878,0.2334924408155087,0.2164100723210991,0,-0.6682574493739278,0,0,0.8327875851359823,2
1482,15,1.2547088618011146,0.6610989341549391,-1.1208470509175907,0.786124440973861,3,0.7577085210419187,0,0,-0.30081492000782867,1
1483,4,0.30995251485512954,0.3914099484132469,-0.2845832081305866,0.7291530041085849,0,-0.6682574493739278,0,0,-0.07409441897906646,1
1484,1,-0.24814679434461676,0.6210857315226723,0.35995185118817763,-0.5811900437927676,4,1.866793164698688,0,1,-1.2076969241228774,0
1485,10,-0.17336878232770134,-0.10715455638531189,-0.23563117830890828,-0.18238998573583423,0,-0.6682574493739278,1,0,0.492706833592839,2
1486,6,0.23335064888652038,1.3893392220629235,-1.5247012969464366,0.3303529460516515,3,1.866793164698688,1,0,1.097294836336205,2
1487,2,0.9902500388142728,-0.3176240022311628,1.4164998281727341,-1.4927330336371867,3,0.4408271942828417,0,0,-0.2630281698363683,3
1488,15,1.2547088618011146,0.6610989341549391,1.6163872832779205,-1.036961538714977,0,-0.6682574493739278,0,0,-1.169910173951417,3
1489,7,-0.383111986765481,-1.2515321516691895,1.5959906041855545,-1.036961538714977,2,-0.6682574493739278,0,0,-0.3763884203507494,3
1490,4,0.30995251485512954,0.3914099484132469,-1.4186385656661338,1.7546388676835563,0,-0.6682574493739278,0,0,-1.0187631732655755,1
1491,12,-2.008165857670674,1.9735319804944969,-0.7169928048887448,-0.410275733196939,3,2.3421151548373036,1,0,0.4171333332499183,0
1492,5,-0.47612853829875046,-1.599647014570184,-0.5375020288759245,0.27338150918637527,4,0.5992678576623801,0,0,-0.9431896729226549,2
1493,3,-1.4828959196003133,-1.3459633098813757,0.7842027763093895,-0.9799901018497009,4,-0.19293545923531236,0,0,-1.585564425837481,3
1494,14,0.9264151505071309,0.868367323790327,1.090152962694879,-0.5811900437927676,2,-0.6682574493739278,0,0,1.0217213359932842,3
1495,5,-0.47612853829875046,-1.599647014570184,-0.30090055140447935,-0.12541854887055803,1,-0.6682574493739278,1,0,-1.169910173951417,2
1496,11,-1.7838318216197984,-1.4067833778824486,-0.43143929759562144,0.8430958778391372,0,-0.6682574493739278,0,0,0.3037730827355372,1
1497,15,1.2547088618011146,0.6610989341549391,-0.30905922304142575,0.7291530041085849,0,-0.6682574493739278,0,0,1.3618020875364274,1
1498,4,0.30995251485512954,0.3914099484132469,-0.37024926031852357,-0.06844711200528185,2,-0.6682574493739278,1,0,-1.3210571746372586,2
1499,0,0.6473654959072578,0.16733601367230244,-0.8108175287136282,1.1849244990307943,2,-0.6682574493739278,0,0,1.0217213359932842,1
1500,1,-0.24814679434461676,0.6210857315226723,1.5715145892747155,-1.4927330336371867,4,0.12394586752376466,0,1,1.7018828390795706,3
1501,8,0.6510132038105156,-0.21519020349247783,0.017287642436429582,-0.23936142260111043,4,2.0252338280782265,0,0,0.11483933187823536,2
1502,10,-0.17336878232770134,-0.10715455638531189,-0.14588579030249807,-0.9799901018497009,3,2.3421151548373036,1,0,-1.4344174251516395,3
1503,12,-2.008165857670674,1.9735319804944969,1.6123079474594473,-1.036961538714977,1,-0.6682574493739278,0,1,1.4373755878793482,3
1504,4,0.30995251485512954,0.3914099484132469,1.1431843283350305,-1.321818723041358,4,0.9161491844214572,0,1,-1.6233511760089414,3
1505,12,-2.008165857670674,1.9735319804944969,-1.1412437300099567,1.5267531202224516,2,-0.6682574493739278,0,1,0.0014790813638542722,1
1506,11,-1.7838318216197984,-1.4067833778824486,-0.35393191704463084,0.786124440973861,0,-0.6682574493739278,0,0,1.6640960889081102,1
1507,12,-2.008165857670674,1.9735319804944969,1.73060868619517,-1.4927330336371867,3,0.4408271942828417,0,0,-1.3210571746372586,3
1508,14,0.9264151505071309,0.868367323790327,0.8821068359527461,-1.4927330336371867,4,1.2330305111805342,1,0,-0.8676161725797341,3
1509,0,0.6473654959072578,0.16733601367230244,1.4899278729052516,-0.9230186649844248,0,-0.6682574493739278,0,0,-0.2252414196649079,3
1510,9,1.3623162449474802,-0.524092127813878,0.7270920748507649,-0.23936142260111043,0,-0.6682574493739278,0,0,-0.2252414196649079,2
1511,2,0.9902500388142728,-0.3176240022311628,1.7142913429212772,-1.1509044124455294,1,-0.6682574493739278,0,0,0.7572140847930615,3
1512,14,0.9264151505071309,0.868367323790327,0.7760441046724431,-1.4927330336371867,4,1.549911837939611,1,0,-1.0943366736084963,3
1513,4,0.30995251485512954,0.3914099484132469,-0.6231680810638615,0.3303529460516515,4,-0.35137612261485085,0,1,0.45492008342137863,2
1514,3,-1.4828959196003133,-1.3459633098813757,0.3925865377359632,-0.5811900437927676,3,1.549911837939611,0,0,-1.169910173951417,0
1515,1,-0.24814679434461676,0.6210857315226723,1.6775773205550184,-1.0939329755802534,1,-0.6682574493739278,0,0,-1.4722041753230999,3
1516,3,-1.4828959196003133,-1.3459633098813757,-0.12140977539165893,0.5582386935127562,1,-0.6682574493739278,0,0,1.62630933873665,1
1517,3,-1.4828959196003133,-1.3459633098813757,-0.08061641720692701,-0.18238998573583423,3,1.0745898478009956,0,0,-1.6989246763518622,2
1518,3,-1.4828959196003133,-1.3459633098813757,0.6577433659367206,-0.18238998573583423,0,-0.6682574493739278,0,0,-1.585564425837481,2
1519,4,0.30995251485512954,0.3914099484132469,-0.003109036655936375,0.4442958197822039,0,-0.6682574493739278,0,0,1.1728683366791255,2
1520,8,0.6510132038105156,-0.21519020349247783,0.6618227017551938,-0.18238998573583423,1,-0.6682574493739278,0,0,-1.2832704244657982,2
1521,9,1.3623162449474802,-0.524092127813878,0.6536640301182475,-0.18238998573583423,2,-0.6682574493739278,0,0,0.3037730827355372,2
1522,3,-1.4828959196003133,-1.3459633098813757,0.8494721494049606,-1.4927330336371867,4,2.183674491457765,1,0,-0.8298294224082737,3
1523,12,-2.008165857670674,1.9735319804944969,0.7719647688539699,-0.2963328594663866,1,-0.6682574493739278,0,0,0.3037730827355372,2
1524,10,-0.17336878232770134,-0.10715455638531189,-1.3533691925705627,1.6976674308182802,2,-0.6682574493739278,0,0,-1.0187631732655755,1
1525,5,-0.47612853829875046,-1.599647014570184,1.1880570223382354,-0.6381614806580438,2,-0.6682574493739278,0,0,0.5304935837642993,3
1526,8,0.6510132038105156,-0.21519020349247783,-1.553256647675749,1.0140101884349657,1,-0.6682574493739278,1,0,-1.585564425837481,1
1527,1,-0.24814679434461676,0.6210857315226723,0.8045994554017555,-0.2963328594663866,0,-0.6682574493739278,0,0,0.07705258170677501,2
1528,5,-0.47612853829875046,-1.599647014570184,1.2370090521599137,-1.3787901599066343,3,0.4408271942828417,0,1,1.7018828390795706,3
1529,12,-2.008165857670674,1.9735319804944969,0.26612712736329425,0.2164100723210991,2,-0.6682574493739278,0,0,1.512949088222269,2
1530,15,1.2547088618011146,0.6610989341549391,0.07439834389505426,-0.2963328594663866,3,0.2823865309033032,0,0,-0.3763884203507494,2
1531,3,-1.4828959196003133,-1.3459633098813757,-1.5165426253094902,1.0140101884349657,0,-0.6682574493739278,1,0,0.5304935837642993,1
1532,14,0.9264151505071309,0.868367323790327,1.710212007102804,-1.1509044124455294,2,-0.6682574493739278,0,0,1.0595080861647446,3
1533,6,0.23335064888652038,1.3893392220629235,-1.443114580576973,1.8116103045488325,0,-0.6682574493739278,0,0,0.26598633256407683,1
1534,11,-1.7838318216197984,-1.4067833778824486,0.025446314073375963,0.4442958197822039,1,-0.6682574493739278,0,0,0.7950008349645219,2
1535,3,-1.4828959196003133,-1.3459633098813757,-0.1825998126687568,-0.06844711200528185,3,1.549911837939611,0,1,-1.2076969241228774,2
1536,14,0.9264151505071309,0.868367323790327,-0.7904208496212622,0.5012672566474801,3,2.0252338280782265,0,0,0.0014790813638542722,1
1537,0,0.6473654959072578,0.16733601367230244,-0.443677305051041,0.8430958778391372,1,-0.6682574493739278,0,1,1.4751623380508085,1
1538,13,-0.12047701773033298,0.5410593262580249,-1.3533691925705627,1.6976674308182802,0,-0.6682574493739278,0,1,0.0014790813638542722,1
1539,5,-0.47612853829875046,-1.599647014570184,-0.43551863341409464,-0.69513291752332,4,-0.5098167859943894,1,0,1.3995888377078878,0
1540,12,-2.008165857670674,1.9735319804944969,-0.9658322898156095,1.355838809626623,2,-0.6682574493739278,0,0,-0.8298294224082737,1
1541,15,1.2547088618011146,0.6610989341549391,1.559276581819296,-0.9799901018497009,0,-0.6682574493739278,0,1,1.0217213359932842,3
1542,4,0.30995251485512954,0.3914099484132469,0.4252212242837487,-1.4927330336371867,4,-0.19293545923531236,1,0,1.5507358383937293,3
1543,1,-0.24814679434461676,0.6210857315226723,1.6775773205550184,-1.0939329755802534,1,-0.6682574493739278,0,0,-0.3763884203507494,3
1544,6,0.23335064888652038,1.3893392220629235,0.7597267613985504,-1.0939329755802534,2,-0.6682574493739278,1,0,0.492706833592839,3
1545,4,0.30995251485512954,0.3914099484132469,-1.6633987147745253,1.982524615144661,0,-0.6682574493739278,0,0,0.7194273346216012,1
1546,5,-0.47612853829875046,-1.599647014570184,1.0779149552394593,-1.4927330336371867,3,0.2823865309033032,1,1,1.0595080861647446,3
1547,1,-0.24814679434461676,0.6210857315226723,1.367547798351056,-1.4927330336371867,3,1.0745898478009956,0,0,-0.338601670179289,3
1548,8,0.6510132038105156,-0.21519020349247783,0.7556474255800772,-0.23936142260111043,2,-0.6682574493739278,0,0,-1.056549923437036,2
1549,6,0.23335064888652038,1.3893392220629235,-1.018863655455761,0.7291530041085849,4,0.7577085210419187,0,0,-1.0943366736084963,1
1550,4,0.30995251485512954,0.3914099484132469,0.35179317955123124,0.10246719859054672,1,-0.6682574493739278,0,0,-0.1496679193219872,2
1551,2,0.9902500388142728,-0.3176240022311628,0.21717509754161596,0.2164100723210991,1,-0.6682574493739278,0,0,0.8327875851359823,2
1552,9,1.3623162449474802,-0.524092127813878,-1.3656072000259822,0.8430958778391372,2,-0.6682574493739278,1,1,0.5304935837642993,1
1553,12,-2.008165857670674,1.9735319804944969,-0.7904208496212622,1.1849244990307943,1,-0.6682574493739278,0,0,1.3995888377078878,1
1554,0,0.6473654959072578,0.16733601367230244,-0.42328062595867505,0.1594386354558229,4,2.183674491457765,0,0,-1.1321234237799567,2
1555,6,0.23335064888652038,1.3893392220629235,1.6367839623702864,-1.0939329755802534,2,-0.6682574493739278,0,1,0.039265831535314634,3
1556,0,0.6473654959072578,0.16733601367230244,-0.6150094094269151,0.3303529460516515,3,0.5992678576623801,0,0,-1.6611379261804018,2
1557,11,-1.7838318216197984,-1.4067833778824486,1.5919112683670815,-1.4927330336371867,4,-0.35137612261485085,0,1,1.2862285871935066,3
1558,12,-2.008165857670674,1.9735319804944969,-1.2187511105609474,1.5837245570877276,1,-0.6682574493739278,0,1,-1.6233511760089414,1
1559,10,-0.17336878232770134,-0.10715455638531189,1.1880570223382354,-1.321818723041358,4,1.7083525013191496,0,1,-1.585564425837481,3
1560,14,0.9264151505071309,0.868367323790327,0.8494721494049606,-0.3533042963316628,1,-0.6682574493739278,0,0,0.492706833592839,2
1561,13,-0.12047701773033298,0.5410593262580249,-1.3941625507552946,1.7546388676835563,0,-0.6682574493739278,0,1,-0.8298294224082737,1
1562,5,-0.47612853829875046,-1.599647014570184,-0.847531551079887,-0.2963328594663866,4,0.2823865309033032,1,0,1.0217213359932842,2
1563,12,-2.008165857670674,1.9735319804944969,-0.7373894839811108,0.4442958197822039,4,1.0745898478009956,0,0,1.62630933873665,2
1564,0,0.6473654959072578,0.16733601367230244,1.7469260294690627,-1.4927330336371867,4,0.9161491844214572,1,0,0.45492008342137863,3
1565,6,0.23335064888652038,1.3893392220629235,0.4823319257423734,-0.011475675140005663,0,-0.6682574493739278,0,1,-0.2252414196649079,2
1566,9,1.3623162449474802,-0.524092127813878,0.20901642590466957,0.27338150918637527,2,-0.6682574493739278,0,0,1.324015337364967,2
1567,8,0.6510132038105156,-0.21519020349247783,0.7882821121278627,-1.1509044124455294,1,-0.6682574493739278,1,0,0.6816405844501409,3
1568,13,-0.12047701773033298,0.5410593262580249,-0.09693376048081978,-0.12541854887055803,4,1.866793164698688,0,1,-0.8298294224082737,2
1569,3,-1.4828959196003133,-1.3459633098813757,0.3232378288219189,-0.5242186069274913,3,1.7083525013191496,0,0,-0.6408956715509719,0
1570,2,0.9902500388142728,-0.3176240022311628,0.14374705280909852,-0.5242186069274913,0,-0.6682574493739278,1,0,-1.056549923437036,0
1571,1,-0.24814679434461676,0.6210857315226723,0.6332673510258815,-1.4927330336371867,4,-0.03449479585577385,1,0,-1.3966306749801791,3
1572,4,0.30995251485512954,0.3914099484132469,0.0009702991625368165,-0.23936142260111043,3,0.2823865309033032,0,1,0.4171333332499183,2
1573,8,0.6510132038105156,-0.21519020349247783,-0.9372769390862972,0.4442958197822039,2,-0.6682574493739278,1,0,-0.11188116915052682,2
1574,10,-0.17336878232770134,-0.10715455638531189,-0.2601071932197474,0.6721815672433087,2,-0.6682574493739278,0,1,-0.8676161725797341,1
1575,12,-2.008165857670674,1.9735319804944969,-1.5043046178540707,1.1849244990307943,3,-0.03449479585577385,0,1,-0.4519619206936701,1
1576,3,-1.4828959196003133,-1.3459633098813757,0.7189334032138185,-1.0939329755802534,1,-0.6682574493739278,1,1,1.2862285871935066,3
1577,13,-0.12047701773033298,0.5410593262580249,1.2288503805229674,-1.3787901599066343,4,0.4408271942828417,0,0,1.4751623380508085,3
1578,2,0.9902500388142728,-0.3176240022311628,1.4532138505389929,-1.4927330336371867,4,0.5992678576623801,0,1,-0.4519619206936701,3
1579,13,-0.12047701773033298,0.5410593262580249,-0.11325110375471253,-0.12541854887055803,3,0.5992678576623801,0,1,-0.7920426722368133,2
1580,7,-0.383111986765481,-1.2515321516691895,-0.6639614392485934,1.070981625300242,0,-0.6682574493739278,0,0,-0.2630281698363683,1
1581,9,1.3623162449474802,-0.524092127813878,1.649021969825706,-1.4927330336371867,3,2.500555818216842,0,1,-0.18745466949344755,3
1582,9,1.3623162449474802,-0.524092127813878,0.8984241792266389,-0.410275733196939,2,-0.6682574493739278,0,0,-1.3966306749801791,0
1583,2,0.9902500388142728,-0.3176240022311628,0.3395551720958117,-0.7521043543885961,0,-0.6682574493739278,1,0,-1.2454836742943378,0
1584,9,1.3623162449474802,-0.524092127813878,0.8902655075896925,-0.410275733196939,1,-0.6682574493739278,0,1,-0.6031089213795116,0
1585,11,-1.7838318216197984,-1.4067833778824486,0.4415385675576415,-1.4927330336371867,3,1.866793164698688,1,0,0.9839345858218238,3
1586,7,-0.383111986765481,-1.2515321516691895,-1.0066256480003415,0.6721815672433087,3,2.500555818216842,0,0,0.9461478356503634,1
1587,11,-1.7838318216197984,-1.4067833778824486,0.2906031422741334,-1.3787901599066343,3,0.7577085210419187,1,1,-0.7920426722368133,3
1588,14,0.9264151505071309,0.868367323790327,-1.7123507445962036,2.0394960520099374,1,-0.6682574493739278,0,0,0.6816405844501409,1
1589,6,0.23335064888652038,1.3893392220629235,-0.38656660359241635,0.10246719859054672,3,0.5992678576623801,0,0,-1.169910173951417,2
1590,14,0.9264151505071309,0.868367323790327,-1.2880998194749915,0.786124440973861,1,-0.6682574493739278,1,0,-1.6233511760089414,1
1591,5,-0.47612853829875046,-1.599647014570184,1.0330422612362542,-1.2078758493108057,4,2.3421151548373036,0,0,1.0595080861647446,3
1592,3,-1.4828959196003133,-1.3459633098813757,1.090152962694879,-0.5811900437927676,1,-0.6682574493739278,0,1,-0.11188116915052682,3
1593,15,1.2547088618011146,0.6610989341549391,0.16822306771993767,0.27338150918637527,1,-0.6682574493739278,0,0,-0.8676161725797341,2
1594,2,0.9902500388142728,-0.3176240022311628,-0.38248726777394315,0.786124440973861,0,-0.6682574493739278,0,0,-0.9809764230941153,1
1595,12,-2.008165857670674,1.9735319804944969,0.1029536946243666,-0.3533042963316628,3,1.7083525013191496,0,0,-0.8676161725797341,2
1596,5,-0.47612853829875046,-1.599647014570184,-0.9862289689079755,0.5012672566474801,0,-0.6682574493739278,1,0,0.07705258170677501,1
1597,12,-2.008165857670674,1.9735319804944969,-0.15404446193944446,0.6152101303780324,0,-0.6682574493739278,0,1,0.6060670841072201,1
1598,8,0.6510132038105156,-0.21519020349247783,1.6000699400040277,-1.4927330336371867,3,0.9161491844214572,1,0,1.2862285871935066,3
1599,4,0.30995251485512954,0.3914099484132469,0.029525649891849155,0.4442958197822039,2,-0.6682574493739278,0,0,0.8705743353074427,2
1600,8,0.6510132038105156,-0.21519020349247783,1.159501671608923,-1.321818723041358,3,1.3914711745600725,0,0,0.492706833592839,3
1601,1,-0.24814679434461676,0.6210857315226723,0.9677728881406832,-0.4672471700622152,1,-0.6682574493739278,0,0,-1.0943366736084963,3
1602,2,0.9902500388142728,-0.3176240022311628,-0.34169390958921125,0.10246719859054672,4,0.7577085210419187,0,0,-1.0943366736084963,2
1603,3,-1.4828959196003133,-1.3459633098813757,-0.1825998126687568,0.6152101303780324,0,-0.6682574493739278,0,0,1.324015337364967,1
1604,4,0.30995251485512954,0.3914099484132469,1.4368965072651,-1.4927330336371867,4,2.500555818216842,0,1,0.5304935837642993,3
1605,7,-0.383111986765481,-1.2515321516691895,-0.806738192895155,1.1849244990307943,2,-0.6682574493739278,0,0,1.5507358383937293,1
1606,3,-1.4828959196003133,-1.3459633098813757,-0.23971051412738148,0.6721815672433087,0,-0.6682574493739278,0,0,-1.0943366736084963,1
1607,8,0.6510132038105156,-0.21519020349247783,-1.2187511105609474,0.7291530041085849,1,-0.6682574493739278,1,0,-1.6233511760089414,1
1608,12,-2.008165857670674,1.9735319804944969,-0.8760869018091993,1.2418959358960706,2,-0.6682574493739278,0,0,-1.2076969241228774,1
1609,13,-0.12047701773033298,0.5410593262580249,1.34715111925869,-1.4927330336371867,3,0.7577085210419187,0,1,-0.4519619206936701,3
1610,14,0.9264151505071309,0.868367323790327,1.710212007102804,-1.4927330336371867,2,-0.6682574493739278,1,0,-1.5477776756660206,3
1611,5,-0.47612853829875046,-1.599647014570184,-1.483907938761705,1.1279530621655183,4,1.7083525013191496,0,1,1.512949088222269,1
1612,10,-0.17336878232770134,-0.10715455638531189,1.5062452161791444,-0.9799901018497009,1,-0.6682574493739278,0,0,0.6438538342786805,3
1613,0,0.6473654959072578,0.16733601367230244,-1.6062880133159005,1.9255531782793849,1,-0.6682574493739278,0,1,1.5885225885651897,1
1614,8,0.6510132038105156,-0.21519020349247783,-0.14996512612097126,0.5582386935127562,1,-0.6682574493739278,0,0,0.5682803339357597,1
1615,0,0.6473654959072578,0.16733601367230244,-0.7292308123441644,0.4442958197822039,3,0.4408271942828417,0,1,0.4171333332499183,2
1616,13,-0.12047701773033298,0.5410593262580249,-0.806738192895155,-0.3533042963316628,4,0.7577085210419187,1,0,-0.30081492000782867,2
1617,15,1.2547088618011146,0.6610989341549391,-0.07653708138845382,0.5012672566474801,1,-0.6682574493739278,0,0,-0.1496679193219872,1
1618,4,0.30995251485512954,0.3914099484132469,-0.8516108868983602,-0.2963328594663866,4,-0.19293545923531236,1,1,-1.5477776756660206,2
1619,9,1.3623162449474802,-0.524092127813878,0.26612712736329425,-1.321818723041358,3,0.4408271942828417,1,0,-0.07409441897906646,3
1620,1,-0.24814679434461676,0.6210857315226723,-1.2880998194749915,1.640695993953004,1,-0.6682574493739278,0,0,-0.6031089213795116,1
1621,8,0.6510132038105156,-0.21519020349247783,0.07031900807658106,0.38732438291692767,0,-0.6682574493739278,0,0,1.5885225885651897,2
1622,9,1.3623162449474802,-0.524092127813878,1.0452802686916738,-0.5242186069274913,1,-0.6682574493739278,0,0,-1.0187631732655755,3
1623,1,-0.24814679434461676,0.6210857315226723,0.2375717766339819,-0.6381614806580438,0,-0.6682574493739278,1,0,-1.2454836742943378,0
1624,13,-0.12047701773033298,0.5410593262580249,-1.124926386736064,0.6152101303780324,0,-0.6682574493739278,1,1,0.039265831535314634,1
1625,3,-1.4828959196003133,-1.3459633098813757,-0.8720075659907262,0.5582386935127562,3,2.3421151548373036,0,1,-1.4344174251516395,1
1626,10,-0.17336878232770134,-0.10715455638531189,-0.4559153125064606,0.1594386354558229,4,0.12394586752376466,0,0,0.15262608204969574,2
1627,0,0.6473654959072578,0.16733601367230244,0.8943448434081657,-0.410275733196939,1,-0.6682574493739278,0,0,-0.5275354210365908,0
1628,8,0.6510132038105156,-0.21519020349247783,-0.08877508884387339,-0.3533042963316628,2,-0.6682574493739278,1,0,0.0014790813638542722,2
1629,5,-0.47612853829875046,-1.599647014570184,-1.4308765731215534,0.9000673147044134,1,-0.6682574493739278,1,0,-0.2252414196649079,1
1630,2,0.9902500388142728,-0.3176240022311628,-0.39880461104783593,0.8430958778391372,1,-0.6682574493739278,0,1,-1.056549923437036,1
1631,2,0.9902500388142728,-0.3176240022311628,-0.2274725066719619,-0.011475675140005663,3,0.4408271942828417,0,0,-1.6233511760089414,2
1632,7,-0.383111986765481,-1.2515321516691895,-0.9862289689079755,0.5012672566474801,0,-0.6682574493739278,1,1,-0.2252414196649079,1
1633,4,0.30995251485512954,0.3914099484132469,-1.5369393044018562,1.8685817414141086,2,-0.6682574493739278,0,0,-0.5275354210365908,1
1634,0,0.6473654959072578,0.16733601367230244,-0.10509243211776616,-0.9799901018497009,4,-0.03449479585577385,1,0,0.26598633256407683,3
1635,10,-0.17336878232770134,-0.10715455638531189,0.20493709008619637,0.27338150918637527,2,-0.6682574493739278,0,1,-0.11188116915052682,2
1636,11,-1.7838318216197984,-1.4067833778824486,-1.422717901484607,0.9000673147044134,1,-0.6682574493739278,1,0,-0.18745466949344755,1
1637,8,0.6510132038105156,-0.21519020349247783,1.5837525967301351,-1.4927330336371867,0,-0.6682574493739278,1,0,-0.30081492000782867,3
1638,8,0.6510132038105156,-0.21519020349247783,-0.6965961257963789,0.38732438291692767,3,1.2330305111805342,0,0,-1.3966306749801791,2
1639,1,-0.24814679434461676,0.6210857315226723,1.0126455821438882,-0.5242186069274913,0,-0.6682574493739278,0,0,-0.48974867086513046,3
1640,11,-1.7838318216197984,-1.4067833778824486,-1.1290057225545371,1.4697816833571753,1,-0.6682574493739278,0,1,-1.358843924808719,1
1641,6,0.23335064888652038,1.3893392220629235,-0.741468819799584,0.4442958197822039,4,-0.03449479585577385,0,0,0.11483933187823536,2
1642,8,0.6510132038105156,-0.21519020349247783,1.5878319325486083,-1.4927330336371867,3,-0.19293545923531236,0,0,-1.5099909254945603,3
1643,5,-0.47612853829875046,-1.599647014570184,-0.37840793195546996,-0.06844711200528185,0,-0.6682574493739278,1,0,-1.5477776756660206,2
1644,3,-1.4828959196003133,-1.3459633098813757,0.5190459481086321,-0.8660472281191486,0,-0.6682574493739278,1,1,0.22819958239261645,0
1645,4,0.30995251485512954,0.3914099484132469,-0.37840793195546996,0.10246719859054672,4,0.12394586752376466,0,0,-0.8298294224082737,2
1646,1,-0.24814679434461676,0.6210857315226723,0.017287642436429582,0.4442958197822039,1,-0.6682574493739278,0,0,0.6438538342786805,2
1647,7,-0.383111986765481,-1.2515321516691895,0.7230127390322917,-0.23936142260111043,1,-0.6682574493739278,0,0,-1.4344174251516395,2
1648,8,0.6510132038105156,-0.21519020349247783,1.179898350701289,-1.4927330336371867,4,2.0252338280782265,1,0,0.5304935837642993,3
1649,12,-2.008165857670674,1.9735319804944969,-0.30497988722295255,-0.8090757912538723,3,-0.5098167859943894,1,0,1.512949088222269,0
1650,2,0.9902500388142728,-0.3176240022311628,0.8331548061310678,-1.4927330336371867,4,1.0745898478009956,1,0,-0.11188116915052682,3
1651,14,0.9264151505071309,0.868367323790327,-0.42735996177714825,0.8430958778391372,0,-0.6682574493739278,0,1,1.4373755878793482,1
1652,5,-0.47612853829875046,-1.599647014570184,1.6449426340072328,-1.4927330336371867,3,1.3914711745600725,0,0,0.6816405844501409,3
1653,6,0.23335064888652038,1.3893392220629235,0.6699813733921401,-0.8660472281191486,4,-0.03449479585577385,0,0,1.6640960889081102,0
1654,11,-1.7838318216197984,-1.4067833778824486,-0.4681533199618802,-0.6381614806580438,4,1.7083525013191496,1,0,1.0595080861647446,0
1655,0,0.6473654959072578,0.16733601367230244,-0.3131385588598989,0.7291530041085849,0,-0.6682574493739278,0,0,-1.0187631732655755,1
1656,11,-1.7838318216197984,-1.4067833778824486,0.9269795299559512,-0.410275733196939,1,-0.6682574493739278,0,0,0.9839345858218238,0
1657,8,0.6510132038105156,-0.21519020349247783,-0.806738192895155,1.1849244990307943,2,-0.6682574493739278,0,0,0.26598633256407683,1
1658,4,0.30995251485512954,0.3914099484132469,1.498086544542198,-0.9230186649844248,0,-0.6682574493739278,0,0,1.3618020875364274,3
1659,4,0.30995251485512954,0.3914099484132469,0.17638173935688403,-0.5811900437927676,0,-0.6682574493739278,1,1,0.0014790813638542722,0
1660,5,-0.47612853829875046,-1.599647014570184,1.1839776865197622,-0.6381614806580438,2,-0.6682574493739278,0,0,0.34155983290699754,3
1661,2,0.9902500388142728,-0.3176240022311628,0.049922328984215114,-0.4672471700622152,2,-0.6682574493739278,1,0,-1.2076969241228774,0
1662,8,0.6510132038105156,-0.21519020349247783,-1.104529707643698,1.4697816833571753,0,-0.6682574493739278,0,0,0.908361085478903,1
1663,12,-2.008165857670674,1.9735319804944969,0.49456993319779297,-0.011475675140005663,2,-0.6682574493739278,0,0,-0.6408956715509719,2
1664,12,-2.008165857670674,1.9735319804944969,1.3512304550771632,-0.8090757912538723,2,-0.6682574493739278,0,0,0.4171333332499183,3
1665,13,-0.12047701773033298,0.5410593262580249,-0.7537068272550036,1.1279530621655183,2,-0.6682574493739278,0,1,0.1904128322211561,1
1666,4,0.30995251485512954,0.3914099484132469,1.0248835895993078,-0.5242186069274913,0,-0.6682574493739278,0,0,0.8327875851359823,3
1667,9,1.3623162449474802,-0.524092127813878,0.2334924408155087,-0.6381614806580438,2,-0.6682574493739278,1,0,-1.6233511760089414,0
1668,11,-1.7838318216197984,-1.4067833778824486,-0.4110426185032555,0.8430958778391372,0,-0.6682574493739278,0,0,-1.358843924808719,1
1669,4,0.30995251485512954,0.3914099484132469,-0.39880461104783593,0.1594386354558229,4,2.183674491457765,0,0,0.11483933187823536,2
1670,12,-2.008165857670674,1.9735319804944969,-0.08877508884387339,-0.18238998573583423,4,2.183674491457765,0,0,-0.07409441897906646,2
1671,10,-0.17336878232770134,-0.10715455638531189,-0.33761457377073806,-0.06844711200528185,2,-0.6682574493739278,1,0,1.097294836336205,2
1672,0,0.6473654959072578,0.16733601367230244,0.3762691944620704,0.10246719859054672,2,-0.6682574493739278,0,0,-1.0187631732655755,2
1673,9,1.3623162449474802,-0.524092127813878,-1.5858913342235346,1.9255531782793849,0,-0.6682574493739278,0,0,1.2106550868505859,1
1674,9,1.3623162449474802,-0.524092127813878,-0.25602785740127426,0.6721815672433087,0,-0.6682574493739278,0,0,1.62630933873665,1
1675,9,1.3623162449474802,-0.524092127813878,0.7189334032138185,-0.9230186649844248,4,0.4408271942828417,0,0,-1.5477776756660206,0
1676,12,-2.008165857670674,1.9735319804944969,0.9392175374113708,-0.410275733196939,0,-0.6682574493739278,0,0,1.5507358383937293,3
1677,14,0.9264151505071309,0.868367323790327,1.2043743656121282,-1.3787901599066343,3,0.2823865309033032,0,0,1.5507358383937293,3
1678,12,-2.008165857670674,1.9735319804944969,-1.6022086774974273,0.38732438291692767,3,0.4408271942828417,1,0,0.5304935837642993,2
1679,5,-0.47612853829875046,-1.599647014570184,-0.4722326557803534,0.9000673147044134,1,-0.6682574493739278,0,0,0.45492008342137863,1
1680,11,-1.7838318216197984,-1.4067833778824486,-1.2187511105609474,0.9000673147044134,3,2.183674491457765,0,0,0.5304935837642993,1
1681,15,1.2547088618011146,0.6610989341549391,1.4940072087237248,-1.4927330336371867,4,1.0745898478009956,0,0,1.3995888377078878,3
1682,11,-1.7838318216197984,-1.4067833778824486,0.1029536946243666,0.3303529460516515,2,-0.6682574493739278,0,0,0.4171333332499183,2
1683,13,-0.12047701773033298,0.5410593262580249,-1.14532306582843,1.5267531202224516,0,-0.6682574493739278,0,1,1.097294836336205,1
1684,10,-0.17336878232770134,-0.10715455638531189,0.7066953957583989,-0.23936142260111043,1,-0.6682574493739278,0,0,0.3037730827355372,2
1685,7,-0.383111986765481,-1.2515321516691895,-0.7700241705288964,0.5012672566474801,4,2.0252338280782265,0,1,0.5682803339357597,1
1686,10,-0.17336878232770134,-0.10715455638531189,0.18861974681230362,0.27338150918637527,0,-0.6682574493739278,0,1,0.492706833592839,2
1687,7,-0.383111986765481,-1.2515321516691895,-1.5654946551311686,0.38732438291692767,4,0.7577085210419187,1,0,1.2862285871935066,2
1688,1,-0.24814679434461676,0.6210857315226723,-1.4064005582107142,1.070981625300242,3,1.866793164698688,0,0,-1.6989246763518622,1
1689,2,0.9902500388142728,-0.3176240022311628,-0.806738192895155,0.5012672566474801,3,0.2823865309033032,0,1,1.62630933873665,1
1690,5,-0.47612853829875046,-1.599647014570184,-0.12956844702860532,0.5582386935127562,0,-0.6682574493739278,0,0,0.1904128322211561,1
1691,4,0.30995251485512954,0.3914099484132469,0.9759315597776296,-1.1509044124455294,4,1.7083525013191496,0,0,-0.4519619206936701,3
1692,11,-1.7838318216197984,-1.4067833778824486,1.0004075746884686,-0.4672471700622152,1,-0.6682574493739278,0,0,-0.338601670179289,3
1693,7,-0.383111986765481,-1.2515321516691895,-0.3212972304968453,0.7291530041085849,0,-0.6682574493739278,0,0,-0.754255922065353,1
1694,6,0.23335064888652038,1.3893392220629235,1.6775773205550184,-1.4927330336371867,4,2.3421151548373036,0,0,0.9461478356503634,3
1695,6,0.23335064888652038,1.3893392220629235,-0.5660573796052367,-0.5811900437927676,4,1.549911837939611,1,1,0.5682803339357597,0
1696,6,0.23335064888652038,1.3893392220629235,0.45377657501306107,-1.4927330336371867,3,2.3421151548373036,1,0,-1.5477776756660206,3
1697,7,-0.383111986765481,-1.2515321516691895,-1.6022086774974273,1.9255531782793849,2,-0.6682574493739278,0,0,-1.4344174251516395,1
1698,13,-0.12047701773033298,0.5410593262580249,0.21717509754161596,0.2164100723210991,1,-0.6682574493739278,0,0,-1.5477776756660206,2
1699,10,-0.17336878232770134,-0.10715455638531189,0.3477138437327581,-1.4357615967719104,3,2.3421151548373036,1,1,0.15262608204969574,3
1700,15,1.2547088618011146,0.6610989341549391,-0.0071883724744095665,0.4442958197822039,1,-0.6682574493739278,0,1,0.26598633256407683,2
1701,13,-0.12047701773033298,0.5410593262580249,-0.15812379775791766,-0.06844711200528185,3,2.500555818216842,0,0,0.9461478356503634,2
1702,10,-0.17336878232770134,-0.10715455638531189,0.8127581270387019,-1.4927330336371867,4,1.0745898478009956,1,0,0.8705743353074427,3
1703,12,-2.008165857670674,1.9735319804944969,1.4940072087237248,-1.4927330336371867,3,-0.35137612261485085,0,0,1.4373755878793482,3
1704,6,0.23335064888652038,1.3893392220629235,0.7434094181246577,-0.23936142260111043,2,-0.6682574493739278,0,0,-0.6408956715509719,2
1705,14,0.9264151505071309,0.868367323790327,-0.5293433572389781,0.9570387515696896,2,-0.6682574493739278,0,0,-1.0943366736084963,1
1706,2,0.9902500388142728,-0.3176240022311628,-1.0922917001882784,1.4697816833571753,1,-0.6682574493739278,0,0,0.8705743353074427,1
1707,12,-2.008165857670674,1.9735319804944969,-1.2065131031055278,0.9000673147044134,3,1.3914711745600725,0,0,1.5885225885651897,1
1708,14,0.9264151505071309,0.868367323790327,1.2451677237968601,-0.69513291752332,2,-0.6682574493739278,0,0,0.7572140847930615,3
1709,8,0.6510132038105156,-0.21519020349247783,0.38850720191749,-0.5811900437927676,4,1.3914711745600725,0,0,0.039265831535314634,0
1710,13,-0.12047701773033298,0.5410593262580249,1.6245459549148669,-1.0939329755802534,2,-0.6682574493739278,0,0,0.039265831535314634,3
1711,2,0.9902500388142728,-0.3176240022311628,-1.553256647675749,1.8685817414141086,2,-0.6682574493739278,0,0,1.7018828390795706,1
1712,8,0.6510132038105156,-0.21519020349247783,-0.7047547974333253,1.1279530621655183,1,-0.6682574493739278,0,0,0.7572140847930615,1
1713,13,-0.12047701773033298,0.5410593262580249,1.5021658803606712,-1.4927330336371867,4,0.5992678576623801,0,1,1.324015337364967,3
1714,0,0.6473654959072578,0.16733601367230244,-0.0846957530254002,0.5012672566474801,0,-0.6682574493739278,0,1,0.5682803339357597,1
1715,9,1.3623162449474802,-0.524092127813878,1.0126455821438882,-0.5242186069274913,2,-0.6682574493739278,0,1,0.07705258170677501,3
1716,8,0.6510132038105156,-0.21519020349247783,1.0044869105069418,-1.4927330336371867,3,0.5992678576623801,1,0,-1.3966306749801791,3
1717,7,-0.383111986765481,-1.2515321516691895,1.3430717834402168,-1.4927330336371867,3,0.5992678576623801,0,1,1.324015337364967,3
1718,5,-0.47612853829875046,-1.599647014570184,-1.402321222392241,1.070981625300242,4,0.2823865309033032,0,1,0.6438538342786805,1
1719,8,0.6510132038105156,-0.21519020349247783,0.9596142165037368,-0.4672471700622152,1,-0.6682574493739278,0,0,0.7194273346216012,3
1720,12,-2.008165857670674,1.9735319804944969,0.07031900807658106,0.38732438291692767,1,-0.6682574493739278,0,1,-0.1496679193219872,2
1721,15,1.2547088618011146,0.6610989341549391,1.4940072087237248,-1.4927330336371867,1,-0.6682574493739278,1,0,1.135081586507665,3
1722,9,1.3623162449474802,-0.524092127813878,-0.721072140707218,1.1279530621655183,1,-0.6682574493739278,0,0,1.3995888377078878,1
1723,0,0.6473654959072578,0.16733601367230244,1.049359604510147,-1.2078758493108057,4,0.4408271942828417,0,0,1.5885225885651897,3
1724,5,-0.47612853829875046,-1.599647014570184,1.3879444774434218,-0.8660472281191486,1,-0.6682574493739278,0,0,-0.30081492000782867,3
1725,14,0.9264151505071309,0.868367323790327,-0.34577324540768445,0.10246719859054672,3,1.2330305111805342,0,0,0.7194273346216012,2
1726,13,-0.12047701773033298,0.5410593262580249,0.18046107517535723,0.27338150918637527,1,-0.6682574493739278,0,0,1.3618020875364274,2
1727,7,-0.383111986765481,-1.2515321516691895,-0.8801662376276725,0.5582386935127562,3,0.4408271942828417,0,0,-1.3966306749801791,1
1728,8,0.6510132038105156,-0.21519020349247783,0.5312839555640517,-1.4927330336371867,3,-0.5098167859943894,1,0,1.2484418370220463,3
1729,9,1.3623162449474802,-0.524092127813878,0.5476012988379444,-0.7521043543885961,4,-0.5098167859943894,0,1,1.4751623380508085,0
1730,15,1.2547088618011146,0.6610989341549391,-0.37432859613699676,0.10246719859054672,3,0.12394586752376466,0,1,1.1728683366791255,2
1731,5,-0.47612853829875046,-1.599647014570184,-1.341131185115143,1.6976674308182802,2,-0.6682574493739278,0,0,-0.5653221712080512,1
1732,13,-0.12047701773033298,0.5410593262580249,-0.003109036655936375,0.4442958197822039,1,-0.6682574493739278,0,0,0.7194273346216012,2
1733,8,0.6510132038105156,-0.21519020349247783,-1.5369393044018562,0.3303529460516515,4,0.7577085210419187,1,0,-0.338601670179289,2
1734,11,-1.7838318216197984,-1.4067833778824486,0.16414373190146447,-0.410275733196939,4,0.9161491844214572,0,0,1.62630933873665,0
1735,10,-0.17336878232770134,-0.10715455638531189,-0.5048673423281389,0.9000673147044134,1,-0.6682574493739278,0,1,-0.6786824217224323,1
1736,3,-1.4828959196003133,-1.3459633098813757,1.5266418952715104,-1.4927330336371867,4,0.7577085210419187,1,0,0.039265831535314634,3
1737,4,0.30995251485512954,0.3914099484132469,1.241088387978387,-1.4927330336371867,2,-0.6682574493739278,1,1,1.1728683366791255,3
1738,9,1.3623162449474802,-0.524092127813878,-0.39472527522936274,0.10246719859054672,4,1.3914711745600725,0,0,1.6640960889081102,2
1739,2,0.9902500388142728,-0.3176240022311628,-1.6633987147745253,1.1279530621655183,2,-0.6682574493739278,1,1,0.8327875851359823,1
1740,11,-1.7838318216197984,-1.4067833778824486,-0.37432859613699676,-0.7521043543885961,4,0.7577085210419187,1,0,-1.4722041753230999,0
1741,6,0.23335064888652038,1.3893392220629235,-1.573653326768115,0.38732438291692767,4,1.7083525013191496,1,0,-0.11188116915052682,2
1742,1,-0.24814679434461676,0.6210857315226723,1.0167249179623614,-1.2078758493108057,3,1.549911837939611,0,1,-0.41417517052220976,3
1743,4,0.30995251485512954,0.3914099484132469,-0.24378984994585465,0.6721815672433087,0,-0.6682574493739278,0,0,1.2862285871935066,1
1744,12,-2.008165857670674,1.9735319804944969,-1.0514983420035466,0.5582386935127562,2,-0.6682574493739278,1,0,0.6060670841072201,1
1745,12,-2.008165857670674,1.9735319804944969,0.15598506026451808,-1.2648472861760818,4,1.549911837939611,1,0,-1.2832704244657982,3
1746,14,0.9264151505071309,0.868367323790327,-0.39472527522936274,-0.7521043543885961,3,0.9161491844214572,1,1,-0.2252414196649079,0
1747,2,0.9902500388142728,-0.3176240022311628,-1.6960334013223108,2.0394960520099374,1,-0.6682574493739278,0,0,1.2484418370220463,1
1748,1,-0.24814679434461676,0.6210857315226723,0.6822193808475597,-0.18238998573583423,0,-0.6682574493739278,0,0,-1.056549923437036,2
1749,13,-0.12047701773033298,0.5410593262580249,-1.7123507445962036,1.1849244990307943,0,-0.6682574493739278,1,0,1.097294836336205,1
1750,10,-0.17336878232770134,-0.10715455638531189,1.5878319325486083,-1.4927330336371867,0,-0.6682574493739278,1,0,0.8705743353074427,3
1751,6,0.23335064888652038,1.3893392220629235,1.0167249179623614,-0.5242186069274913,0,-0.6682574493739278,0,1,0.1904128322211561,3
1752,11,-1.7838318216197984,-1.4067833778824486,1.3512304550771632,-1.4927330336371867,3,0.7577085210419187,0,1,0.26598633256407683,3
1753,4,0.30995251485512954,0.3914099484132469,0.0050496349810100075,-0.410275733196939,1,-0.6682574493739278,1,0,-0.1496679193219872,0
1754,0,0.6473654959072578,0.16733601367230244,0.3803485302805436,0.10246719859054672,2,-0.6682574493739278,0,1,0.5682803339357597,2
1755,15,1.2547088618011146,0.6610989341549391,-1.0596570136404928,1.4128102464918992,2,-0.6682574493739278,0,0,-1.2832704244657982,1
1756,9,1.3623162449474802,-0.524092127813878,-0.7985795212582086,-0.3533042963316628,4,0.5992678576623801,1,0,0.8327875851359823,2
1757,1,-0.24814679434461676,0.6210857315226723,1.1962156939751818,-1.3787901599066343,4,1.2330305111805342,0,0,-0.2252414196649079,3
1758,5,-0.47612853829875046,-1.599647014570184,-0.2152344992165423,0.6721815672433087,1,-0.6682574493739278,0,1,0.9461478356503634,1
1759,13,-0.12047701773033298,0.5410593262580249,-0.3172178946783721,0.04549576172527053,3,2.183674491457765,0,0,0.5304935837642993,2
1760,6,0.23335064888652038,1.3893392220629235,-0.7169928048887448,0.4442958197822039,3,1.0745898478009956,0,0,0.8705743353074427,2
1761,4,0.30995251485512954,0.3914099484132469,-1.4716699313062853,1.8116103045488325,1,-0.6682574493739278,0,0,-0.48974867086513046,1
1762,5,-0.47612853829875046,-1.599647014570184,-0.6721201108855397,0.38732438291692767,4,0.7577085210419187,0,0,1.5885225885651897,2
1763,7,-0.383111986765481,-1.2515321516691895,0.9718522239591564,-1.4927330336371867,3,2.500555818216842,1,0,1.4751623380508085,3
1764,11,-1.7838318216197984,-1.4067833778824486,0.04176365734726873,-0.2963328594663866,4,-0.19293545923531236,0,0,0.9461478356503634,2
1765,4,0.30995251485512954,0.3914099484132469,-0.3212972304968453,0.7291530041085849,2,-0.6682574493739278,0,1,-0.6786824217224323,1
1766,10,-0.17336878232770134,-0.10715455638531189,0.984090231414576,-0.4672471700622152,2,-0.6682574493739278,0,0,0.8327875851359823,3
1767,5,-0.47612853829875046,-1.599647014570184,-0.39880461104783593,-0.69513291752332,4,0.12394586752376466,1,1,0.5304935837642993,0
1768,11,-1.7838318216197984,-1.4067833778824486,-1.4471939163954461,0.27338150918637527,3,-0.03449479585577385,1,0,0.3793465830784579,2
1769,4,0.30995251485512954,0.3914099484132469,0.6577433659367206,-1.036961538714977,0,-0.6682574493739278,1,0,1.6640960889081102,3
1770,7,-0.383111986765481,-1.2515321516691895,-0.38248726777394315,0.10246719859054672,4,0.5992678576623801,0,0,0.8327875851359823,2
1771,7,-0.383111986765481,-1.2515321516691895,1.2166123730675478,-1.4927330336371867,4,0.2823865309033032,1,0,-0.754255922065353,3
1772,11,-1.7838318216197984,-1.4067833778824486,-0.892404245083092,1.2988673727613467,1,-0.6682574493739278,0,1,0.34155983290699754,1
1773,8,0.6510132038105156,-0.21519020349247783,1.710212007102804,-1.4927330336371867,4,1.7083525013191496,1,0,1.5507358383937293,3
1774,5,-0.47612853829875046,-1.599647014570184,-1.1575610732838495,1.5267531202224516,0,-0.6682574493739278,0,0,-1.6989246763518622,1
1775,8,0.6510132038105156,-0.21519020349247783,-0.7700241705288964,0.3303529460516515,2,-0.6682574493739278,1,0,-1.6989246763518622,2
1776,1,-0.24814679434461676,0.6210857315226723,1.3512304550771632,-0.8090757912538723,0,-0.6682574493739278,0,0,-1.169910173951417,3
1777,12,-2.008165857670674,1.9735319804944969,-0.06021973811456105,-0.3533042963316628,2,-0.6682574493739278,1,0,1.7018828390795706,2
1778,5,-0.47612853829875046,-1.599647014570184,1.5470385743638764,-0.9799901018497009,2,-0.6682574493739278,0,1,-0.036307668807606094,3
1779,5,-0.47612853829875046,-1.599647014570184,0.9759315597776296,-1.321818723041358,1,-0.6682574493739278,1,0,1.0217213359932842,3
1780,8,0.6510132038105156,-0.21519020349247783,-1.2391477896533134,0.04549576172527053,3,0.2823865309033032,1,1,0.22819958239261645,2
1781,4,0.30995251485512954,0.3914099484132469,-0.10917176793623935,-0.2963328594663866,1,-0.6682574493739278,1,0,1.097294836336205,2
1782,1,-0.24814679434461676,0.6210857315226723,-0.5701367154237099,0.27338150918637527,4,0.7577085210419187,0,0,-0.8676161725797341,2
1783,14,0.9264151505071309,0.868367323790327,0.4089038810098559,-0.6381614806580438,3,2.500555818216842,0,0,1.2862285871935066,0
1784,4,0.30995251485512954,0.3914099484132469,-0.4518359766879874,0.1594386354558229,4,2.3421151548373036,0,1,1.5507358383937293,2
1785,2,0.9902500388142728,-0.3176240022311628,1.281881746163119,-1.4927330336371867,4,1.3914711745600725,1,0,-1.2076969241228774,3
1786,13,-0.12047701773033298,0.5410593262580249,-0.02350571574830233,0.4442958197822039,0,-0.6682574493739278,0,0,0.1904128322211561,2
1787,10,-0.17336878232770134,-0.10715455638531189,0.037684321528795535,-0.4672471700622152,1,-0.6682574493739278,1,0,-0.2630281698363683,0
1788,0,0.6473654959072578,0.16733601367230244,-1.271782476201099,1.640695993953004,0,-0.6682574493739278,0,0,1.62630933873665,1
1789,9,1.3623162449474802,-0.524092127813878,1.1717396790643426,-1.321818723041358,3,0.2823865309033032,0,1,0.22819958239261645,3
1790,7,-0.383111986765481,-1.2515321516691895,-1.4920666103986513,1.1279530621655183,4,1.0745898478009956,0,0,-0.8676161725797341,1
1791,11,-1.7838318216197984,-1.4067833778824486,-1.700112737140784,2.0394960520099374,1,-0.6682574493739278,0,0,0.45492008342137863,1
1792,5,-0.47612853829875046,-1.599647014570184,1.1839776865197622,-0.6381614806580438,1,-0.6682574493739278,0,0,1.3618020875364274,3
1793,15,1.2547088618011146,0.6610989341549391,-0.12956844702860532,0.5582386935127562,0,-0.6682574493739278,0,0,0.45492008342137863,1
1794,0,0.6473654959072578,0.16733601367230244,-1.1371643941914835,0.8430958778391372,3,0.5992678576623801,0,0,0.6438538342786805,1
1795,1,-0.24814679434461676,0.6210857315226723,0.3313965004588653,0.1594386354558229,1,-0.6682574493739278,0,0,1.5885225885651897,2
1796,12,-2.008165857670674,1.9735319804944969,1.0167249179623614,-0.5242186069274913,2,-0.6682574493739278,0,0,0.7572140847930615,3
1797,2,0.9902500388142728,-0.3176240022311628,0.7393300823061845,-0.9230186649844248,3,-0.03449479585577385,0,0,-0.8676161725797341,0
1798,1,-0.24814679434461676,0.6210857315226723,1.0615976119655666,-1.2078758493108057,3,1.3914711745600725,0,0,0.5304935837642993,3
1799,9,1.3623162449474802,-0.524092127813878,0.27428579900024064,-0.4672471700622152,3,0.5992678576623801,0,0,-0.1496679193219872,0
1800,12,-2.008165857670674,1.9735319804944969,-0.7292308123441644,1.1279530621655183,0,-0.6682574493739278,0,0,-1.6233511760089414,1
1801,4,0.30995251485512954,0.3914099484132469,0.8494721494049606,-1.4927330336371867,3,1.3914711745600725,1,0,-1.6989246763518622,3
1802,5,-0.47612853829875046,-1.599647014570184,0.0009702991625368165,-0.23936142260111043,4,1.7083525013191496,0,0,-1.0943366736084963,2
1803,13,-0.12047701773033298,0.5410593262580249,-0.5456607005128709,0.27338150918637527,4,0.4408271942828417,0,0,-1.6233511760089414,2
1804,12,-2.008165857670674,1.9735319804944969,-1.6022086774974273,0.38732438291692767,3,1.0745898478009956,1,0,-0.6786824217224323,2
1805,2,0.9902500388142728,-0.3176240022311628,-0.5864540586976027,1.0140101884349657,2,-0.6682574493739278,0,1,0.8327875851359823,1
1806,3,-1.4828959196003133,-1.3459633098813757,-1.190195759831635,0.8430958778391372,4,2.183674491457765,0,0,0.15262608204969574,1
1807,13,-0.12047701773033298,0.5410593262580249,0.7638060972170236,-0.9230186649844248,4,0.12394586752376466,0,1,-0.754255922065353,0
1808,14,0.9264151505071309,0.868367323790327,0.18046107517535723,0.27338150918637527,1,-0.6682574493739278,0,1,-0.338601670179289,2
1809,1,-0.24814679434461676,0.6210857315226723,-0.7088341332517984,0.4442958197822039,3,-0.03449479585577385,0,1,-1.2454836742943378,2
1810,13,-0.12047701773033298,0.5410593262580249,-1.3003378269304111,1.640695993953004,1,-0.6682574493739278,0,0,0.6060670841072201,1
1811,3,-1.4828959196003133,-1.3459633098813757,-0.039823059022195094,0.5012672566474801,0,-0.6682574493739278,0,0,-1.3210571746372586,1
1812,0,0.6473654959072578,0.16733601367230244,-1.14532306582843,0.8430958778391372,3,1.549911837939611,0,0,0.34155983290699754,1
1813,7,-0.383111986765481,-1.2515321516691895,1.7224500145582236,-1.1509044124455294,1,-0.6682574493739278,0,0,-0.6786824217224323,3
1814,7,-0.383111986765481,-1.2515321516691895,-0.8638488943537798,0.5582386935127562,4,2.500555818216842,0,0,-0.6786824217224323,1
1815,7,-0.383111986765481,-1.2515321516691895,0.5068079406532126,-0.69513291752332,3,1.2330305111805342,0,1,-0.7164691718938927,0
1816,15,1.2547088618011146,0.6610989341549391,0.25388911990787466,0.2164100723210991,0,-0.6682574493739278,0,0,-0.5275354210365908,2
1817,4,0.30995251485512954,0.3914099484132469,0.4374592317391683,0.04549576172527053,1,-0.6682574493739278,0,0,-0.6031089213795116,2
1818,0,0.6473654959072578,0.16733601367230244,1.5021658803606712,-1.4927330336371867,3,1.3914711745600725,0,0,-0.338601670179289,3
1819,14,0.9264151505071309,0.868367323790327,-0.4844706632357729,-0.6381614806580438,4,0.2823865309033032,1,1,0.7950008349645219,0
1820,2,0.9902500388142728,-0.3176240022311628,-0.5334226930574513,0.9570387515696896,2,-0.6682574493739278,0,1,0.6816405844501409,1
1821,14,0.9264151505071309,0.868367323790327,-0.6517234317931738,1.070981625300242,0,-0.6682574493739278,0,0,-0.9431896729226549,1
1822,3,-1.4828959196003133,-1.3459633098813757,0.27428579900024064,0.2164100723210991,2,-0.6682574493739278,0,1,0.9461478356503634,2
1823,15,1.2547088618011146,0.6610989341549391,-1.018863655455761,0.5582386935127562,2,-0.6682574493739278,1,1,-0.338601670179289,1
1824,5,-0.47612853829875046,-1.599647014570184,0.5353632913825249,-0.9230186649844248,1,-0.6682574493739278,1,0,0.4171333332499183,0
1825,9,1.3623162449474802,-0.524092127813878,-0.95359428236019,1.355838809626623,2,-0.6682574493739278,0,0,0.7950008349645219,1
1826,9,1.3623162449474802,-0.524092127813878,1.3349131118032704,-0.8090757912538723,1,-0.6682574493739278,0,0,-0.9054029227511945,3
1827,5,-0.47612853829875046,-1.599647014570184,-0.9903083047264487,0.5012672566474801,1,-0.6682574493739278,1,0,-0.7164691718938927,1
1828,3,-1.4828959196003133,-1.3459633098813757,0.4700939182869538,-0.011475675140005663,2,-0.6682574493739278,0,0,-1.5099909254945603,2
1829,14,0.9264151505071309,0.868367323790327,-0.8964835809015652,1.2988673727613467,0,-0.6682574493739278,0,1,1.4373755878793482,1
1830,6,0.23335064888652038,1.3893392220629235,1.281881746163119,-1.4357615967719104,4,0.4408271942828417,0,1,0.3793465830784579,3
1831,13,-0.12047701773033298,0.5410593262580249,0.6087913361150423,-0.12541854887055803,2,-0.6682574493739278,0,0,-1.1321234237799567,2
1832,7,-0.383111986765481,-1.2515321516691895,-0.9005629167200384,1.2988673727613467,0,-0.6682574493739278,0,0,0.908361085478903,1
1833,5,-0.47612853829875046,-1.599647014570184,1.2737230745261725,-1.4927330336371867,4,-0.19293545923531236,1,0,-1.5099909254945603,3
1834,10,-0.17336878232770134,-0.10715455638531189,1.1187083134241913,-1.2648472861760818,3,2.0252338280782265,0,0,-0.48974867086513046,3
1835,2,0.9902500388142728,-0.3176240022311628,0.49049059737931977,-0.011475675140005663,0,-0.6682574493739278,0,0,-1.5477776756660206,2
1836,1,-0.24814679434461676,0.6210857315226723,-0.6680407750670666,0.38732438291692767,3,-0.5098167859943894,0,0,0.908361085478903,2
1837,1,-0.24814679434461676,0.6210857315226723,1.498086544542198,-1.4927330336371867,3,1.3914711745600725,0,1,1.5507358383937293,3
1838,5,-0.47612853829875046,-1.599647014570184,-1.2554651329272062,0.786124440973861,2,-0.6682574493739278,1,0,1.62630933873665,1
1839,12,-2.008165857670674,1.9735319804944969,1.1023909701502985,-1.2648472861760818,4,-0.19293545923531236,0,0,-0.7920426722368133,3
1840,1,-0.24814679434461676,0.6210857315226723,-1.2432271254717866,1.5837245570877276,1,-0.6682574493739278,0,1,-1.3210571746372586,1
1841,0,0.6473654959072578,0.16733601367230244,-1.4390352447584998,1.1279530621655183,3,0.4408271942828417,0,0,-1.169910173951417,1
1842,12,-2.008165857670674,1.9735319804944969,1.4083411565357877,-1.4927330336371867,3,1.2330305111805342,0,0,0.9461478356503634,3
1843,10,-0.17336878232770134,-0.10715455638531189,0.6699813733921401,-1.036961538714977,2,-0.6682574493739278,1,0,-1.3210571746372586,3
1844,9,1.3623162449474802,-0.524092127813878,-1.316655170204304,1.0140101884349657,3,1.866793164698688,0,0,-0.9431896729226549,1
1845,0,0.6473654959072578,0.16733601367230244,0.08255701553200064,-0.2963328594663866,4,-0.35137612261485085,0,0,-1.2832704244657982,2
1846,15,1.2547088618011146,0.6610989341549391,1.069756283602513,-0.5242186069274913,0,-0.6682574493739278,0,0,0.3793465830784579,3
1847,1,-0.24814679434461676,0.6210857315226723,0.5435219630194713,-0.06844711200528185,0,-0.6682574493739278,0,0,1.2484418370220463,2
1848,13,-0.12047701773033298,0.5410593262580249,-1.381924543299875,1.070981625300242,3,-0.19293545923531236,0,0,-0.07409441897906646,1
1849,6,0.23335064888652038,1.3893392220629235,1.4858485370867784,-1.4927330336371867,3,1.866793164698688,0,0,1.135081586507665,3
1850,9,1.3623162449474802,-0.524092127813878,-0.6925167899779057,1.070981625300242,0,-0.6682574493739278,0,0,-0.7164691718938927,1
1851,12,-2.008165857670674,1.9735319804944969,1.3593891267141096,-0.8090757912538723,1,-0.6682574493739278,0,0,1.62630933873665,3
1852,12,-2.008165857670674,1.9735319804944969,0.6699813733921401,-0.18238998573583423,0,-0.6682574493739278,0,0,0.5682803339357597,2
1853,2,0.9902500388142728,-0.3176240022311628,-0.5905333945160759,1.0140101884349657,1,-0.6682574493739278,0,0,1.1728683366791255,1
1854,2,0.9902500388142728,-0.3176240022311628,1.3553097908956364,-1.4927330336371867,1,-0.6682574493739278,1,0,-1.3966306749801791,3
1855,1,-0.24814679434461676,0.6210857315226723,1.6531013056441792,-1.0939329755802534,1,-0.6682574493739278,0,0,1.097294836336205,3
1856,8,0.6510132038105156,-0.21519020349247783,-1.0270223270927075,0.7291530041085849,3,-0.35137612261485085,0,0,0.7950008349645219,1
1857,6,0.23335064888652038,1.3893392220629235,1.2247710447044942,-0.69513291752332,0,-0.6682574493739278,0,0,1.2106550868505859,3
1858,1,-0.24814679434461676,0.6210857315226723,1.3308337759847972,-1.4927330336371867,3,-0.19293545923531236,0,0,-1.4722041753230999,3
1859,5,-0.47612853829875046,-1.599647014570184,0.11519170207978617,-1.2078758493108057,4,2.3421151548373036,1,0,0.34155983290699754,3
1860,1,-0.24814679434461676,0.6210857315226723,-1.679716058048418,1.982524615144661,0,-0.6682574493739278,0,1,-1.3210571746372586,1
1861,4,0.30995251485512954,0.3914099484132469,-1.483907938761705,1.8116103045488325,2,-0.6682574493739278,0,0,1.2862285871935066,1
1862,11,-1.7838318216197984,-1.4067833778824486,0.2946824780926066,0.1594386354558229,2,-0.6682574493739278,0,0,-0.07409441897906646,2
1863,2,0.9902500388142728,-0.3176240022311628,0.6781400450290865,-0.8660472281191486,3,0.9161491844214572,0,0,-0.3763884203507494,0
1864,13,-0.12047701773033298,0.5410593262580249,1.4613725221759393,-1.4927330336371867,4,1.3914711745600725,0,1,0.7572140847930615,3
1865,0,0.6473654959072578,0.16733601367230244,-0.7700241705288964,0.5012672566474801,3,2.3421151548373036,0,0,-1.2832704244657982,1
1866,11,-1.7838318216197984,-1.4067833778824486,-0.19891715594264955,0.6152101303780324,0,-0.6682574493739278,0,1,-1.2832704244657982,1
1867,4,0.30995251485512954,0.3914099484132469,1.114628977605718,-0.5811900437927676,2,-0.6682574493739278,0,1,1.324015337364967,3
1868,7,-0.383111986765481,-1.2515321516691895,0.22941310499703552,-0.6381614806580438,0,-0.6682574493739278,1,1,-1.1321234237799567,0
1869,10,-0.17336878232770134,-0.10715455638531189,-0.5660573796052367,0.27338150918637527,4,2.183674491457765,0,0,-0.2630281698363683,2
1870,8,0.6510132038105156,-0.21519020349247783,-1.6715573864114717,1.982524615144661,1,-0.6682574493739278,0,1,1.135081586507665,1
1871,6,0.23335064888652038,1.3893392220629235,1.1187083134241913,-1.2648472861760818,4,0.4408271942828417,0,0,-0.3763884203507494,3
1872,1,-0.24814679434461676,0.6210857315226723,-1.5410186402203294,1.8685817414141086,1,-0.6682574493739278,0,0,-0.5275354210365908,1
1873,1,-0.24814679434461676,0.6210857315226723,-0.14588579030249807,-0.12541854887055803,3,0.5992678576623801,0,0,-1.2076969241228774,2
1874,1,-0.24814679434461676,0.6210857315226723,-0.35801125286310403,0.786124440973861,0,-0.6682574493739278,0,1,-0.5275354210365908,1
1875,10,-0.17336878232770134,-0.10715455638531189,0.5965533286596227,-0.12541854887055803,1,-0.6682574493739278,0,1,-0.4519619206936701,2
1876,1,-0.24814679434461676,0.6210857315226723,1.3185957685293777,-1.4927330336371867,4,1.3914711745600725,0,1,0.4171333332499183,3
1877,5,-0.47612853829875046,-1.599647014570184,0.3803485302805436,-0.7521043543885961,2,-0.6682574493739278,1,0,0.8327875851359823,0
1878,1,-0.24814679434461676,0.6210857315226723,1.4083411565357877,-1.4927330336371867,0,-0.6682574493739278,1,0,0.26598633256407683,3
1879,4,0.30995251485512954,0.3914099484132469,-0.6190887452453883,0.1594386354558229,2,-0.6682574493739278,1,0,0.1904128322211561,2
1880,4,0.30995251485512954,0.3914099484132469,-0.23971051412738148,0.6721815672433087,0,-0.6682574493739278,0,0,-1.2076969241228774,1
1881,11,-1.7838318216197984,-1.4067833778824486,-0.5171053497835585,0.2164100723210991,4,2.3421151548373036,0,1,1.135081586507665,2
1882,9,1.3623162449474802,-0.524092127813878,-0.464073984143407,0.9000673147044134,1,-0.6682574493739278,0,0,-1.2832704244657982,1
1883,1,-0.24814679434461676,0.6210857315226723,-0.5619780437867635,0.27338150918637527,3,0.9161491844214572,0,0,1.3995888377078878,2
1884,8,0.6510132038105156,-0.21519020349247783,1.3553097908956364,-0.8090757912538723,0,-0.6682574493739278,0,0,0.492706833592839,3
1885,10,-0.17336878232770134,-0.10715455638531189,-0.2193138350350155,-0.8660472281191486,4,1.549911837939611,1,1,0.6060670841072201,0
1886,10,-0.17336878232770134,-0.10715455638531189,-0.4599946483249338,0.9000673147044134,0,-0.6682574493739278,0,0,-0.9809764230941153,1
1887,15,1.2547088618011146,0.6610989341549391,1.7224500145582236,-1.1509044124455294,0,-0.6682574493739278,0,0,-1.0187631732655755,3
1888,14,0.9264151505071309,0.868367323790327,1.477689865449832,-1.4927330336371867,4,0.12394586752376466,0,0,0.9461478356503634,3
1889,9,1.3623162449474802,-0.524092127813878,-0.29274187976753296,0.7291530041085849,1,-0.6682574493739278,0,0,-1.4722041753230999,1
1890,14,0.9264151505071309,0.868367323790327,0.7923614479463359,-0.2963328594663866,0,-0.6682574493739278,0,0,0.8327875851359823,2
1891,7,-0.383111986765481,-1.2515321516691895,0.6944573883029793,-1.036961538714977,0,-0.6682574493739278,1,1,-0.9809764230941153,3
1892,8,0.6510132038105156,-0.21519020349247783,-1.3656072000259822,1.0140101884349657,3,0.9161491844214572,0,0,-1.0943366736084963,1
1893,12,-2.008165857670674,1.9735319804944969,-1.3370518492966699,1.6976674308182802,2,-0.6682574493739278,0,1,-0.11188116915052682,1
1894,5,-0.47612853829875046,-1.599647014570184,-1.0229429912742343,0.7291530041085849,4,0.12394586752376466,0,0,0.22819958239261645,1
1895,8,0.6510132038105156,-0.21519020349247783,0.21717509754161596,-0.6381614806580438,1,-0.6682574493739278,1,0,0.5682803339357597,0
1896,14,0.9264151505071309,0.868367323790327,-1.3574485283890358,0.8430958778391372,0,-0.6682574493739278,1,1,-0.48974867086513046,1
1897,7,-0.383111986765481,-1.2515321516691895,-1.700112737140784,2.0394960520099374,0,-0.6682574493739278,0,0,0.3037730827355372,1
1898,0,0.6473654959072578,0.16733601367230244,-0.6843581183409593,-0.4672471700622152,3,-0.35137612261485085,1,0,-0.6786824217224323,0
1899,0,0.6473654959072578,0.16733601367230244,-1.0596570136404928,1.4128102464918992,0,-0.6682574493739278,0,1,-0.338601670179289,1
1900,5,-0.47612853829875046,-1.599647014570184,1.4001824848988413,-1.4927330336371867,2,-0.6682574493739278,1,0,-0.07409441897906646,3
1901,11,-1.7838318216197984,-1.4067833778824486,-0.3131385588598989,-0.12541854887055803,2,-0.6682574493739278,1,0,-1.169910173951417,2
1902,0,0.6473654959072578,0.16733601367230244,-1.296258491111938,0.9570387515696896,3,2.0252338280782265,0,1,1.4373755878793482,1
1903,0,0.6473654959072578,0.16733601367230244,1.6612599772811256,-1.0939329755802534,2,-0.6682574493739278,0,0,-0.5275354210365908,3
1904,4,0.30995251485512954,0.3914099484132469,-1.0433396703666002,0.7291530041085849,4,-0.19293545923531236,0,0,-0.07409441897906646,1
1905,11,-1.7838318216197984,-1.4067833778824486,-0.18667914848723,0.6152101303780324,2,-0.6682574493739278,0,0,-0.338601670179289,1
1906,8,0.6510132038105156,-0.21519020349247783,0.559839306293364,-0.06844711200528185,1,-0.6682574493739278,0,0,-0.41417517052220976,2
1907,0,0.6473654959072578,0.16733601367230244,-1.0963710360067516,0.786124440973861,4,0.12394586752376466,0,0,0.492706833592839,1
1908,6,0.23335064888652038,1.3893392220629235,-0.42735996177714825,0.8430958778391372,2,-0.6682574493739278,0,0,-0.7164691718938927,1
1909,12,-2.008165857670674,1.9735319804944969,-0.3212972304968453,0.04549576172527053,4,1.7083525013191496,0,0,1.5507358383937293,2
1910,8,0.6510132038105156,-0.21519020349247783,-0.36209058868157723,0.786124440973861,1,-0.6682574493739278,0,0,-1.3966306749801791,1
1911,1,-0.24814679434461676,0.6210857315226723,1.5144038878160908,-1.4927330336371867,4,-0.19293545923531236,1,0,-0.5275354210365908,3
1912,11,-1.7838318216197984,-1.4067833778824486,0.984090231414576,-1.321818723041358,2,-0.6682574493739278,1,1,-0.07409441897906646,3
1913,15,1.2547088618011146,0.6610989341549391,1.1717396790643426,-0.6381614806580438,1,-0.6682574493739278,0,1,0.7194273346216012,3
1914,8,0.6510132038105156,-0.21519020349247783,0.8494721494049606,-0.3533042963316628,0,-0.6682574493739278,0,1,1.5885225885651897,2
1915,11,-1.7838318216197984,-1.4067833778824486,0.3313965004588653,-0.5242186069274913,4,1.3914711745600725,0,1,0.22819958239261645,0
1916,10,-0.17336878232770134,-0.10715455638531189,1.3961031490803681,-1.4927330336371867,4,-0.5098167859943894,0,0,0.45492008342137863,3
1917,1,-0.24814679434461676,0.6210857315226723,-0.6639614392485934,1.070981625300242,2,-0.6682574493739278,0,0,-0.11188116915052682,1
1918,8,0.6510132038105156,-0.21519020349247783,0.5883946570226763,-0.12541854887055803,2,-0.6682574493739278,0,0,-1.2076969241228774,2
1919,13,-0.12047701773033298,0.5410593262580249,-0.6965961257963789,0.38732438291692767,3,-0.35137612261485085,0,0,-0.8298294224082737,2
1920,7,-0.383111986765481,-1.2515321516691895,0.04176365734726873,0.38732438291692767,2,-0.6682574493739278,0,0,-0.3763884203507494,2
1921,13,-0.12047701773033298,0.5410593262580249,0.9963282388699954,-0.4672471700622152,1,-0.6682574493739278,0,0,-0.5275354210365908,3
1922,1,-0.24814679434461676,0.6210857315226723,0.6903780524845061,-1.036961538714977,0,-0.6682574493739278,1,0,-1.6611379261804018,3
1923,9,1.3623162449474802,-0.524092127813878,-0.8434522152614138,1.2418959358960706,1,-0.6682574493739278,0,0,1.4751623380508085,1
1924,1,-0.24814679434461676,0.6210857315226723,0.2334924408155087,-0.4672471700622152,3,-0.35137612261485085,0,1,0.3793465830784579,0
1925,4,0.30995251485512954,0.3914099484132469,0.30692048554802615,0.1594386354558229,2,-0.6682574493739278,0,0,-0.5275354210365908,2
1926,13,-0.12047701773033298,0.5410593262580249,-1.3370518492966699,1.6976674308182802,0,-0.6682574493739278,0,0,1.097294836336205,1
1927,8,0.6510132038105156,-0.21519020349247783,-1.1290057225545371,0.786124440973861,3,2.183674491457765,0,0,-1.0943366736084963,1
1928,10,-0.17336878232770134,-0.10715455638531189,-1.6022086774974273,1.070981625300242,0,-0.6682574493739278,1,1,-1.2076969241228774,1
1929,5,-0.47612853829875046,-1.599647014570184,-1.084133028551332,0.786124440973861,4,-0.5098167859943894,0,0,1.7018828390795706,1
1930,14,0.9264151505071309,0.868367323790327,1.3961031490803681,-0.8660472281191486,1,-0.6682574493739278,0,0,1.4373755878793482,3
1931,2,0.9902500388142728,-0.3176240022311628,0.20901642590466957,-0.410275733196939,3,0.4408271942828417,0,0,0.7950008349645219,0
1932,12,-2.008165857670674,1.9735319804944969,1.6163872832779205,-1.4927330336371867,4,2.183674491457765,0,0,-0.8676161725797341,3
1933,14,0.9264151505071309,0.868367323790327,0.6822193808475597,-1.036961538714977,2,-0.6682574493739278,1,0,-0.07409441897906646,3
1934,6,0.23335064888652038,1.3893392220629235,-1.1208470509175907,1.4697816833571753,0,-0.6682574493739278,0,0,-1.056549923437036,1
1935,1,-0.24814679434461676,0.6210857315226723,-1.0229429912742343,1.4128102464918992,0,-0.6682574493739278,0,0,0.4171333332499183,1
1936,12,-2.008165857670674,1.9735319804944969,0.6332673510258815,-1.4927330336371867,4,0.4408271942828417,1,0,-0.036307668807606094,3
1937,7,-0.383111986765481,-1.2515321516691895,-0.19891715594264955,0.6152101303780324,1,-0.6682574493739278,0,1,-0.18745466949344755,1
1938,11,-1.7838318216197984,-1.4067833778824486,-1.4471939163954461,1.8116103045488325,1,-0.6682574493739278,0,0,0.3793465830784579,1
1939,4,0.30995251485512954,0.3914099484132469,0.2906031422741334,-0.5242186069274913,4,1.7083525013191496,0,1,1.1728683366791255,0
1940,8,0.6510132038105156,-0.21519020349247783,-1.4798286029432317,1.8116103045488325,1,-0.6682574493739278,0,0,-1.2454836742943378,1
1941,6,0.23335064888652038,1.3893392220629235,-0.37024926031852357,0.786124440973861,0,-0.6682574493739278,0,0,1.5507358383937293,1
1942,6,0.23335064888652038,1.3893392220629235,1.0452802686916738,-1.3787901599066343,2,-0.6682574493739278,1,1,0.8705743353074427,3
1943,12,-2.008165857670674,1.9735319804944969,-0.7985795212582086,1.1849244990307943,0,-0.6682574493739278,0,0,-1.5477776756660206,1
1944,8,0.6510132038105156,-0.21519020349247783,-1.422717901484607,1.7546388676835563,0,-0.6682574493739278,0,0,-0.7920426722368133,1
1945,7,-0.383111986765481,-1.2515321516691895,0.09479502298742022,0.3303529460516515,1,-0.6682574493739278,0,0,-0.9431896729226549,2
1946,1,-0.24814679434461676,0.6210857315226723,-1.4186385656661338,1.7546388676835563,2,-0.6682574493739278,0,0,-1.4722041753230999,1
1947,5,-0.47612853829875046,-1.599647014570184,0.9922489030515222,-0.4672471700622152,0,-0.6682574493739278,0,1,-1.6611379261804018,3
1948,7,-0.383111986765481,-1.2515321516691895,0.3640311870066508,0.10246719859054672,0,-0.6682574493739278,0,0,0.7572140847930615,2
1949,11,-1.7838318216197984,-1.4067833778824486,0.7270920748507649,-0.23936142260111043,2,-0.6682574493739278,0,0,-1.585564425837481,2
1950,3,-1.4828959196003133,-1.3459633098813757,1.5755939250931887,-1.4927330336371867,3,1.7083525013191496,0,0,-1.2454836742943378,3
1951,0,0.6473654959072578,0.16733601367230244,-0.5986920661530223,1.0140101884349657,2,-0.6682574493739278,0,0,1.6640960889081102,1
1952,14,0.9264151505071309,0.868367323790327,1.4368965072651,-1.4927330336371867,4,0.2823865309033032,0,0,0.5682803339357597,3
1953,9,1.3623162449474802,-0.524092127813878,-1.1330850583730103,1.5267531202224516,0,-0.6682574493739278,0,1,0.6438538342786805,1
1954,13,-0.12047701773033298,0.5410593262580249,1.2981990894370117,-0.7521043543885961,0,-0.6682574493739278,0,0,0.7572140847930615,3
1955,14,0.9264151505071309,0.868367323790327,-0.5986920661530223,0.3303529460516515,4,-0.5098167859943894,0,1,-1.169910173951417,2
1956,7,-0.383111986765481,-1.2515321516691895,-1.14532306582843,1.5267531202224516,2,-0.6682574493739278,0,0,-1.4722041753230999,1
1957,0,0.6473654959072578,0.16733601367230244,-0.95359428236019,1.355838809626623,1,-0.6682574493739278,0,0,-0.5653221712080512,1
1958,0,0.6473654959072578,0.16733601367230244,0.1926990826307768,-0.410275733196939,3,-0.19293545923531236,0,0,0.45492008342137863,0
1959,10,-0.17336878232770134,-0.10715455638531189,1.159501671608923,-1.4927330336371867,0,-0.6682574493739278,1,1,0.039265831535314634,3
1960,14,0.9264151505071309,0.868367323790327,-0.9780702972710291,1.355838809626623,1,-0.6682574493739278,0,0,0.9461478356503634,1
1961,6,0.23335064888652038,1.3893392220629235,-1.3574485283890358,0.8430958778391372,2,-0.6682574493739278,1,1,-1.4344174251516395,1
1962,8,0.6510132038105156,-0.21519020349247783,0.5190459481086321,-0.69513291752332,4,0.2823865309033032,0,0,1.6640960889081102,0
1963,11,-1.7838318216197984,-1.4067833778824486,-1.2636238045641526,1.640695993953004,0,-0.6682574493739278,0,0,-0.7164691718938927,1
1964,8,0.6510132038105156,-0.21519020349247783,0.31915849300344573,0.1594386354558229,2,-0.6682574493739278,0,0,0.34155983290699754,2
1965,6,0.23335064888652038,1.3893392220629235,-0.892404245083092,-0.23936142260111043,3,0.5992678576623801,1,0,-0.338601670179289,2
1966,15,1.2547088618011146,0.6610989341549391,-0.6027714019714955,1.0140101884349657,2,-0.6682574493739278,0,1,-0.30081492000782867,1
1967,2,0.9902500388142728,-0.3176240022311628,1.73060868619517,-1.1509044124455294,2,-0.6682574493739278,0,0,0.9461478356503634,3
1968,15,1.2547088618011146,0.6610989341549391,-1.2636238045641526,1.640695993953004,2,-0.6682574493739278,0,0,-1.358843924808719,1
1969,9,1.3623162449474802,-0.524092127813878,-1.341131185115143,1.6976674308182802,0,-0.6682574493739278,0,0,0.11483933187823536,1
1970,10,-0.17336878232770134,-0.10715455638531189,-0.5089466781466121,0.9000673147044134,2,-0.6682574493739278,0,0,-1.5099909254945603,1
1971,4,0.30995251485512954,0.3914099484132469,-1.063736349458966,1.4128102464918992,2,-0.6682574493739278,0,0,0.3037730827355372,1
1972,5,-0.47612853829875046,-1.599647014570184,-0.5048673423281389,0.9000673147044134,1,-0.6682574493739278,0,1,-1.056549923437036,1
1973,14,0.9264151505071309,0.868367323790327,-0.6231680810638615,0.1594386354558229,1,-0.6682574493739278,1,0,-1.358843924808719,2
1974,10,-0.17336878232770134,-0.10715455638531189,0.7393300823061845,-0.23936142260111043,1,-0.6682574493739278,0,0,-0.2252414196649079,2
1975,4,0.30995251485512954,0.3914099484132469,-0.7700241705288964,1.1849244990307943,2,-0.6682574493739278,0,0,0.11483933187823536,1
1976,14,0.9264151505071309,0.868367323790327,1.2533263954338065,-1.4927330336371867,0,-0.6682574493739278,1,0,0.7950008349645219,3
1977,4,0.30995251485512954,0.3914099484132469,0.6047120002965691,-0.12541854887055803,2,-0.6682574493739278,0,0,1.135081586507665,2
1978,0,0.6473654959072578,0.16733601367230244,-1.6226053565897933,1.982524615144661,2,-0.6682574493739278,0,0,-0.48974867086513046,1
1979,9,1.3623162449474802,-0.524092127813878,-0.892404245083092,0.6152101303780324,4,0.5992678576623801,0,1,0.6060670841072201,1
1980,6,0.23335064888652038,1.3893392220629235,-0.06429907393303425,-0.3533042963316628,0,-0.6682574493739278,1,0,1.62630933873665,2
1981,1,-0.24814679434461676,0.6210857315226723,0.4456179033761147,0.04549576172527053,2,-0.6682574493739278,0,0,1.5507358383937293,2
1982,1,-0.24814679434461676,0.6210857315226723,0.017287642436429582,-0.23936142260111043,4,-0.03449479585577385,0,0,1.1728683366791255,2
1983,5,-0.47612853829875046,-1.599647014570184,-0.19483782012417636,-0.06844711200528185,3,2.183674491457765,0,0,-1.056549923437036,2
1984,3,-1.4828959196003133,-1.3459633098813757,-0.5456607005128709,0.9570387515696896,1,-0.6682574493739278,0,0,-0.9054029227511945,1
1985,8,0.6510132038105156,-0.21519020349247783,-0.12548911121013212,-0.2963328594663866,1,-0.6682574493739278,1,0,-1.4722041753230999,2
1986,5,-0.47612853829875046,-1.599647014570184,0.3721898586435972,-0.7521043543885961,2,-0.6682574493739278,1,0,0.9839345858218238,0
1987,0,0.6473654959072578,0.16733601367230244,-0.29682121558600616,0.7291530041085849,2,-0.6682574493739278,0,0,1.2484418370220463,1
1988,6,0.23335064888652038,1.3893392220629235,1.6612599772811256,-1.0939329755802534,2,-0.6682574493739278,0,1,-0.2630281698363683,3
1989,1,-0.24814679434461676,0.6210857315226723,0.0988743588058934,-0.3533042963316628,4,2.183674491457765,0,1,0.5304935837642993,2
1990,15,1.2547088618011146,0.6610989341549391,-1.3656072000259822,1.6976674308182802,0,-0.6682574493739278,0,0,1.5507358383937293,1
1991,2,0.9902500388142728,-0.3176240022311628,0.7352507464877113,-0.9230186649844248,4,2.3421151548373036,0,1,0.9839345858218238,0
1992,3,-1.4828959196003133,-1.3459633098813757,-0.10509243211776616,0.5582386935127562,0,-0.6682574493739278,0,0,-0.6031089213795116,1
1993,1,-0.24814679434461676,0.6210857315226723,-1.7164300804146768,0.5012672566474801,3,1.0745898478009956,1,0,-1.358843924808719,1
1994,8,0.6510132038105156,-0.21519020349247783,1.2370090521599137,-1.4927330336371867,0,-0.6682574493739278,1,0,0.7950008349645219,3
1995,2,0.9902500388142728,-0.3176240022311628,1.689815328010438,-1.1509044124455294,1,-0.6682574493739278,0,1,-0.036307668807606094,3
1996,2,0.9902500388142728,-0.3176240022311628,0.5883946570226763,-0.12541854887055803,1,-0.6682574493739278,0,0,-0.8676161725797341,2
1997,11,-1.7838318216197984,-1.4067833778824486,0.3762691944620704,-0.5811900437927676,4,2.500555818216842,0,1,0.9461478356503634,0
1998,7,-0.383111986765481,-1.2515321516691895,0.5068079406532126,-0.011475675140005663,0,-0.6682574493739278,0,0,-0.30081492000782867,2
1999,0,0.6473654959072578,0.16733601367230244,-1.104529707643698,0.6152101303780324,2,-0.6682574493739278,1,0,1.5885225885651897,1
2000,13,-0.12047701773033298,0.5410593262580249,-1.4920666103986513,1.8116103045488325,1,-0.6682574493739278,0,0,0.9461478356503634,1
2001,8,0.6510132038105156,-0.21519020349247783,0.28244447063718703,0.1594386354558229,0,-0.6682574493739278,0,0,0.8705743353074427,2
2002,9,1.3623162449474802,-0.524092127813878,-0.5048673423281389,0.2164100723210991,3,1.866793164698688,0,0,-0.2252414196649079,2
2003,14,0.9264151505071309,0.868367323790327,-1.6226053565897933,1.982524615144661,1,-0.6682574493739278,0,0,-1.4722041753230999,1
2004,5,-0.47612853829875046,-1.599647014570184,1.3185957685293777,-0.8090757912538723,0,-0.6682574493739278,0,0,0.8705743353074427,3
2005,7,-0.383111986765481,-1.2515321516691895,-0.5375020288759245,0.9570387515696896,0,-0.6682574493739278,0,1,0.8705743353074427,1
2006,7,-0.383111986765481,-1.2515321516691895,-1.512463289491017,1.1849244990307943,4,-0.19293545923531236,0,1,1.324015337364967,1
2007,7,-0.383111986765481,-1.2515321516691895,1.4164998281727341,-1.4927330336371867,3,-0.19293545923531236,0,0,-0.2252414196649079,3
2008,9,1.3623162449474802,-0.524092127813878,-1.6552400431375789,1.982524615144661,1,-0.6682574493739278,0,0,1.512949088222269,1
2009,13,-0.12047701773033298,0.5410593262580249,-1.7164300804146768,1.355838809626623,4,2.0252338280782265,0,0,1.097294836336205,1
2010,5,-0.47612853829875046,-1.599647014570184,-0.3131385588598989,0.04549576172527053,4,0.12394586752376466,0,0,0.908361085478903,2
2011,2,0.9902500388142728,-0.3176240022311628,1.2043743656121282,-1.3787901599066343,3,-0.35137612261485085,0,1,-1.2454836742943378,3
2012,2,0.9902500388142728,-0.3176240022311628,0.9677728881406832,-1.1509044124455294,4,0.5992678576623801,0,0,-0.4519619206936701,3
2013,8,0.6510132038105156,-0.21519020349247783,-1.1657197449207959,1.5267531202224516,2,-0.6682574493739278,0,0,-0.18745466949344755,1
2014,4,0.30995251485512954,0.3914099484132469,-1.6633987147745253,1.1279530621655183,0,-0.6682574493739278,1,0,-1.5477776756660206,1
2015,11,-1.7838318216197984,-1.4067833778824486,-0.635406088519281,0.3303529460516515,4,1.7083525013191496,0,1,-1.5477776756660206,2
2016,11,-1.7838318216197984,-1.4067833778824486,-0.8760869018091993,1.2418959358960706,2,-0.6682574493739278,0,0,-0.41417517052220976,1
2017,13,-0.12047701773033298,0.5410593262580249,1.3022784252554849,-1.4927330336371867,0,-0.6682574493739278,1,0,1.2862285871935066,3
2018,5,-0.47612853829875046,-1.599647014570184,-0.5782953870606563,0.9570387515696896,1,-0.6682574493739278,0,0,0.22819958239261645,1
2019,12,-2.008165857670674,1.9735319804944969,0.4007452093729096,-0.6381614806580438,3,2.3421151548373036,0,0,0.15262608204969574,0
2020,6,0.23335064888652038,1.3893392220629235,-0.933197603267824,1.2988673727613467,1,-0.6682574493739278,0,0,-0.6786824217224323,1
2021,14,0.9264151505071309,0.868367323790327,0.062160336439634686,0.38732438291692767,2,-0.6682574493739278,0,0,1.62630933873665,2
2022,10,-0.17336878232770134,-0.10715455638531189,-0.6476440959747006,1.070981625300242,2,-0.6682574493739278,0,0,-0.9809764230941153,1
2023,15,1.2547088618011146,0.6610989341549391,0.8290754703125947,-1.036961538714977,4,-0.19293545923531236,0,0,1.4751623380508085,3
2024,4,0.30995251485512954,0.3914099484132469,-0.8964835809015652,1.2988673727613467,2,-0.6682574493739278,0,0,-0.3763884203507494,1
2025,3,-1.4828959196003133,-1.3459633098813757,-0.13364778284707848,0.5582386935127562,1,-0.6682574493739278,0,0,-1.3966306749801791,1
2026,0,0.6473654959072578,0.16733601367230244,0.25796845572634786,-0.4672471700622152,3,0.7577085210419187,0,0,-1.4344174251516395,0
2027,1,-0.24814679434461676,0.6210857315226723,-1.2228304463794206,0.9000673147044134,3,0.12394586752376466,0,0,0.5304935837642993,1
2028,8,0.6510132038105156,-0.21519020349247783,-0.6435647601562274,1.070981625300242,1,-0.6682574493739278,0,0,-1.4722041753230999,1
2029,14,0.9264151505071309,0.868367323790327,0.9963282388699954,-0.4672471700622152,1,-0.6682574493739278,0,0,0.9839345858218238,3
2030,2,0.9902500388142728,-0.3176240022311628,-1.1820370881946887,0.8430958778391372,3,2.500555818216842,0,0,1.6640960889081102,1
2031,15,1.2547088618011146,0.6610989341549391,0.988169567233049,-1.1509044124455294,4,0.5992678576623801,0,1,0.8705743353074427,3
2032,13,-0.12047701773033298,0.5410593262580249,-1.0107049838188147,1.4128102464918992,1,-0.6682574493739278,0,0,-0.754255922065353,1
2033,5,-0.47612853829875046,-1.599647014570184,0.8331548061310678,-1.4927330336371867,4,0.2823865309033032,1,0,1.512949088222269,3
2034,9,1.3623162449474802,-0.524092127813878,-0.09693376048081978,-0.2963328594663866,2,-0.6682574493739278,1,0,-0.7920426722368133,2
2035,14,0.9264151505071309,0.868367323790327,0.4374592317391683,-0.8090757912538723,2,-0.6682574493739278,1,0,0.9461478356503634,0
2036,2,0.9902500388142728,-0.3176240022311628,0.31507915718497254,0.1594386354558229,0,-0.6682574493739278,0,0,0.5682803339357597,2
2037,8,0.6510132038105156,-0.21519020349247783,1.4164998281727341,-1.4927330336371867,2,-0.6682574493739278,1,0,0.7194273346216012,3
2038,14,0.9264151505071309,0.868367323790327,1.5551972460008228,-0.9799901018497009,0,-0.6682574493739278,0,0,-1.358843924808719,3
2039,0,0.6473654959072578,0.16733601367230244,0.08255701553200064,0.38732438291692767,0,-0.6682574493739278,0,1,0.7950008349645219,2
2040,14,0.9264151505071309,0.868367323790327,0.26612712736329425,-0.4672471700622152,3,0.5992678576623801,0,0,0.34155983290699754,0
2041,12,-2.008165857670674,1.9735319804944969,-1.190195759831635,-0.011475675140005663,3,2.3421151548373036,1,0,0.1904128322211561,2
2042,12,-2.008165857670674,1.9735319804944969,0.8209167986756483,-1.1509044124455294,1,-0.6682574493739278,1,0,-0.754255922065353,3
2043,12,-2.008165857670674,1.9735319804944969,-1.4104798940291874,0.9000673147044134,2,-0.6682574493739278,1,0,0.4171333332499183,1
2044,8,0.6510132038105156,-0.21519020349247783,0.017287642436429582,0.4442958197822039,0,-0.6682574493739278,0,0,0.5304935837642993,2
2045,6,0.23335064888652038,1.3893392220629235,-0.5007880065096657,-0.6381614806580438,3,2.500555818216842,1,0,-1.585564425837481,0
2046,11,-1.7838318216197984,-1.4067833778824486,0.4089038810098559,-0.6381614806580438,4,-0.5098167859943894,0,0,-0.4519619206936701,0
2047,11,-1.7838318216197984,-1.4067833778824486,-0.5946127303345491,1.0140101884349657,0,-0.6682574493739278,0,1,0.6438538342786805,1
2048,7,-0.383111986765481,-1.2515321516691895,-1.3084964985673575,0.9570387515696896,3,0.2823865309033032,0,1,-0.48974867086513046,1
2049,8,0.6510132038105156,-0.21519020349247783,1.7428466936505895,-1.4927330336371867,2,-0.6682574493739278,1,0,-0.2252414196649079,3
2050,10,-0.17336878232770134,-0.10715455638531189,-1.700112737140784,1.355838809626623,3,0.4408271942828417,0,0,0.6816405844501409,1
2051,7,-0.383111986765481,-1.2515321516691895,-0.8760869018091993,0.38732438291692767,0,-0.6682574493739278,1,0,0.4171333332499183,2
2052,4,0.30995251485512954,0.3914099484132469,1.5225625594530372,-1.4927330336371867,4,1.3914711745600725,0,0,0.908361085478903,3
2053,1,-0.24814679434461676,0.6210857315226723,0.8617101568603802,-0.3533042963316628,0,-0.6682574493739278,0,0,-0.30081492000782867,2
2054,2,0.9902500388142728,-0.3176240022311628,1.457293186357466,-1.4927330336371867,2,-0.6682574493739278,1,0,1.4751623380508085,3
2055,13,-0.12047701773033298,0.5410593262580249,1.412420492354261,-0.8660472281191486,1,-0.6682574493739278,0,0,0.492706833592839,3
2056,0,0.6473654959072578,0.16733601367230244,-1.1657197449207959,0.8430958778391372,3,0.4408271942828417,0,0,1.512949088222269,1
2057,4,0.30995251485512954,0.3914099484132469,0.3762691944620704,-0.5811900437927676,3,1.2330305111805342,0,1,-0.036307668807606094,0
2058,6,0.23335064888652038,1.3893392220629235,1.0738356194209862,-0.5811900437927676,2,-0.6682574493739278,0,0,-0.2630281698363683,3
2059,2,0.9902500388142728,-0.3176240022311628,0.4415385675576415,-0.8090757912538723,2,-0.6682574493739278,1,0,-1.1321234237799567,0
2060,4,0.30995251485512954,0.3914099484132469,1.3716271341695292,-0.8090757912538723,2,-0.6682574493739278,0,1,-0.07409441897906646,3
2061,9,1.3623162449474802,-0.524092127813878,0.5312839555640517,-0.7521043543885961,4,0.5992678576623801,0,0,0.26598633256407683,0
2062,5,-0.47612853829875046,-1.599647014570184,-1.0514983420035466,1.4128102464918992,2,-0.6682574493739278,0,0,0.3793465830784579,1
2063,10,-0.17336878232770134,-0.10715455638531189,-1.5206219611279634,1.8685817414141086,1,-0.6682574493739278,0,0,-1.0187631732655755,1
2064,2,0.9902500388142728,-0.3176240022311628,-0.7333101481626376,-0.410275733196939,4,1.866793164698688,1,1,-0.6786824217224323,0
2065,11,-1.7838318216197984,-1.4067833778824486,-0.5415813646943977,0.27338150918637527,4,1.7083525013191496,0,1,-1.5099909254945603,2
2066,1,-0.24814679434461676,0.6210857315226723,-0.5048673423281389,-0.6381614806580438,3,1.0745898478009956,1,0,0.26598633256407683,0
2067,14,0.9264151505071309,0.868367323790327,0.3395551720958117,0.10246719859054672,2,-0.6682574493739278,0,0,0.07705258170677501,2
2068,15,1.2547088618011146,0.6610989341549391,0.9106621866820584,-0.410275733196939,0,-0.6682574493739278,0,0,-0.9431896729226549,0
2069,1,-0.24814679434461676,0.6210857315226723,-0.12956844702860532,-0.12541854887055803,4,0.2823865309033032,0,0,1.324015337364967,2
2070,10,-0.17336878232770134,-0.10715455638531189,-0.6721201108855397,0.2164100723210991,1,-0.6682574493739278,1,0,0.7194273346216012,2
2071,10,-0.17336878232770134,-0.10715455638531189,-0.30905922304142575,0.04549576172527053,3,1.866793164698688,0,0,1.135081586507665,2
2072,5,-0.47612853829875046,-1.599647014570184,-1.4757492671247585,1.8116103045488325,1,-0.6682574493739278,0,0,1.3618020875364274,1
2073,9,1.3623162449474802,-0.524092127813878,-0.34169390958921125,0.786124440973861,1,-0.6682574493739278,0,0,-0.338601670179289,1
2074,0,0.6473654959072578,0.16733601367230244,-0.9699116256340827,0.5012672566474801,0,-0.6682574493739278,1,0,0.34155983290699754,1
2075,11,-1.7838318216197984,-1.4067833778824486,1.1472636641535037,-1.4927330336371867,0,-0.6682574493739278,1,0,0.5682803339357597,3
2076,14,0.9264151505071309,0.868367323790327,-0.655802767611647,1.070981625300242,0,-0.6682574493739278,0,0,1.2106550868505859,1
2077,2,0.9902500388142728,-0.3176240022311628,0.5068079406532126,-0.69513291752332,4,0.2823865309033032,0,0,-1.056549923437036,0
2078,14,0.9264151505071309,0.868367323790327,0.6903780524845061,-0.8660472281191486,4,1.2330305111805342,0,0,-1.5477776756660206,0
2079,13,-0.12047701773033298,0.5410593262580249,-1.3778452074814018,1.7546388676835563,2,-0.6682574493739278,0,1,-1.1321234237799567,1
2080,1,-0.24814679434461676,0.6210857315226723,0.04584299316574192,-0.2963328594663866,3,1.7083525013191496,0,0,-0.8676161725797341,2
2081,0,0.6473654959072578,0.16733601367230244,0.2865238064556602,0.1594386354558229,1,-0.6682574493739278,0,0,0.07705258170677501,2
2082,4,0.30995251485512954,0.3914099484132469,-0.655802767611647,1.070981625300242,0,-0.6682574493739278,0,0,-1.358843924808719,1
2083,10,-0.17336878232770134,-0.10715455638531189,1.477689865449832,-1.4927330336371867,4,2.183674491457765,0,0,0.7194273346216012,3
2084,7,-0.383111986765481,-1.2515321516691895,1.3838651416249486,-1.4927330336371867,0,-0.6682574493739278,1,0,0.15262608204969574,3
2085,6,0.23335064888652038,1.3893392220629235,-0.9780702972710291,1.355838809626623,2,-0.6682574493739278,0,0,1.6640960889081102,1
2086,3,-1.4828959196003133,-1.3459633098813757,-0.43959796923256783,0.1594386354558229,3,0.9161491844214572,0,0,-0.18745466949344755,2
2087,4,0.30995251485512954,0.3914099484132469,1.1227876492426645,-1.2648472861760818,4,2.500555818216842,0,0,1.324015337364967,3
2088,10,-0.17336878232770134,-0.10715455638531189,-0.06021973811456105,0.5012672566474801,1,-0.6682574493739278,0,1,-0.5275354210365908,1
2089,2,0.9902500388142728,-0.3176240022311628,-1.084133028551332,0.786124440973861,4,-0.5098167859943894,0,1,0.11483933187823536,1
2090,9,1.3623162449474802,-0.524092127813878,0.5149666122901589,-0.011475675140005663,0,-0.6682574493739278,0,0,-1.169910173951417,2
2091,5,-0.47612853829875046,-1.599647014570184,-0.4967086706911925,0.2164100723210991,3,-0.5098167859943894,0,0,-1.2832704244657982,2
2092,11,-1.7838318216197984,-1.4067833778824486,0.5516806346564176,-1.4927330336371867,4,0.12394586752376466,1,0,-1.0943366736084963,3
2093,13,-0.12047701773033298,0.5410593262580249,-0.23971051412738148,-0.18238998573583423,2,-0.6682574493739278,1,0,-1.2076969241228774,2
2094,12,-2.008165857670674,1.9735319804944969,0.033604985710322346,-0.4672471700622152,1,-0.6682574493739278,1,0,0.15262608204969574,0
2095,3,-1.4828959196003133,-1.3459633098813757,-0.9209595958124044,0.4442958197822039,2,-0.6682574493739278,1,1,-1.3966306749801791,2
2096,5,-0.47612853829875046,-1.599647014570184,-1.3452105209336163,1.0140101884349657,4,0.7577085210419187,0,1,-1.6233511760089414,1
2097,14,0.9264151505071309,0.868367323790327,-0.1744411410318104,-0.9230186649844248,3,-0.03449479585577385,1,0,-0.338601670179289,0
2098,1,-0.24814679434461676,0.6210857315226723,-0.5782953870606563,0.10246719859054672,1,-0.6682574493739278,1,1,-0.2630281698363683,2
2099,12,-2.008165857670674,1.9735319804944969,0.12335037371673256,0.3303529460516515,2,-0.6682574493739278,0,1,-1.0187631732655755,2
2100,13,-0.12047701773033298,0.5410593262580249,0.857630821041907,-0.3533042963316628,2,-0.6682574493739278,0,0,0.6816405844501409,2
2101,3,-1.4828959196003133,-1.3459633098813757,-0.7577861630734768,1.1279530621655183,2,-0.6682574493739278,0,1,-0.4519619206936701,1
2102,9,1.3623162449474802,-0.524092127813878,-0.6843581183409593,1.070981625300242,0,-0.6682574493739278,0,0,0.34155983290699754,1
2103,4,0.30995251485512954,0.3914099484132469,1.0983116343318253,-1.4927330336371867,4,1.866793164698688,1,0,0.15262608204969574,3
2104,6,0.23335064888652038,1.3893392220629235,1.028962925417781,-0.5242186069274913,0,-0.6682574493739278,0,0,0.5682803339357597,3
2105,11,-1.7838318216197984,-1.4067833778824486,-1.634843364045213,0.4442958197822039,3,-0.5098167859943894,1,0,-0.7164691718938927,2
2106,2,0.9902500388142728,-0.3176240022311628,1.4858485370867784,-1.4927330336371867,4,1.3914711745600725,0,0,0.15262608204969574,3
2107,8,0.6510132038105156,-0.21519020349247783,0.6087913361150423,-0.8090757912538723,3,0.9161491844214572,0,1,-1.585564425837481,0
2108,13,-0.12047701773033298,0.5410593262580249,-0.1785204768502836,-0.06844711200528185,3,0.7577085210419187,0,0,0.9461478356503634,2
2109,1,-0.24814679434461676,0.6210857315226723,-1.381924543299875,1.7546388676835563,2,-0.6682574493739278,0,0,0.8327875851359823,1
2110,2,0.9902500388142728,-0.3176240022311628,-0.05206106647761467,0.5012672566474801,2,-0.6682574493739278,0,0,0.15262608204969574,1
2111,10,-0.17336878232770134,-0.10715455638531189,0.9025035150451121,-1.4927330336371867,3,1.549911837939611,1,0,-1.1321234237799567,3
2112,9,1.3623162449474802,-0.524092127813878,-1.3737658716629286,1.6976674308182802,1,-0.6682574493739278,0,1,0.6060670841072201,1
2113,3,-1.4828959196003133,-1.3459633098813757,0.5720773137487836,-0.7521043543885961,4,0.2823865309033032,0,0,-1.358843924808719,0
2114,14,0.9264151505071309,0.868367323790327,0.7352507464877113,-0.23936142260111043,0,-0.6682574493739278,0,0,0.7194273346216012,2
2115,14,0.9264151505071309,0.868367323790327,0.943296873229844,-0.410275733196939,0,-0.6682574493739278,0,0,-0.07409441897906646,3
2116,4,0.30995251485512954,0.3914099484132469,0.6291880152074083,-0.12541854887055803,1,-0.6682574493739278,0,0,0.3037730827355372,2
2117,11,-1.7838318216197984,-1.4067833778824486,-0.9454356107232436,1.2988673727613467,1,-0.6682574493739278,0,0,-0.6031089213795116,1
2118,11,-1.7838318216197984,-1.4067833778824486,-1.483907938761705,1.8116103045488325,1,-0.6682574493739278,0,1,-0.4519619206936701,1
2119,5,-0.47612853829875046,-1.599647014570184,0.13558838117215213,-0.3533042963316628,3,-0.5098167859943894,0,0,-0.8676161725797341,2
2120,6,0.23335064888652038,1.3893392220629235,0.5027286048347394,-0.69513291752332,4,0.4408271942828417,0,0,-1.6233511760089414,0
2121,13,-0.12047701773033298,0.5410593262580249,1.179898350701289,-1.4927330336371867,3,-0.5098167859943894,1,1,1.7018828390795706,3
2122,14,0.9264151505071309,0.868367323790327,1.2288503805229674,-1.3787901599066343,3,0.9161491844214572,0,1,-0.8298294224082737,3
2123,0,0.6473654959072578,0.16733601367230244,1.2941197536185385,-1.4927330336371867,3,0.5992678576623801,1,0,-1.0943366736084963,3
2124,12,-2.008165857670674,1.9735319804944969,-1.634843364045213,1.2988673727613467,4,2.3421151548373036,0,0,-1.6233511760089414,1
2125,12,-2.008165857670674,1.9735319804944969,1.4409758430835733,-1.4927330336371867,4,1.7083525013191496,0,0,0.6060670841072201,3
2126,3,-1.4828959196003133,-1.3459633098813757,1.6123079474594473,-1.4927330336371867,0,-0.6682574493739278,1,0,-1.585564425837481,3
2127,9,1.3623162449474802,-0.524092127813878,-1.2595444687456794,0.9570387515696896,4,2.3421151548373036,0,0,-1.4344174251516395,1
2128,1,-0.24814679434461676,0.6210857315226723,-0.7781828421658428,1.1849244990307943,2,-0.6682574493739278,0,1,0.7194273346216012,1
2129,14,0.9264151505071309,0.868367323790327,-0.6925167899779057,0.38732438291692767,3,0.7577085210419187,0,0,0.7194273346216012,2
2130,7,-0.383111986765481,-1.2515321516691895,-0.06021973811456105,0.5012672566474801,0,-0.6682574493739278,0,0,-0.11188116915052682,1
2131,0,0.6473654959072578,0.16733601367230244,-1.7205094162331498,2.0394960520099374,1,-0.6682574493739278,0,0,0.1904128322211561,1
2132,13,-0.12047701773033298,0.5410593262580249,-0.28866254394905977,0.04549576172527053,3,1.549911837939611,0,0,0.4171333332499183,2
2133,1,-0.24814679434461676,0.6210857315226723,-0.4844706632357729,0.2164100723210991,3,1.7083525013191496,0,0,1.5507358383937293,2
2134,8,0.6510132038105156,-0.21519020349247783,-1.3860038791183482,0.2164100723210991,4,1.3914711745600725,1,1,-1.6233511760089414,2
2135,2,0.9902500388142728,-0.3176240022311628,0.21717509754161596,0.2164100723210991,2,-0.6682574493739278,0,0,0.908361085478903,2
2136,15,1.2547088618011146,0.6610989341549391,-0.8026588570766818,1.1849244990307943,0,-0.6682574493739278,0,0,0.34155983290699754,1
2137,3,-1.4828959196003133,-1.3459633098813757,1.518483223634564,-0.9799901018497009,2,-0.6682574493739278,0,1,-1.4722041753230999,3
2138,0,0.6473654959072578,0.16733601367230244,1.669418648918072,-1.4927330336371867,4,0.12394586752376466,0,1,-1.1321234237799567,3
2139,5,-0.47612853829875046,-1.599647014570184,0.8494721494049606,-1.2078758493108057,1,-0.6682574493739278,1,0,-0.18745466949344755,3
2140,15,1.2547088618011146,0.6610989341549391,-1.4145592298476606,1.7546388676835563,2,-0.6682574493739278,0,0,-1.3966306749801791,1
2141,10,-0.17336878232770134,-0.10715455638531189,0.017287642436429582,-0.23936142260111043,3,2.3421151548373036,0,0,1.4373755878793482,2
2142,11,-1.7838318216197984,-1.4067833778824486,1.5755939250931887,-1.036961538714977,1,-0.6682574493739278,0,0,-1.169910173951417,3
2143,12,-2.008165857670674,1.9735319804944969,0.4333798959206951,-0.6381614806580438,4,0.2823865309033032,0,0,0.3037730827355372,0
2144,9,1.3623162449474802,-0.524092127813878,0.9147415225005316,-0.410275733196939,0,-0.6682574493739278,0,0,-0.6786824217224323,0
2145,14,0.9264151505071309,0.868367323790327,0.5272046197455785,-0.7521043543885961,3,1.866793164698688,0,1,0.7950008349645219,0
2146,13,-0.12047701773033298,0.5410593262580249,0.96369355232221,-0.4672471700622152,0,-0.6682574493739278,0,0,-0.338601670179289,3
2147,4,0.30995251485512954,0.3914099484132469,0.9269795299559512,-1.4927330336371867,3,1.7083525013191496,1,0,0.22819958239261645,3
2148,4,0.30995251485512954,0.3914099484132469,-0.04798173065914148,-0.3533042963316628,0,-0.6682574493739278,1,1,1.097294836336205,2
2149,8,0.6510132038105156,-0.21519020349247783,-1.3044171627488843,1.640695993953004,0,-0.6682574493739278,0,0,0.039265831535314634,1
2150,9,1.3623162449474802,-0.524092127813878,0.22533376917856235,-0.4672471700622152,4,0.12394586752376466,0,1,0.908361085478903,0
2151,3,-1.4828959196003133,-1.3459633098813757,-0.6884374541594325,1.070981625300242,2,-0.6682574493739278,0,0,0.22819958239261645,1
2152,9,1.3623162449474802,-0.524092127813878,-0.18667914848723,0.6152101303780324,1,-0.6682574493739278,0,0,-0.6408956715509719,1
2153,1,-0.24814679434461676,0.6210857315226723,0.06623967225810788,0.38732438291692767,0,-0.6682574493739278,0,0,1.5507358383937293,2
2154,2,0.9902500388142728,-0.3176240022311628,-1.1779577523762155,-0.011475675140005663,3,-0.35137612261485085,1,0,-1.5099909254945603,2
2155,8,0.6510132038105156,-0.21519020349247783,0.49864926901626616,-0.69513291752332,4,1.3914711745600725,0,0,-0.48974867086513046,0
2156,12,-2.008165857670674,1.9735319804944969,1.1758190148828158,-0.6381614806580438,0,-0.6682574493739278,0,0,0.45492008342137863,3
2157,14,0.9264151505071309,0.868367323790327,-0.7781828421658428,0.5012672566474801,3,2.183674491457765,0,0,-1.6989246763518622,1
2158,1,-0.24814679434461676,0.6210857315226723,1.0738356194209862,-0.5811900437927676,0,-0.6682574493739278,0,1,0.07705258170677501,3
2159,15,1.2547088618011146,0.6610989341549391,-1.7123507445962036,2.0394960520099374,2,-0.6682574493739278,0,0,-1.2454836742943378,1
2160,12,-2.008165857670674,1.9735319804944969,1.6979739996473844,-1.1509044124455294,0,-0.6682574493739278,0,0,-0.6031089213795116,3
2161,11,-1.7838318216197984,-1.4067833778824486,-0.23971051412738148,0.6721815672433087,2,-0.6682574493739278,0,0,0.34155983290699754,1
2162,14,0.9264151505071309,0.868367323790327,-1.341131185115143,0.8430958778391372,1,-0.6682574493739278,1,0,-0.754255922065353,1
2163,7,-0.383111986765481,-1.2515321516691895,0.6210293435704619,-0.12541854887055803,0,-0.6682574493739278,0,0,-0.4519619206936701,2
2164,2,0.9902500388142728,-0.3176240022311628,-1.0596570136404928,1.4128102464918992,2,-0.6682574493739278,0,1,0.22819958239261645,1
2165,9,1.3623162449474802,-0.524092127813878,0.28244447063718703,-0.5242186069274913,4,2.3421151548373036,0,0,-0.9431896729226549,0
2166,12,-2.008165857670674,1.9735319804944969,-0.5782953870606563,0.9570387515696896,2,-0.6682574493739278,0,0,0.15262608204969574,1
2167,1,-0.24814679434461676,0.6210857315226723,-1.5858913342235346,1.070981625300242,1,-0.6682574493739278,1,1,1.3618020875364274,1
2168,1,-0.24814679434461676,0.6210857315226723,-0.4926293348727193,0.9000673147044134,0,-0.6682574493739278,0,0,-1.6989246763518622,1
2169,7,-0.383111986765481,-1.2515321516691895,-0.12548911121013212,0.5582386935127562,1,-0.6682574493739278,0,0,0.34155983290699754,1
2170,9,1.3623162449474802,-0.524092127813878,0.8861861717712193,-0.3533042963316628,0,-0.6682574493739278,0,0,1.2106550868505859,2
2171,14,0.9264151505071309,0.868367323790327,-1.4064005582107142,1.7546388676835563,0,-0.6682574493739278,0,0,0.492706833592839,1
2172,12,-2.008165857670674,1.9735319804944969,0.7964407837648091,-0.9799901018497009,4,1.2330305111805342,0,0,-1.0943366736084963,3
2173,1,-0.24814679434461676,0.6210857315226723,-0.9495149465417168,0.5012672566474801,1,-0.6682574493739278,1,1,-0.1496679193219872,1
2174,0,0.6473654959072578,0.16733601367230244,-1.5287806327649098,1.8685817414141086,1,-0.6682574493739278,0,1,-0.7164691718938927,1
2175,13,-0.12047701773033298,0.5410593262580249,0.20493709008619637,0.27338150918637527,0,-0.6682574493739278,0,0,-0.6408956715509719,2
2176,13,-0.12047701773033298,0.5410593262580249,-0.19075848430570316,-0.23936142260111043,1,-0.6682574493739278,1,0,-0.7920426722368133,2
2177,6,0.23335064888652038,1.3893392220629235,-0.7822621779843159,1.1849244990307943,0,-0.6682574493739278,0,0,-0.3763884203507494,1
2178,2,0.9902500388142728,-0.3176240022311628,1.6041492758225009,-1.4927330336371867,4,2.500555818216842,1,1,-0.338601670179289,3
2179,7,-0.383111986765481,-1.2515321516691895,-0.9454356107232436,0.6152101303780324,4,-0.03449479585577385,0,0,-0.5653221712080512,1
2180,8,0.6510132038105156,-0.21519020349247783,-1.0718950210959124,1.4697816833571753,0,-0.6682574493739278,0,0,-1.2832704244657982,1
2181,6,0.23335064888652038,1.3893392220629235,0.017287642436429582,-0.23936142260111043,3,1.7083525013191496,0,0,-0.036307668807606094,2
2182,13,-0.12047701773033298,0.5410593262580249,-0.4151219543217287,0.8430958778391372,2,-0.6682574493739278,0,1,1.6640960889081102,1
2183,8,0.6510132038105156,-0.21519020349247783,1.2166123730675478,-0.69513291752332,1,-0.6682574493739278,0,0,-1.585564425837481,3
2184,14,0.9264151505071309,0.868367323790327,-1.7082714087777304,1.355838809626623,4,0.4408271942828417,0,0,0.6060670841072201,1
2185,4,0.30995251485512954,0.3914099484132469,-1.104529707643698,0.6152101303780324,1,-0.6682574493739278,1,0,0.7950008349645219,1
2186,3,-1.4828959196003133,-1.3459633098813757,-1.320734506022777,0.8430958778391372,1,-0.6682574493739278,1,0,0.6816405844501409,1
2187,10,-0.17336878232770134,-0.10715455638531189,0.8821068359527461,-1.036961538714977,4,0.4408271942828417,0,0,-0.8676161725797341,3
2188,12,-2.008165857670674,1.9735319804944969,1.0615976119655666,-0.5242186069274913,0,-0.6682574493739278,0,1,-0.11188116915052682,3
2189,4,0.30995251485512954,0.3914099484132469,-0.5905333945160759,0.3303529460516515,3,0.12394586752376466,0,1,-0.9431896729226549,2
2190,12,-2.008165857670674,1.9735319804944969,1.008566246325415,-1.1509044124455294,3,2.0252338280782265,0,0,-0.9054029227511945,3
2191,15,1.2547088618011146,0.6610989341549391,-1.0270223270927075,1.4128102464918992,1,-0.6682574493739278,0,1,0.9461478356503634,1
2192,7,-0.383111986765481,-1.2515321516691895,-1.6266846924082665,1.1279530621655183,0,-0.6682574493739278,1,0,1.4373755878793482,1
2193,9,1.3623162449474802,-0.524092127813878,0.7842027763093895,-0.2963328594663866,2,-0.6682574493739278,0,1,1.0217213359932842,2
2194,10,-0.17336878232770134,-0.10715455638531189,-0.4967086706911925,0.9000673147044134,0,-0.6682574493739278,0,0,0.26598633256407683,1
2195,1,-0.24814679434461676,0.6210857315226723,0.368110522825124,-0.7521043543885961,2,-0.6682574493739278,1,0,0.45492008342137863,0
2196,5,-0.47612853829875046,-1.599647014570184,-1.6552400431375789,1.982524615144661,2,-0.6682574493739278,0,0,-0.48974867086513046,1
2197,0,0.6473654959072578,0.16733601367230244,0.4415385675576415,0.04549576172527053,1,-0.6682574493739278,0,0,0.3037730827355372,2
2198,4,0.30995251485512954,0.3914099484132469,1.4164998281727341,-1.4927330336371867,2,-0.6682574493739278,1,0,0.8705743353074427,3
2199,5,-0.47612853829875046,-1.599647014570184,-0.06837840975150744,0.5012672566474801,1,-0.6682574493739278,0,0,1.512949088222269,1
2200,2,0.9902500388142728,-0.3176240022311628,1.5878319325486083,-1.4927330336371867,4,1.866793164698688,1,0,-1.6233511760089414,3
2201,9,1.3623162449474802,-0.524092127813878,1.306357761073958,-1.4927330336371867,3,2.3421151548373036,1,1,0.4171333332499183,3
2202,9,1.3623162449474802,-0.524092127813878,1.2451677237968601,-1.4927330336371867,2,-0.6682574493739278,1,1,1.4751623380508085,3
2203,15,1.2547088618011146,0.6610989341549391,-1.5858913342235346,1.2418959358960706,4,1.3914711745600725,0,0,1.135081586507665,1
2204,4,0.30995251485512954,0.3914099484132469,-0.912800924175458,1.2988673727613467,1,-0.6682574493739278,0,0,-1.2454836742943378,1
2205,2,0.9902500388142728,-0.3176240022311628,0.8780275001342729,-1.036961538714977,4,2.500555818216842,0,0,1.2862285871935066,3
2206,3,-1.4828959196003133,-1.3459633098813757,0.11927103789825937,-0.5242186069274913,1,-0.6682574493739278,1,0,0.0014790813638542722,0
2207,1,-0.24814679434461676,0.6210857315226723,-0.06429907393303425,-0.18238998573583423,3,-0.19293545923531236,0,0,-1.056549923437036,2
2208,2,0.9902500388142728,-0.3176240022311628,1.4817692012683052,-1.4927330336371867,3,0.2823865309033032,1,0,1.7018828390795706,3
2209,11,-1.7838318216197984,-1.4067833778824486,-0.7781828421658428,0.5012672566474801,3,0.4408271942828417,0,1,0.34155983290699754,1
2210,6,0.23335064888652038,1.3893392220629235,-0.34985258122615764,-0.7521043543885961,3,0.7577085210419187,1,0,0.7194273346216012,0
2211,9,1.3623162449474802,-0.524092127813878,0.6862987166660329,-0.18238998573583423,1,-0.6682574493739278,0,0,-0.9054029227511945,2
2212,12,-2.008165857670674,1.9735319804944969,1.2043743656121282,-1.3787901599066343,3,2.500555818216842,0,1,-1.056549923437036,3
2213,13,-0.12047701773033298,0.5410593262580249,-0.5660573796052367,0.9570387515696896,0,-0.6682574493739278,0,0,0.3037730827355372,1
2214,12,-2.008165857670674,1.9735319804944969,0.20493709008619637,-0.5811900437927676,2,-0.6682574493739278,1,0,-1.6611379261804018,0
2215,4,0.30995251485512954,0.3914099484132469,-1.2024337672870546,1.5837245570877276,2,-0.6682574493739278,0,0,-0.9431896729226549,1
2216,15,1.2547088618011146,0.6610989341549391,1.477689865449832,-1.4927330336371867,4,1.7083525013191496,0,0,0.45492008342137863,3
2217,0,0.6473654959072578,0.16733601367230244,-1.3003378269304111,1.640695993953004,2,-0.6682574493739278,0,0,0.5304935837642993,1
2218,7,-0.383111986765481,-1.2515321516691895,1.6816566563734916,-1.0939329755802534,1,-0.6682574493739278,0,0,0.07705258170677501,3
2219,7,-0.383111986765481,-1.2515321516691895,0.4048245451913828,-0.6381614806580438,3,2.0252338280782265,0,0,-0.41417517052220976,0
2220,11,-1.7838318216197984,-1.4067833778824486,0.9351382015928976,-0.410275733196939,0,-0.6682574493739278,0,0,0.7572140847930615,3
2221,0,0.6473654959072578,0.16733601367230244,-0.786341513802789,-0.3533042963316628,3,2.3421151548373036,1,1,1.512949088222269,2
2222,13,-0.12047701773033298,0.5410593262580249,-1.2024337672870546,1.5837245570877276,1,-0.6682574493739278,0,0,-0.7164691718938927,1
2223,8,0.6510132038105156,-0.21519020349247783,-1.5858913342235346,1.9255531782793849,1,-0.6682574493739278,0,0,1.2106550868505859,1
2224,6,0.23335064888652038,1.3893392220629235,-0.7169928048887448,0.27338150918637527,0,-0.6682574493739278,1,0,-0.2630281698363683,2
2225,8,0.6510132038105156,-0.21519020349247783,1.2941197536185385,-0.7521043543885961,2,-0.6682574493739278,0,0,0.8327875851359823,3
2226,10,-0.17336878232770134,-0.10715455638531189,-0.7700241705288964,-0.3533042963316628,3,2.500555818216842,1,1,0.5304935837642993,2
2227,11,-1.7838318216197984,-1.4067833778824486,-0.8801662376276725,0.5582386935127562,4,1.866793164698688,0,0,1.2862285871935066,1
2228,0,0.6473654959072578,0.16733601367230244,-1.230989118016367,0.04549576172527053,3,0.2823865309033032,1,1,-0.7920426722368133,2
2229,4,0.30995251485512954,0.3914099484132469,0.3966658735544364,-0.7521043543885961,2,-0.6682574493739278,1,1,0.908361085478903,0
2230,13,-0.12047701773033298,0.5410593262580249,0.5883946570226763,-1.4927330336371867,4,0.4408271942828417,1,0,1.0217213359932842,3
2231,10,-0.17336878232770134,-0.10715455638531189,-1.0514983420035466,1.4128102464918992,1,-0.6682574493739278,0,0,-0.18745466949344755,1
2232,12,-2.008165857670674,1.9735319804944969,-0.5986920661530223,1.0140101884349657,1,-0.6682574493739278,0,1,0.492706833592839,1
2233,15,1.2547088618011146,0.6610989341549391,-0.4559153125064606,-0.011475675140005663,1,-0.6682574493739278,1,0,-0.2630281698363683,2
2234,12,-2.008165857670674,1.9735319804944969,0.8902655075896925,-0.410275733196939,0,-0.6682574493739278,0,0,1.324015337364967,0
2235,7,-0.383111986765481,-1.2515321516691895,1.2288503805229674,-1.4927330336371867,4,-0.19293545923531236,1,0,0.9461478356503634,3
2236,12,-2.008165857670674,1.9735319804944969,-1.1167677150991175,0.786124440973861,4,0.9161491844214572,0,0,0.039265831535314634,1
2237,5,-0.47612853829875046,-1.599647014570184,1.7224500145582236,-1.4927330336371867,3,2.0252338280782265,0,0,0.9461478356503634,3
2238,3,-1.4828959196003133,-1.3459633098813757,-1.6022086774974273,1.2418959358960706,4,-0.5098167859943894,0,0,0.8705743353074427,1
2239,8,0.6510132038105156,-0.21519020349247783,-1.1290057225545371,0.786124440973861,3,1.7083525013191496,0,0,0.8705743353074427,1
2240,0,0.6473654959072578,0.16733601367230244,-1.5450979760388026,1.8685817414141086,0,-0.6682574493739278,0,1,-0.338601670179289,1
2241,15,1.2547088618011146,0.6610989341549391,0.017287642436429582,-0.23936142260111043,4,2.0252338280782265,0,0,0.6816405844501409,2
2242,0,0.6473654959072578,0.16733601367230244,-0.0846957530254002,0.5012672566474801,1,-0.6682574493739278,0,0,0.7572140847930615,1
2243,14,0.9264151505071309,0.868367323790327,-0.25194852158280107,0.6721815672433087,2,-0.6682574493739278,0,1,-1.585564425837481,1
2244,7,-0.383111986765481,-1.2515321516691895,0.6210293435704619,-0.12541854887055803,1,-0.6682574493739278,0,0,1.5885225885651897,2
2245,12,-2.008165857670674,1.9735319804944969,-1.0718950210959124,-0.06844711200528185,3,0.7577085210419187,1,0,-0.48974867086513046,2
2246,5,-0.47612853829875046,-1.599647014570184,-1.1575610732838495,1.5267531202224516,1,-0.6682574493739278,0,0,-0.754255922065353,1
2247,3,-1.4828959196003133,-1.3459633098813757,0.6985367241214525,-0.8660472281191486,4,-0.35137612261485085,0,0,-1.358843924808719,0
2248,14,0.9264151505071309,0.868367323790327,-0.9862289689079755,0.6721815672433087,3,0.7577085210419187,0,0,1.2106550868505859,1
2249,15,1.2547088618011146,0.6610989341549391,1.3389924476217436,-1.4927330336371867,3,0.5992678576623801,0,0,-0.754255922065353,3
2250,12,-2.008165857670674,1.9735319804944969,1.608228611640974,-1.036961538714977,2,-0.6682574493739278,0,0,0.6816405844501409,3
2251,14,0.9264151505071309,0.868367323790327,-0.38656660359241635,0.786124440973861,0,-0.6682574493739278,0,1,1.5885225885651897,1
2252,5,-0.47612853829875046,-1.599647014570184,1.1635810074273962,-0.6381614806580438,0,-0.6682574493739278,0,1,0.8705743353074427,3
2253,12,-2.008165857670674,1.9735319804944969,-1.296258491111938,1.640695993953004,1,-0.6682574493739278,0,0,-0.1496679193219872,1
2254,8,0.6510132038105156,-0.21519020349247783,-0.9413562749047704,1.2988673727613467,0,-0.6682574493739278,0,1,1.62630933873665,1
2255,14,0.9264151505071309,0.868367323790327,-1.0963710360067516,1.4697816833571753,2,-0.6682574493739278,0,0,-0.4519619206936701,1
2256,1,-0.24814679434461676,0.6210857315226723,0.22533376917856235,-0.4672471700622152,3,-0.03449479585577385,0,0,-0.3763884203507494,0
2257,11,-1.7838318216197984,-1.4067833778824486,1.220691708886021,-1.3787901599066343,3,0.7577085210419187,0,0,0.26598633256407683,3
2258,10,-0.17336878232770134,-0.10715455638531189,-1.0514983420035466,1.4128102464918992,1,-0.6682574493739278,0,0,-0.6031089213795116,1
2259,7,-0.383111986765481,-1.2515321516691895,-1.3044171627488843,1.640695993953004,2,-0.6682574493739278,0,0,-0.07409441897906646,1
2260,10,-0.17336878232770134,-0.10715455638531189,-0.9903083047264487,-0.18238998573583423,3,-0.03449479585577385,1,0,1.3995888377078878,2
2261,0,0.6473654959072578,0.16733601367230244,0.20085775426772318,-0.5811900437927676,0,-0.6682574493739278,1,1,1.0595080861647446,0
2262,13,-0.12047701773033298,0.5410593262580249,-1.6307640282267397,1.982524615144661,2,-0.6682574493739278,0,0,-1.2454836742943378,1
2263,9,1.3623162449474802,-0.524092127813878,-1.1657197449207959,1.5267531202224516,0,-0.6682574493739278,0,1,1.512949088222269,1
2264,13,-0.12047701773033298,0.5410593262580249,0.8168374628571751,-0.2963328594663866,0,-0.6682574493739278,0,0,1.7018828390795706,2
2265,11,-1.7838318216197984,-1.4067833778824486,-0.19075848430570316,-0.23936142260111043,2,-0.6682574493739278,1,0,-0.7164691718938927,2
2266,12,-2.008165857670674,1.9735319804944969,-0.6598821034301202,1.070981625300242,2,-0.6682574493739278,0,0,-0.4519619206936701,1
2267,14,0.9264151505071309,0.868367323790327,1.6408632981887596,-1.4927330336371867,1,-0.6682574493739278,1,0,0.8705743353074427,3
2268,10,-0.17336878232770134,-0.10715455638531189,-0.07653708138845382,-0.3533042963316628,1,-0.6682574493739278,1,1,0.45492008342137863,2
2269,5,-0.47612853829875046,-1.599647014570184,-1.3452105209336163,1.6976674308182802,2,-0.6682574493739278,0,1,-0.9431896729226549,1
2270,0,0.6473654959072578,0.16733601367230244,1.0044869105069418,-1.1509044124455294,3,-0.35137612261485085,0,0,-1.585564425837481,3
2271,5,-0.47612853829875046,-1.599647014570184,-0.7006754616148521,0.38732438291692767,4,1.0745898478009956,0,0,-1.5477776756660206,2
2272,5,-0.47612853829875046,-1.599647014570184,-1.0147843196372879,0.5582386935127562,2,-0.6682574493739278,1,0,-1.4344174251516395,1
2273,0,0.6473654959072578,0.16733601367230244,-0.2152344992165423,-0.011475675140005663,4,2.500555818216842,0,0,1.4373755878793482,2
2274,13,-0.12047701773033298,0.5410593262580249,-1.6960334013223108,1.1849244990307943,0,-0.6682574493739278,1,0,1.324015337364967,1
2275,6,0.23335064888652038,1.3893392220629235,1.285961081981592,-1.4357615967719104,4,0.5992678576623801,0,0,0.45492008342137863,3
2276,1,-0.24814679434461676,0.6210857315226723,1.0452802686916738,-1.2078758493108057,3,0.9161491844214572,0,1,0.8705743353074427,3
2277,2,0.9902500388142728,-0.3176240022311628,-1.0678156852774392,1.4128102464918992,1,-0.6682574493739278,0,0,-0.5653221712080512,1
2278,5,-0.47612853829875046,-1.599647014570184,0.4252212242837487,-0.6381614806580438,3,1.866793164698688,0,0,-1.4344174251516395,0
2279,2,0.9902500388142728,-0.3176240022311628,-0.9413562749047704,1.2988673727613467,0,-0.6682574493739278,0,0,0.0014790813638542722,1
2280,8,0.6510132038105156,-0.21519020349247783,1.090152962694879,-1.4357615967719104,1,-0.6682574493739278,1,0,0.9461478356503634,3
2281,9,1.3623162449474802,-0.524092127813878,1.0738356194209862,-1.4927330336371867,3,1.866793164698688,1,0,0.3793465830784579,3
2282,10,-0.17336878232770134,-0.10715455638531189,0.04176365734726873,0.38732438291692767,0,-0.6682574493739278,0,0,1.097294836336205,2
2283,6,0.23335064888652038,1.3893392220629235,1.649021969825706,-1.4927330336371867,3,-0.03449479585577385,0,0,0.5304935837642993,3
2284,15,1.2547088618011146,0.6610989341549391,0.009128970799483199,-0.410275733196939,2,-0.6682574493739278,1,0,-1.2076969241228774,0
2285,4,0.30995251485512954,0.3914099484132469,1.4940072087237248,-1.4927330336371867,4,1.549911837939611,1,1,-1.0943366736084963,3
2286,12,-2.008165857670674,1.9735319804944969,-1.5450979760388026,1.8685817414141086,0,-0.6682574493739278,0,0,0.7572140847930615,1
2287,9,1.3623162449474802,-0.524092127813878,-1.0922917001882784,1.4697816833571753,2,-0.6682574493739278,0,0,-0.11188116915052682,1
2288,15,1.2547088618011146,0.6610989341549391,0.6618227017551938,-0.18238998573583423,0,-0.6682574493739278,0,0,1.2106550868505859,2
2289,6,0.23335064888652038,1.3893392220629235,-0.30905922304142575,0.04549576172527053,4,2.500555818216842,0,1,-1.358843924808719,2
2290,0,0.6473654959072578,0.16733601367230244,1.069756283602513,-0.5242186069274913,1,-0.6682574493739278,0,0,0.8327875851359823,3
2291,11,-1.7838318216197984,-1.4067833778824486,-0.4069632826847823,-0.011475675140005663,1,-0.6682574493739278,1,0,0.0014790813638542722,2
2292,12,-2.008165857670674,1.9735319804944969,0.474173254105427,-0.011475675140005663,1,-0.6682574493739278,0,0,0.0014790813638542722,2
2293,7,-0.383111986765481,-1.2515321516691895,0.4211418884652755,0.04549576172527053,2,-0.6682574493739278,0,0,1.2484418370220463,2
2294,14,0.9264151505071309,0.868367323790327,1.0860736268764057,-1.2648472861760818,3,2.0252338280782265,0,0,0.908361085478903,3
2295,1,-0.24814679434461676,0.6210857315226723,-1.039260334548127,0.5582386935127562,0,-0.6682574493739278,1,0,-1.3966306749801791,1
2296,2,0.9902500388142728,-0.3176240022311628,-0.9372769390862972,1.2988673727613467,1,-0.6682574493739278,0,0,0.3037730827355372,1
2297,15,1.2547088618011146,0.6610989341549391,1.6653393130995988,-1.0939329755802534,0,-0.6682574493739278,0,0,0.8705743353074427,3
2298,7,-0.383111986765481,-1.2515321516691895,-1.6430020356821593,1.982524615144661,0,-0.6682574493739278,0,1,0.15262608204969574,1
2299,2,0.9902500388142728,-0.3176240022311628,-0.9046422525385116,0.6152101303780324,3,0.9161491844214572,0,1,-1.056549923437036,1
2300,1,-0.24814679434461676,0.6210857315226723,-0.035743723203721905,-1.036961538714977,4,0.5992678576623801,1,0,-0.5653221712080512,3
2301,9,1.3623162449474802,-0.524092127813878,1.6327046265518133,-1.0939329755802534,2,-0.6682574493739278,0,0,-0.9431896729226549,3
2302,6,0.23335064888652038,1.3893392220629235,-0.08061641720692701,0.5012672566474801,2,-0.6682574493739278,0,0,0.07705258170677501,1
2303,9,1.3623162449474802,-0.524092127813878,1.6163872832779205,-1.4927330336371867,1,-0.6682574493739278,1,1,-1.1321234237799567,3
2304,9,1.3623162449474802,-0.524092127813878,-0.8230555361690478,1.1849244990307943,0,-0.6682574493739278,0,0,-0.9431896729226549,1
2305,4,0.30995251485512954,0.3914099484132469,-1.341131185115143,1.6976674308182802,1,-0.6682574493739278,0,1,1.2106550868505859,1
2306,7,-0.383111986765481,-1.2515321516691895,0.04584299316574192,-0.4672471700622152,0,-0.6682574493739278,1,0,0.3037730827355372,0
2307,1,-0.24814679434461676,0.6210857315226723,-1.553256647675749,1.8685817414141086,0,-0.6682574493739278,0,0,-0.8298294224082737,1
2308,8,0.6510132038105156,-0.21519020349247783,0.8821068359527461,-1.036961538714977,3,2.500555818216842,0,1,0.3037730827355372,3
2309,11,-1.7838318216197984,-1.4067833778824486,-0.9209595958124044,1.2988673727613467,1,-0.6682574493739278,0,0,-0.1496679193219872,1
2310,0,0.6473654959072578,0.16733601367230244,-0.35801125286310403,-0.06844711200528185,1,-0.6682574493739278,1,0,0.8327875851359823,2
2311,15,1.2547088618011146,0.6610989341549391,-0.9658322898156095,1.355838809626623,1,-0.6682574493739278,0,0,-1.0943366736084963,1
2312,6,0.23335064888652038,1.3893392220629235,-0.4763119915988266,0.9000673147044134,0,-0.6682574493739278,0,0,0.07705258170677501,1
2313,11,-1.7838318216197984,-1.4067833778824486,-1.6511607073191057,1.982524615144661,0,-0.6682574493739278,0,0,0.6438538342786805,1
2314,11,-1.7838318216197984,-1.4067833778824486,-0.2682658648566938,-0.011475675140005663,3,2.3421151548373036,0,1,-0.9809764230941153,2
2315,7,-0.383111986765481,-1.2515321516691895,0.22941310499703552,0.2164100723210991,1,-0.6682574493739278,0,0,-0.9431896729226549,2
2316,7,-0.383111986765481,-1.2515321516691895,1.0534389403286202,-0.5242186069274913,1,-0.6682574493739278,0,0,1.135081586507665,3
2317,3,-1.4828959196003133,-1.3459633098813757,-1.3329725134781967,1.0140101884349657,4,0.4408271942828417,0,0,-0.30081492000782867,1
2318,4,0.30995251485512954,0.3914099484132469,1.367547798351056,-1.4927330336371867,4,-0.19293545923531236,0,0,0.3793465830784579,3
2319,10,-0.17336878232770134,-0.10715455638531189,0.7801234404909163,-0.2963328594663866,1,-0.6682574493739278,0,0,-0.8298294224082737,2
2320,3,-1.4828959196003133,-1.3459633098813757,1.53887990272693,-1.4927330336371867,3,0.5992678576623801,1,0,1.2862285871935066,3
2321,5,-0.47612853829875046,-1.599647014570184,-0.6435647601562274,0.38732438291692767,3,0.4408271942828417,0,1,1.2484418370220463,2
2322,0,0.6473654959072578,0.16733601367230244,0.1926990826307768,-0.410275733196939,4,-0.03449479585577385,0,1,-0.6786824217224323,0
2323,1,-0.24814679434461676,0.6210857315226723,1.2329297163414406,-1.3787901599066343,4,2.3421151548373036,0,0,1.5507358383937293,3
2324,11,-1.7838318216197984,-1.4067833778824486,0.49456993319779297,-0.011475675140005663,2,-0.6682574493739278,0,1,-1.6233511760089414,2
2325,8,0.6510132038105156,-0.21519020349247783,0.30284114972955295,-1.3787901599066343,3,-0.5098167859943894,1,0,-0.9431896729226549,3
2326,15,1.2547088618011146,0.6610989341549391,-0.2315518424904351,-0.011475675140005663,4,1.3914711745600725,0,0,1.4751623380508085,2
2327,4,0.30995251485512954,0.3914099484132469,1.6123079474594473,-1.036961538714977,0,-0.6682574493739278,0,1,-0.3763884203507494,3
2328,8,0.6510132038105156,-0.21519020349247783,0.5843153212042032,-0.12541854887055803,2,-0.6682574493739278,0,0,-0.11188116915052682,2
2329,14,0.9264151505071309,0.868367323790327,-0.34169390958921125,0.10246719859054672,3,0.7577085210419187,0,1,0.4171333332499183,2
2330,9,1.3623162449474802,-0.524092127813878,1.5959906041855545,-1.036961538714977,1,-0.6682574493739278,0,1,0.22819958239261645,3
2331,15,1.2547088618011146,0.6610989341549391,0.3721898586435972,0.10246719859054672,2,-0.6682574493739278,0,0,-0.036307668807606094,2
2332,5,-0.47612853829875046,-1.599647014570184,-1.5818119984050614,1.070981625300242,0,-0.6682574493739278,1,0,-0.6408956715509719,1
2333,4,0.30995251485512954,0.3914099484132469,-1.2880998194749915,1.640695993953004,1,-0.6682574493739278,0,0,-1.2076969241228774,1
2334,13,-0.12047701773033298,0.5410593262580249,-0.8638488943537798,0.38732438291692767,1,-0.6682574493739278,1,1,-0.7164691718938927,2
2335,12,-2.008165857670674,1.9735319804944969,-0.035743723203721905,0.5012672566474801,0,-0.6682574493739278,0,0,-0.6786824217224323,1
2336,14,0.9264151505071309,0.868367323790327,-1.422717901484607,1.7546388676835563,1,-0.6682574493739278,0,0,1.2862285871935066,1
2337,3,-1.4828959196003133,-1.3459633098813757,1.4858485370867784,-1.4927330336371867,1,-0.6682574493739278,1,0,-0.036307668807606094,3
2338,4,0.30995251485512954,0.3914099484132469,-0.7088341332517984,0.4442958197822039,3,1.866793164698688,0,0,-1.2454836742943378,2
2339,11,-1.7838318216197984,-1.4067833778824486,0.07847767971352745,-0.4672471700622152,2,-0.6682574493739278,1,1,-0.8298294224082737,0
2340,1,-0.24814679434461676,0.6210857315226723,-0.6721201108855397,-0.4672471700622152,4,2.183674491457765,1,0,-0.5275354210365908,0
2341,14,0.9264151505071309,0.868367323790327,-1.7205094162331498,1.355838809626623,3,0.7577085210419187,0,1,-0.754255922065353,1
2342,12,-2.008165857670674,1.9735319804944969,-0.28866254394905977,0.7291530041085849,2,-0.6682574493739278,0,0,-0.7164691718938927,1
2343,5,-0.47612853829875046,-1.599647014570184,0.6047120002965691,-0.12541854887055803,0,-0.6682574493739278,0,0,1.0217213359932842,2
2344,1,-0.24814679434461676,0.6210857315226723,0.9922489030515222,-1.1509044124455294,4,-0.35137612261485085,0,0,-0.7920426722368133,3
2345,15,1.2547088618011146,0.6610989341549391,-0.8720075659907262,0.38732438291692767,0,-0.6682574493739278,1,0,1.7018828390795706,2
2346,4,0.30995251485512954,0.3914099484132469,-0.9495149465417168,0.6721815672433087,4,1.549911837939611,0,0,0.26598633256407683,1
2347,15,1.2547088618011146,0.6610989341549391,0.5679979779303104,-0.7521043543885961,4,2.3421151548373036,0,0,-0.5653221712080512,0
2348,4,0.30995251485512954,0.3914099484132469,1.1187083134241913,-0.5811900437927676,2,-0.6682574493739278,0,0,-0.07409441897906646,3
2349,4,0.30995251485512954,0.3914099484132469,0.22941310499703552,0.2164100723210991,0,-0.6682574493739278,0,1,0.7950008349645219,2
2350,2,0.9902500388142728,-0.3176240022311628,1.241088387978387,-1.4927330336371867,0,-0.6682574493739278,1,0,0.07705258170677501,3
2351,14,0.9264151505071309,0.868367323790327,-1.14532306582843,0.6721815672433087,1,-0.6682574493739278,1,0,0.11483933187823536,1
2352,11,-1.7838318216197984,-1.4067833778824486,0.58023598538573,-1.4927330336371867,3,0.9161491844214572,1,0,-1.358843924808719,3
2353,10,-0.17336878232770134,-0.10715455638531189,0.8494721494049606,-1.036961538714977,3,0.5992678576623801,0,0,1.4373755878793482,3
2354,8,0.6510132038105156,-0.21519020349247783,-0.5619780437867635,0.27338150918637527,3,-0.03449479585577385,0,0,1.3995888377078878,2
2355,14,0.9264151505071309,0.868367323790327,-0.40288394686630913,0.8430958778391372,2,-0.6682574493739278,0,1,0.6060670841072201,1
2356,12,-2.008165857670674,1.9735319804944969,0.3354758362773385,-0.69513291752332,0,-0.6682574493739278,1,1,0.7194273346216012,0
2357,7,-0.383111986765481,-1.2515321516691895,-0.9372769390862972,1.2988673727613467,2,-0.6682574493739278,0,1,0.8327875851359823,1
2358,4,0.30995251485512954,0.3914099484132469,-0.13364778284707848,0.5582386935127562,2,-0.6682574493739278,0,0,0.5304935837642993,1
2359,6,0.23335064888652038,1.3893392220629235,-1.5491773118572758,1.8685817414141086,0,-0.6682574493739278,0,0,-0.1496679193219872,1
2360,6,0.23335064888652038,1.3893392220629235,-0.9943876405449219,0.6721815672433087,4,0.9161491844214572,0,0,-0.036307668807606094,1
2361,15,1.2547088618011146,0.6610989341549391,-0.20299649176112275,0.6152101303780324,2,-0.6682574493739278,0,0,-0.6031089213795116,1
2362,10,-0.17336878232770134,-0.10715455638531189,-0.30905922304142575,0.7291530041085849,0,-0.6682574493739278,0,0,0.7572140847930615,1
2363,9,1.3623162449474802,-0.524092127813878,-0.15812379775791766,0.6152101303780324,1,-0.6682574493739278,0,0,1.512949088222269,1
2364,12,-2.008165857670674,1.9735319804944969,1.579673260911662,-1.036961538714977,0,-0.6682574493739278,0,0,-0.5275354210365908,3
2365,2,0.9902500388142728,-0.3176240022311628,0.7882821121278627,-0.9799901018497009,3,1.3914711745600725,0,0,-1.5099909254945603,3
2366,5,-0.47612853829875046,-1.599647014570184,0.21309576172314276,0.27338150918637527,2,-0.6682574493739278,0,0,0.5682803339357597,2
2367,14,0.9264151505071309,0.868367323790327,0.09479502298742022,0.3303529460516515,2,-0.6682574493739278,0,0,1.0217213359932842,2
2368,6,0.23335064888652038,1.3893392220629235,1.1187083134241913,-0.5811900437927676,1,-0.6682574493739278,0,0,1.3618020875364274,3
2369,10,-0.17336878232770134,-0.10715455638531189,0.6862987166660329,-0.18238998573583423,0,-0.6682574493739278,0,0,0.6060670841072201,2
2370,2,0.9902500388142728,-0.3176240022311628,-0.5089466781466121,0.9000673147044134,2,-0.6682574493739278,0,1,-1.169910173951417,1
2371,3,-1.4828959196003133,-1.3459633098813757,1.2043743656121282,-1.3787901599066343,4,1.549911837939611,0,0,-0.48974867086513046,3
2372,15,1.2547088618011146,0.6610989341549391,1.028962925417781,-0.5242186069274913,2,-0.6682574493739278,0,0,0.7194273346216012,3
2373,15,1.2547088618011146,0.6610989341549391,-1.7164300804146768,1.355838809626623,4,0.12394586752376466,0,0,-0.8676161725797341,1
2374,8,0.6510132038105156,-0.21519020349247783,-1.5981293416789542,1.9255531782793849,1,-0.6682574493739278,0,0,0.6060670841072201,1
2375,1,-0.24814679434461676,0.6210857315226723,0.4782525899239002,-0.011475675140005663,0,-0.6682574493739278,0,0,0.7572140847930615,2
2376,9,1.3623162449474802,-0.524092127813878,-0.8556902227168334,1.2418959358960706,2,-0.6682574493739278,0,1,-1.6611379261804018,1
2377,11,-1.7838318216197984,-1.4067833778824486,0.22941310499703552,-0.4672471700622152,3,2.500555818216842,0,0,-0.2630281698363683,0
2378,8,0.6510132038105156,-0.21519020349247783,-1.5858913342235346,1.9255531782793849,1,-0.6682574493739278,0,0,-0.6031089213795116,1
2379,4,0.30995251485512954,0.3914099484132469,0.4211418884652755,0.04549576172527053,2,-0.6682574493739278,0,1,-0.338601670179289,2
2380,3,-1.4828959196003133,-1.3459633098813757,-1.2146717747424742,0.9000673147044134,4,2.0252338280782265,0,1,1.6640960889081102,1
2381,6,0.23335064888652038,1.3893392220629235,0.8657894926788534,-1.036961538714977,4,2.3421151548373036,0,1,1.3618020875364274,3
2382,0,0.6473654959072578,0.16733601367230244,1.412420492354261,-0.8660472281191486,1,-0.6682574493739278,0,0,0.5682803339357597,3
2383,9,1.3623162449474802,-0.524092127813878,-1.7123507445962036,1.1849244990307943,1,-0.6682574493739278,1,0,0.0014790813638542722,1
2384,8,0.6510132038105156,-0.21519020349247783,0.5924739928411495,-1.4927330336371867,4,2.183674491457765,1,0,0.9461478356503634,3
2385,10,-0.17336878232770134,-0.10715455638531189,-0.7781828421658428,0.5012672566474801,4,2.183674491457765,0,1,1.7018828390795706,1
2386,6,0.23335064888652038,1.3893392220629235,-0.5089466781466121,0.04549576172527053,2,-0.6682574493739278,1,0,-1.585564425837481,2
2387,2,0.9902500388142728,-0.3176240022311628,-0.33353523795226486,0.7291530041085849,0,-0.6682574493739278,0,0,-0.18745466949344755,1
2388,9,1.3623162449474802,-0.524092127813878,-0.5905333945160759,-0.5242186069274913,4,-0.5098167859943894,1,0,-0.338601670179289,0
2389,8,0.6510132038105156,-0.21519020349247783,-0.18667914848723,-0.06844711200528185,3,0.4408271942828417,0,1,0.15262608204969574,2
2390,13,-0.12047701773033298,0.5410593262580249,0.31099982136649934,0.1594386354558229,0,-0.6682574493739278,0,1,0.9839345858218238,2
2391,15,1.2547088618011146,0.6610989341549391,-0.8148968645321014,1.1849244990307943,2,-0.6682574493739278,0,0,-0.2630281698363683,1
2392,9,1.3623162449474802,-0.524092127813878,-0.12956844702860532,-0.9799901018497009,4,1.0745898478009956,1,1,1.5507358383937293,3
2393,8,0.6510132038105156,-0.21519020349247783,1.0779149552394593,-1.4927330336371867,4,1.3914711745600725,1,0,0.9839345858218238,3
2394,12,-2.008165857670674,1.9735319804944969,-0.05614040229608786,-0.18238998573583423,4,-0.35137612261485085,0,0,0.908361085478903,2
2395,8,0.6510132038105156,-0.21519020349247783,-1.487987274580178,1.8116103045488325,2,-0.6682574493739278,0,0,-0.30081492000782867,1
2396,13,-0.12047701773033298,0.5410593262580249,1.2737230745261725,-1.4927330336371867,2,-0.6682574493739278,1,0,-0.8298294224082737,3
2397,14,0.9264151505071309,0.868367323790327,0.8331548061310678,-1.2078758493108057,2,-0.6682574493739278,1,0,1.4751623380508085,3
2398,5,-0.47612853829875046,-1.599647014570184,1.4450551789020465,-0.9230186649844248,2,-0.6682574493739278,0,1,-1.358843924808719,3
2399,2,0.9902500388142728,-0.3176240022311628,1.2370090521599137,-1.4927330336371867,4,2.3421151548373036,1,0,0.6438538342786805,3
2400,15,1.2547088618011146,0.6610989341549391,-1.2065131031055278,0.7291530041085849,0,-0.6682574493739278,1,1,-0.9809764230941153,1
2401,10,-0.17336878232770134,-0.10715455638531189,-0.9168802599939312,0.6152101303780324,4,-0.03449479585577385,0,0,-0.8676161725797341,1
2402,10,-0.17336878232770134,-0.10715455638531189,1.1554223357904498,-1.4927330336371867,3,-0.35137612261485085,1,0,1.2862285871935066,3
2403,7,-0.383111986765481,-1.2515321516691895,-1.7041920729592572,2.0394960520099374,2,-0.6682574493739278,0,1,1.0595080861647446,1
2404,12,-2.008165857670674,1.9735319804944969,0.922900194137478,-0.410275733196939,1,-0.6682574493739278,0,0,-0.18745466949344755,0
2405,10,-0.17336878232770134,-0.10715455638531189,0.14374705280909852,0.3303529460516515,2,-0.6682574493739278,0,0,0.45492008342137863,2
2406,11,-1.7838318216197984,-1.4067833778824486,0.6862987166660329,-0.8660472281191486,4,2.0252338280782265,0,1,-1.5477776756660206,0
2407,8,0.6510132038105156,-0.21519020349247783,-0.5619780437867635,0.10246719859054672,1,-0.6682574493739278,1,0,-0.9431896729226549,2
2408,0,0.6473654959072578,0.16733601367230244,-1.251385797108733,0.9000673147044134,3,2.0252338280782265,0,0,0.5682803339357597,1
2409,4,0.30995251485512954,0.3914099484132469,-0.3131385588598989,-0.12541854887055803,0,-0.6682574493739278,1,0,-0.9809764230941153,2
2410,12,-2.008165857670674,1.9735319804944969,0.20085775426772318,0.27338150918637527,2,-0.6682574493739278,0,0,-0.48974867086513046,2
2411,12,-2.008165857670674,1.9735319804944969,0.6577433659367206,-0.18238998573583423,1,-0.6682574493739278,0,0,0.9839345858218238,2
2412,0,0.6473654959072578,0.16733601367230244,-1.2636238045641526,0.9570387515696896,3,1.0745898478009956,0,1,-1.0943366736084963,1
2413,11,-1.7838318216197984,-1.4067833778824486,0.4374592317391683,0.04549576172527053,2,-0.6682574493739278,0,1,-0.18745466949344755,2
2414,3,-1.4828959196003133,-1.3459633098813757,-0.9617529539971363,1.355838809626623,0,-0.6682574493739278,0,0,-0.2252414196649079,1
2415,15,1.2547088618011146,0.6610989341549391,1.2941197536185385,-0.7521043543885961,0,-0.6682574493739278,0,0,-1.0943366736084963,3
2416,12,-2.008165857670674,1.9735319804944969,0.27836513481871383,-0.5242186069274913,4,1.2330305111805342,0,1,1.512949088222269,0
2417,6,0.23335064888652038,1.3893392220629235,1.689815328010438,-1.1509044124455294,2,-0.6682574493739278,0,0,-1.056549923437036,3
2418,4,0.30995251485512954,0.3914099484132469,0.3803485302805436,0.10246719859054672,0,-0.6682574493739278,0,0,0.4171333332499183,2
2419,6,0.23335064888652038,1.3893392220629235,-0.40288394686630913,0.8430958778391372,1,-0.6682574493739278,0,0,0.34155983290699754,1
2420,15,1.2547088618011146,0.6610989341549391,1.2655644028892261,-0.7521043543885961,2,-0.6682574493739278,0,1,0.7572140847930615,3
2421,15,1.2547088618011146,0.6610989341549391,-0.5334226930574513,-0.5811900437927676,3,-0.03449479585577385,1,0,-0.5275354210365908,0
2422,11,-1.7838318216197984,-1.4067833778824486,-1.0800536927328588,0.6152101303780324,1,-0.6682574493739278,1,0,1.7018828390795706,1
2423,14,0.9264151505071309,0.868367323790327,-0.35393191704463084,-0.06844711200528185,1,-0.6682574493739278,1,0,-0.1496679193219872,2
2424,14,0.9264151505071309,0.868367323790327,0.11927103789825937,0.3303529460516515,0,-0.6682574493739278,0,1,-1.1321234237799567,2
2425,9,1.3623162449474802,-0.524092127813878,0.8902655075896925,-1.0939329755802534,4,-0.35137612261485085,0,0,0.7194273346216012,3
2426,7,-0.383111986765481,-1.2515321516691895,-0.8760869018091993,1.2418959358960706,0,-0.6682574493739278,0,1,1.7018828390795706,1
2427,3,-1.4828959196003133,-1.3459633098813757,-0.02758505156677552,0.4442958197822039,1,-0.6682574493739278,0,0,0.1904128322211561,2
2428,12,-2.008165857670674,1.9735319804944969,1.6775773205550184,-1.0939329755802534,0,-0.6682574493739278,0,0,-0.07409441897906646,3
2429,0,0.6473654959072578,0.16733601367230244,-0.9005629167200384,0.6152101303780324,3,-0.35137612261485085,0,1,-0.5653221712080512,1
2430,3,-1.4828959196003133,-1.3459633098813757,0.7719647688539699,-1.1509044124455294,2,-0.6682574493739278,1,0,-0.3763884203507494,3
2431,7,-0.383111986765481,-1.2515321516691895,-0.6680407750670666,0.2164100723210991,0,-0.6682574493739278,1,0,1.0595080861647446,2
2432,9,1.3623162449474802,-0.524092127813878,-0.6150094094269151,0.1594386354558229,0,-0.6682574493739278,1,0,1.4751623380508085,2
2433,0,0.6473654959072578,0.16733601367230244,-0.1825998126687568,0.6152101303780324,2,-0.6682574493739278,0,0,-0.7164691718938927,1
2434,4,0.30995251485512954,0.3914099484132469,-1.2065131031055278,1.5837245570877276,2,-0.6682574493739278,0,0,0.0014790813638542722,1
2435,10,-0.17336878232770134,-0.10715455638531189,-0.8434522152614138,0.5582386935127562,3,0.4408271942828417,0,0,1.5507358383937293,1
2436,10,-0.17336878232770134,-0.10715455638531189,1.6000699400040277,-1.036961538714977,1,-0.6682574493739278,0,0,0.1904128322211561,3
2437,9,1.3623162449474802,-0.524092127813878,1.4695311938128857,-1.4927330336371867,1,-0.6682574493739278,1,0,1.5885225885651897,3
2438,10,-0.17336878232770134,-0.10715455638531189,-1.4390352447584998,1.1279530621655183,3,1.549911837939611,0,0,1.097294836336205,1
2439,13,-0.12047701773033298,0.5410593262580249,1.4246584998096805,-1.4927330336371867,3,1.7083525013191496,1,0,-0.07409441897906646,3
2440,14,0.9264151505071309,0.868367323790327,0.11519170207978617,0.3303529460516515,2,-0.6682574493739278,0,0,1.4751623380508085,2
2441,2,0.9902500388142728,-0.3176240022311628,-0.1744411410318104,-0.06844711200528185,3,1.866793164698688,0,0,1.4751623380508085,2
2442,1,-0.24814679434461676,0.6210857315226723,0.4211418884652755,-0.6381614806580438,4,0.5992678576623801,0,0,-0.7164691718938927,0
2443,0,0.6473654959072578,0.16733601367230244,-0.39064593941088954,-0.06844711200528185,1,-0.6682574493739278,1,0,1.2862285871935066,2
2444,12,-2.008165857670674,1.9735319804944969,0.2416511124524551,0.2164100723210991,2,-0.6682574493739278,0,0,-1.3966306749801791,2
2445,11,-1.7838318216197984,-1.4067833778824486,0.4048245451913828,-0.6381614806580438,4,1.3914711745600725,0,1,-0.5653221712080512,0
2446,4,0.30995251485512954,0.3914099484132469,0.7760441046724431,-1.1509044124455294,1,-0.6682574493739278,1,0,-0.2630281698363683,3
2447,3,-1.4828959196003133,-1.3459633098813757,1.3308337759847972,-1.4927330336371867,0,-0.6682574493739278,1,0,1.0217213359932842,3
2448,14,0.9264151505071309,0.868367323790327,-0.4069632826847823,0.1594386354558229,4,1.549911837939611,0,1,1.0217213359932842,2
2449,8,0.6510132038105156,-0.21519020349247783,-1.6226053565897933,1.1279530621655183,0,-0.6682574493739278,1,1,-1.6611379261804018,1
2450,9,1.3623162449474802,-0.524092127813878,0.8984241792266389,-0.410275733196939,1,-0.6682574493739278,0,1,-0.30081492000782867,0
2451,13,-0.12047701773033298,0.5410593262580249,-0.5701367154237099,0.10246719859054672,0,-0.6682574493739278,1,0,-1.6989246763518622,2
2452,0,0.6473654959072578,0.16733601367230244,1.200295029793655,-1.4927330336371867,1,-0.6682574493739278,1,0,-1.3210571746372586,3
2453,4,0.30995251485512954,0.3914099484132469,-0.4192012901402019,0.8430958778391372,1,-0.6682574493739278,0,1,1.2106550868505859,1
2454,3,-1.4828959196003133,-1.3459633098813757,1.3716271341695292,-0.8090757912538723,0,-0.6682574493739278,0,1,1.097294836336205,3
2455,15,1.2547088618011146,0.6610989341549391,-1.659319378956052,1.982524615144661,1,-0.6682574493739278,0,0,-1.0187631732655755,1
2456,9,1.3623162449474802,-0.524092127813878,-1.5287806327649098,0.3303529460516515,4,0.7577085210419187,1,0,1.4373755878793482,2
2457,15,1.2547088618011146,0.6610989341549391,0.6822193808475597,-1.036961538714977,1,-0.6682574493739278,1,0,0.6438538342786805,3
2458,8,0.6510132038105156,-0.21519020349247783,1.392023813261895,-1.4927330336371867,3,0.12394586752376466,0,0,0.1904128322211561,3
2459,9,1.3623162449474802,-0.524092127813878,0.1478263886275717,-0.3533042963316628,3,0.2823865309033032,0,1,0.15262608204969574,2
2460,2,0.9902500388142728,-0.3176240022311628,1.6857359921919648,-1.4927330336371867,4,2.0252338280782265,0,0,0.6438538342786805,3
2461,11,-1.7838318216197984,-1.4067833778824486,-0.19483782012417636,0.6152101303780324,2,-0.6682574493739278,0,0,1.3618020875364274,1
2462,11,-1.7838318216197984,-1.4067833778824486,0.49864926901626616,-1.4927330336371867,4,0.2823865309033032,1,0,1.2862285871935066,3
2463,12,-2.008165857670674,1.9735319804944969,0.4456179033761147,-0.6381614806580438,4,2.3421151548373036,0,0,0.6060670841072201,0
2464,1,-0.24814679434461676,0.6210857315226723,0.8045994554017555,-0.2963328594663866,2,-0.6682574493739278,0,0,1.4373755878793482,2
2465,2,0.9902500388142728,-0.3176240022311628,-1.0759743569143856,1.4697816833571753,2,-0.6682574493739278,0,0,0.039265831535314634,1
2466,0,0.6473654959072578,0.16733601367230244,-0.0071883724744095665,-0.23936142260111043,4,-0.19293545923531236,0,0,-0.07409441897906646,2
2467,0,0.6473654959072578,0.16733601367230244,-1.5777326625865882,1.070981625300242,1,-0.6682574493739278,1,0,-0.6786824217224323,1
2468,1,-0.24814679434461676,0.6210857315226723,-0.10509243211776616,0.5582386935127562,0,-0.6682574493739278,0,1,1.7018828390795706,1
2469,11,-1.7838318216197984,-1.4067833778824486,1.0167249179623614,-1.2078758493108057,3,2.3421151548373036,0,1,0.5304935837642993,3
2470,12,-2.008165857670674,1.9735319804944969,-0.43143929759562144,0.8430958778391372,1,-0.6682574493739278,0,0,1.62630933873665,1
2471,9,1.3623162449474802,-0.524092127813878,0.5190459481086321,-0.69513291752332,3,2.3421151548373036,0,0,-1.0943366736084963,0
2472,8,0.6510132038105156,-0.21519020349247783,-1.6470813715006325,1.1279530621655183,0,-0.6682574493739278,1,0,-1.0187631732655755,1
2473,3,-1.4828959196003133,-1.3459633098813757,1.457293186357466,-1.4927330336371867,2,-0.6682574493739278,1,1,-1.5099909254945603,3
2474,2,0.9902500388142728,-0.3176240022311628,0.6373466868443547,-0.9799901018497009,1,-0.6682574493739278,1,0,-0.338601670179289,3
2475,5,-0.47612853829875046,-1.599647014570184,-1.361527864207509,1.6976674308182802,2,-0.6682574493739278,0,1,-1.358843924808719,1
2476,8,0.6510132038105156,-0.21519020349247783,-1.512463289491017,1.1849244990307943,3,2.183674491457765,0,0,1.135081586507665,1
2477,10,-0.17336878232770134,-0.10715455638531189,1.4368965072651,-1.4927330336371867,0,-0.6682574493739278,1,0,0.492706833592839,3
2478,5,-0.47612853829875046,-1.599647014570184,0.0540016648026883,0.38732438291692767,1,-0.6682574493739278,0,0,-0.41417517052220976,2
2479,14,0.9264151505071309,0.868367323790327,-1.1126883792806443,1.4697816833571753,0,-0.6682574493739278,0,0,-1.4344174251516395,1
2480,11,-1.7838318216197984,-1.4067833778824486,0.984090231414576,-1.1509044124455294,3,1.3914711745600725,0,0,-1.2076969241228774,3
2481,3,-1.4828959196003133,-1.3459633098813757,-0.6884374541594325,0.2164100723210991,1,-0.6682574493739278,1,0,0.3793465830784579,2
2482,9,1.3623162449474802,-0.524092127813878,0.2865238064556602,0.1594386354558229,2,-0.6682574493739278,0,0,-1.4344174251516395,2
2483,6,0.23335064888652038,1.3893392220629235,0.19677841844925,0.27338150918637527,2,-0.6682574493739278,0,1,0.6816405844501409,2
2484,5,-0.47612853829875046,-1.599647014570184,-0.42328062595867505,0.1594386354558229,3,-0.03449479585577385,0,0,-0.18745466949344755,2
2485,8,0.6510132038105156,-0.21519020349247783,0.6536640301182475,-0.18238998573583423,1,-0.6682574493739278,0,1,0.7950008349645219,2
2486,14,0.9264151505071309,0.868367323790327,-1.1983544314685814,0.7291530041085849,2,-0.6682574493739278,1,1,-0.6031089213795116,1
2487,10,-0.17336878232770134,-0.10715455638531189,1.0208042537808346,-0.5242186069274913,2,-0.6682574493739278,0,0,0.8327875851359823,3
2488,5,-0.47612853829875046,-1.599647014570184,1.649021969825706,-1.4927330336371867,3,2.0252338280782265,0,0,0.45492008342137863,3
2489,2,0.9902500388142728,-0.3176240022311628,0.7556474255800772,-0.9230186649844248,4,0.7577085210419187,0,0,-0.7164691718938927,0
2490,12,-2.008165857670674,1.9735319804944969,0.6087913361150423,-0.12541854887055803,0,-0.6682574493739278,0,0,1.0217213359932842,2
2491,1,-0.24814679434461676,0.6210857315226723,0.9473762090483172,-1.0939329755802534,3,0.5992678576623801,0,1,1.0595080861647446,3
2492,13,-0.12047701773033298,0.5410593262580249,1.049359604510147,-0.5242186069274913,1,-0.6682574493739278,0,1,1.097294836336205,3
2493,1,-0.24814679434461676,0.6210857315226723,1.326754440166324,-0.8090757912538723,1,-0.6682574493739278,0,0,-0.07409441897906646,3
2494,10,-0.17336878232770134,-0.10715455638531189,0.2906031422741334,0.1594386354558229,0,-0.6682574493739278,0,1,-1.5099909254945603,2
2495,5,-0.47612853829875046,-1.599647014570184,-1.4920666103986513,1.8116103045488325,2,-0.6682574493739278,0,0,-1.3966306749801791,1
2496,9,1.3623162449474802,-0.524092127813878,0.029525649891849155,0.4442958197822039,2,-0.6682574493739278,0,0,0.7572140847930615,2
2497,5,-0.47612853829875046,-1.599647014570184,-1.7123507445962036,2.0394960520099374,1,-0.6682574493739278,0,1,1.3618020875364274,1
2498,15,1.2547088618011146,0.6610989341549391,-0.24378984994585465,-0.011475675140005663,3,1.866793164698688,0,0,-0.5275354210365908,2
2499,3,-1.4828959196003133,-1.3459633098813757,-1.0514983420035466,1.4128102464918992,2,-0.6682574493739278,0,0,-0.9054029227511945,1
2500,9,1.3623162449474802,-0.524092127813878,0.31507915718497254,-0.69513291752332,0,-0.6682574493739278,1,0,-0.2252414196649079,0
2501,14,0.9264151505071309,0.868367323790327,0.8494721494049606,-1.036961538714977,3,2.500555818216842,0,0,-1.2832704244657982,3
2502,3,-1.4828959196003133,-1.3459633098813757,-0.7577861630734768,0.4442958197822039,4,1.7083525013191496,0,0,-0.036307668807606094,2
2503,14,0.9264151505071309,0.868367323790327,1.2451677237968601,-0.69513291752332,2,-0.6682574493739278,0,0,-0.41417517052220976,3
2504,15,1.2547088618011146,0.6610989341549391,-0.20707582757959594,0.6152101303780324,0,-0.6682574493739278,0,0,-0.8298294224082737,1
2505,6,0.23335064888652038,1.3893392220629235,0.8127581270387019,-1.1509044124455294,1,-0.6682574493739278,1,0,-0.11188116915052682,3
2506,6,0.23335064888652038,1.3893392220629235,0.559839306293364,-0.06844711200528185,2,-0.6682574493739278,0,0,0.9839345858218238,2
2507,0,0.6473654959072578,0.16733601367230244,-0.09693376048081978,0.5582386935127562,2,-0.6682574493739278,0,0,-0.4519619206936701,1
2508,1,-0.24814679434461676,0.6210857315226723,-1.0514983420035466,0.5582386935127562,1,-0.6682574493739278,1,0,-0.036307668807606094,1
2509,13,-0.12047701773033298,0.5410593262580249,0.7393300823061845,-1.4927330336371867,4,1.7083525013191496,1,0,-1.2454836742943378,3
2510,4,0.30995251485512954,0.3914099484132469,-1.443114580576973,1.1279530621655183,3,2.3421151548373036,0,0,-0.9431896729226549,1
2511,2,0.9902500388142728,-0.3176240022311628,1.3879444774434218,-1.4927330336371867,4,1.866793164698688,0,0,0.6060670841072201,3
2512,15,1.2547088618011146,0.6610989341549391,-1.573653326768115,1.9255531782793849,1,-0.6682574493739278,0,1,0.15262608204969574,1
2513,12,-2.008165857670674,1.9735319804944969,-0.01534704411135595,-1.0939329755802534,4,0.7577085210419187,1,0,0.07705258170677501,3
2514,2,0.9902500388142728,-0.3176240022311628,-0.5130260139650853,0.9000673147044134,0,-0.6682574493739278,0,0,-0.2252414196649079,1
2515,13,-0.12047701773033298,0.5410593262580249,0.988169567233049,-1.321818723041358,0,-0.6682574493739278,1,0,-1.2454836742943378,3
2516,13,-0.12047701773033298,0.5410593262580249,1.0983116343318253,-0.5811900437927676,0,-0.6682574493739278,0,0,0.34155983290699754,3
2517,2,0.9902500388142728,-0.3176240022311628,-0.6150094094269151,1.0140101884349657,2,-0.6682574493739278,0,1,0.6438538342786805,1
2518,7,-0.383111986765481,-1.2515321516691895,-0.35393191704463084,0.10246719859054672,3,2.3421151548373036,0,1,1.1728683366791255,2
2519,3,-1.4828959196003133,-1.3459633098813757,-1.2350684538348402,1.5837245570877276,0,-0.6682574493739278,0,0,0.908361085478903,1
2520,9,1.3623162449474802,-0.524092127813878,1.2941197536185385,-0.7521043543885961,0,-0.6682574493739278,0,1,0.3037730827355372,3
2521,12,-2.008165857670674,1.9735319804944969,-1.5858913342235346,1.9255531782793849,0,-0.6682574493739278,0,0,-0.1496679193219872,1
2522,5,-0.47612853829875046,-1.599647014570184,-1.4267972373030802,1.070981625300242,4,-0.19293545923531236,0,1,1.5507358383937293,1
2523,3,-1.4828959196003133,-1.3459633098813757,1.130946320879611,-0.5811900437927676,2,-0.6682574493739278,0,0,-0.18745466949344755,3
2524,12,-2.008165857670674,1.9735319804944969,1.6612599772811256,-1.0939329755802534,1,-0.6682574493739278,0,0,0.45492008342137863,3
2525,3,-1.4828959196003133,-1.3459633098813757,-1.512463289491017,1.8685817414141086,2,-0.6682574493739278,0,1,-1.4722041753230999,1
2526,1,-0.24814679434461676,0.6210857315226723,0.20493709008619637,-0.410275733196939,3,1.0745898478009956,0,0,-1.2076969241228774,0
2527,8,0.6510132038105156,-0.21519020349247783,1.6775773205550184,-1.0939329755802534,0,-0.6682574493739278,0,0,-0.07409441897906646,3
2528,5,-0.47612853829875046,-1.599647014570184,1.7183706787397504,-1.4927330336371867,0,-0.6682574493739278,1,0,0.7194273346216012,3
2529,8,0.6510132038105156,-0.21519020349247783,1.4491345147205197,-1.4927330336371867,3,0.9161491844214572,0,0,-1.2454836742943378,3
2530,14,0.9264151505071309,0.868367323790327,-1.3125758343858307,0.10246719859054672,3,1.866793164698688,1,0,1.097294836336205,2
2531,9,1.3623162449474802,-0.524092127813878,-0.8434522152614138,1.2418959358960706,0,-0.6682574493739278,0,0,-0.8676161725797341,1
2532,8,0.6510132038105156,-0.21519020349247783,0.6047120002965691,-0.8090757912538723,4,2.0252338280782265,0,0,0.1904128322211561,0
2533,0,0.6473654959072578,0.16733601367230244,-0.30497988722295255,0.04549576172527053,3,2.500555818216842,0,0,1.6640960889081102,2
2534,11,-1.7838318216197984,-1.4067833778824486,1.7428466936505895,-1.4927330336371867,4,0.7577085210419187,0,0,-1.6989246763518622,3
2535,3,-1.4828959196003133,-1.3459633098813757,-1.5899706700420078,1.2418959358960706,4,2.183674491457765,0,0,-1.4722041753230999,1
2536,13,-0.12047701773033298,0.5410593262580249,-0.40288394686630913,-0.011475675140005663,1,-0.6682574493739278,1,1,-0.9054029227511945,2
2537,5,-0.47612853829875046,-1.599647014570184,0.96369355232221,-1.321818723041358,1,-0.6682574493739278,1,1,-0.3763884203507494,3
2538,2,0.9902500388142728,-0.3176240022311628,0.033604985710322346,0.38732438291692767,2,-0.6682574493739278,0,0,0.3037730827355372,2
2539,13,-0.12047701773033298,0.5410593262580249,-0.4559153125064606,-0.011475675140005663,2,-0.6682574493739278,1,0,-0.6786824217224323,2
2540,14,0.9264151505071309,0.868367323790327,0.8535514852234338,-1.036961538714977,3,0.2823865309033032,0,0,0.26598633256407683,3
2541,14,0.9264151505071309,0.868367323790327,-0.786341513802789,1.1849244990307943,0,-0.6682574493739278,0,0,-1.5099909254945603,1
2542,15,1.2547088618011146,0.6610989341549391,0.12742970953520574,0.3303529460516515,1,-0.6682574493739278,0,1,-0.30081492000782867,2
2543,6,0.23335064888652038,1.3893392220629235,0.6781400450290865,-0.8660472281191486,3,0.9161491844214572,0,0,-0.4519619206936701,0
2544,1,-0.24814679434461676,0.6210857315226723,-1.6022086774974273,1.9255531782793849,0,-0.6682574493739278,0,1,1.324015337364967,1
2545,9,1.3623162449474802,-0.524092127813878,-0.24378984994585465,0.6721815672433087,2,-0.6682574493739278,0,0,0.039265831535314634,1
2546,1,-0.24814679434461676,0.6210857315226723,-0.2805038723121134,-0.12541854887055803,1,-0.6682574493739278,1,1,-0.2252414196649079,2
2547,0,0.6473654959072578,0.16733601367230244,0.1029536946243666,-0.3533042963316628,3,1.866793164698688,0,1,1.5885225885651897,2
2548,12,-2.008165857670674,1.9735319804944969,-0.2315518424904351,0.6721815672433087,2,-0.6682574493739278,0,0,0.492706833592839,1
2549,11,-1.7838318216197984,-1.4067833778824486,-1.5573359834942222,1.8685817414141086,1,-0.6682574493739278,0,1,-0.036307668807606094,1
2550,0,0.6473654959072578,0.16733601367230244,-1.2187511105609474,0.9000673147044134,3,-0.5098167859943894,0,0,0.6816405844501409,1
2551,9,1.3623162449474802,-0.524092127813878,-1.0596570136404928,0.7291530041085849,4,2.500555818216842,0,0,0.8327875851359823,1
2552,4,0.30995251485512954,0.3914099484132469,0.6862987166660329,-0.8660472281191486,4,2.183674491457765,0,0,0.492706833592839,0
2553,11,-1.7838318216197984,-1.4067833778824486,0.0988743588058934,-0.5242186069274913,2,-0.6682574493739278,1,0,-0.8676161725797341,0
2554,5,-0.47612853829875046,-1.599647014570184,-0.03166438738524872,-1.036961538714977,4,1.2330305111805342,1,0,-0.6786824217224323,3
2555,7,-0.383111986765481,-1.2515321516691895,0.6536640301182475,-1.4927330336371867,4,0.5992678576623801,1,0,-1.169910173951417,3
2556,13,-0.12047701773033298,0.5410593262580249,-0.33761457377073806,0.10246719859054672,4,-0.35137612261485085,0,0,1.62630933873665,2
2557,0,0.6473654959072578,0.16733601367230244,-0.806738192895155,1.1849244990307943,0,-0.6682574493739278,0,0,1.6640960889081102,1
2558,13,-0.12047701773033298,0.5410593262580249,-0.30905922304142575,0.7291530041085849,1,-0.6682574493739278,0,0,-0.18745466949344755,1
2559,12,-2.008165857670674,1.9735319804944969,-0.9862289689079755,0.6721815672433087,4,-0.19293545923531236,0,1,-1.169910173951417,1
2560,9,1.3623162449474802,-0.524092127813878,0.9147415225005316,-0.410275733196939,0,-0.6682574493739278,0,0,-0.4519619206936701,0
2561,8,0.6510132038105156,-0.21519020349247783,-0.4967086706911925,0.04549576172527053,1,-0.6682574493739278,1,0,1.2484418370220463,2
2562,1,-0.24814679434461676,0.6210857315226723,-0.04390239484066829,-1.036961538714977,3,2.500555818216842,1,0,0.3037730827355372,3
2563,4,0.30995251485512954,0.3914099484132469,1.1839776865197622,-1.321818723041358,4,0.7577085210419187,0,1,1.512949088222269,3
2564,12,-2.008165857670674,1.9735319804944969,-1.4798286029432317,1.1279530621655183,4,1.2330305111805342,0,1,-1.2076969241228774,1
2565,2,0.9902500388142728,-0.3176240022311628,-1.0759743569143856,0.6152101303780324,1,-0.6682574493739278,1,0,1.0217213359932842,1
2566,8,0.6510132038105156,-0.21519020349247783,0.2865238064556602,-0.5242186069274913,3,0.9161491844214572,0,0,1.2106550868505859,0
2567,6,0.23335064888652038,1.3893392220629235,0.4823319257423734,-0.69513291752332,4,-0.5098167859943894,0,0,1.324015337364967,0
2568,7,-0.383111986765481,-1.2515321516691895,0.8861861717712193,-1.036961538714977,4,2.500555818216842,0,1,-0.338601670179289,3
2569,1,-0.24814679434461676,0.6210857315226723,0.5516806346564176,-1.4927330336371867,4,2.3421151548373036,1,1,-0.11188116915052682,3
2570,1,-0.24814679434461676,0.6210857315226723,0.9147415225005316,-0.410275733196939,2,-0.6682574493739278,0,0,-1.3966306749801791,0
2571,5,-0.47612853829875046,-1.599647014570184,-0.6843581183409593,0.2164100723210991,0,-0.6682574493739278,1,0,0.07705258170677501,2
2572,5,-0.47612853829875046,-1.599647014570184,-1.6633987147745253,1.982524615144661,0,-0.6682574493739278,0,0,-1.056549923437036,1
2573,12,-2.008165857670674,1.9735319804944969,-1.4716699313062853,1.8116103045488325,1,-0.6682574493739278,0,1,0.15262608204969574,1
2574,2,0.9902500388142728,-0.3176240022311628,-0.9739909614525559,1.355838809626623,1,-0.6682574493739278,0,0,0.4171333332499183,1
2575,2,0.9902500388142728,-0.3176240022311628,0.12742970953520574,0.3303529460516515,2,-0.6682574493739278,0,1,-0.30081492000782867,2
2576,6,0.23335064888652038,1.3893392220629235,-0.4192012901402019,0.1594386354558229,3,-0.03449479585577385,0,0,-0.8676161725797341,2
2577,1,-0.24814679434461676,0.6210857315226723,0.27836513481871383,0.1594386354558229,0,-0.6682574493739278,0,0,-1.6233511760089414,2
2578,9,1.3623162449474802,-0.524092127813878,1.6653393130995988,-1.4927330336371867,4,1.3914711745600725,1,0,-0.30081492000782867,3
2579,8,0.6510132038105156,-0.21519020349247783,0.4660145824684806,-0.011475675140005663,0,-0.6682574493739278,0,0,0.6438538342786805,2
2580,2,0.9902500388142728,-0.3176240022311628,-0.76186549889195,1.1279530621655183,0,-0.6682574493739278,0,0,0.9461478356503634,1
2581,9,1.3623162449474802,-0.524092127813878,0.5068079406532126,-0.69513291752332,4,-0.5098167859943894,0,0,-1.358843924808719,0
2582,5,-0.47612853829875046,-1.599647014570184,-0.03166438738524872,-0.18238998573583423,4,0.9161491844214572,0,0,1.1728683366791255,2
2583,2,0.9902500388142728,-0.3176240022311628,0.9269795299559512,-0.410275733196939,1,-0.6682574493739278,0,0,-1.0187631732655755,0
2584,11,-1.7838318216197984,-1.4067833778824486,0.22941310499703552,-0.6381614806580438,1,-0.6682574493739278,1,0,-0.30081492000782867,0
2585,1,-0.24814679434461676,0.6210857315226723,-1.1738784165577423,0.8430958778391372,3,-0.35137612261485085,0,0,1.0217213359932842,1
2586,12,-2.008165857670674,1.9735319804944969,-1.2065131031055278,0.9000673147044134,3,0.2823865309033032,0,0,1.6640960889081102,1
2587,7,-0.383111986765481,-1.2515321516691895,-0.2845832081305866,0.04549576172527053,3,-0.5098167859943894,0,0,-1.4344174251516395,2
2588,11,-1.7838318216197984,-1.4067833778824486,1.0248835895993078,-1.2078758493108057,4,-0.03449479585577385,0,0,-1.6989246763518622,3
2589,2,0.9902500388142728,-0.3176240022311628,-0.7781828421658428,0.3303529460516515,2,-0.6682574493739278,1,0,-0.7920426722368133,2
2590,1,-0.24814679434461676,0.6210857315226723,-0.43143929759562144,-0.011475675140005663,2,-0.6682574493739278,1,0,0.9461478356503634,2
2591,10,-0.17336878232770134,-0.10715455638531189,-0.10101309629929296,0.5582386935127562,0,-0.6682574493739278,0,0,-0.2252414196649079,1
2592,13,-0.12047701773033298,0.5410593262580249,1.1921363581567086,-0.6381614806580438,1,-0.6682574493739278,0,0,-0.3763884203507494,3
2593,8,0.6510132038105156,-0.21519020349247783,-0.28866254394905977,0.7291530041085849,2,-0.6682574493739278,0,0,1.5885225885651897,1
2594,4,0.30995251485512954,0.3914099484132469,1.3430717834402168,-0.8090757912538723,2,-0.6682574493739278,0,0,1.2106550868505859,3
2595,6,0.23335064888652038,1.3893392220629235,-1.1534817374653763,0.8430958778391372,3,-0.19293545923531236,0,0,1.5507358383937293,1
2596,13,-0.12047701773033298,0.5410593262580249,1.0167249179623614,-0.5242186069274913,1,-0.6682574493739278,0,0,-0.3763884203507494,3
2597,6,0.23335064888652038,1.3893392220629235,-0.13772711866555168,0.5582386935127562,1,-0.6682574493739278,0,0,-0.8298294224082737,1
2598,12,-2.008165857670674,1.9735319804944969,1.498086544542198,-0.9230186649844248,2,-0.6682574493739278,0,0,-1.0943366736084963,3
2599,5,-0.47612853829875046,-1.599647014570184,1.0044869105069418,-1.1509044124455294,3,2.0252338280782265,0,1,-1.2454836742943378,3
2600,12,-2.008165857670674,1.9735319804944969,0.2498097840894015,0.2164100723210991,1,-0.6682574493739278,0,0,0.7194273346216012,2
2601,1,-0.24814679434461676,0.6210857315226723,-1.2758618120195722,1.640695993953004,1,-0.6682574493739278,0,0,-1.6611379261804018,1
2602,1,-0.24814679434461676,0.6210857315226723,0.2906031422741334,0.1594386354558229,2,-0.6682574493739278,0,0,1.3995888377078878,2
2603,15,1.2547088618011146,0.6610989341549391,0.12335037371673256,-0.3533042963316628,4,1.3914711745600725,0,0,1.3995888377078878,2
2604,1,-0.24814679434461676,0.6210857315226723,-0.6150094094269151,1.0140101884349657,2,-0.6682574493739278,0,0,1.512949088222269,1
2605,11,-1.7838318216197984,-1.4067833778824486,0.5557599704748908,-0.7521043543885961,4,0.5992678576623801,0,0,0.8327875851359823,0
2606,3,-1.4828959196003133,-1.3459633098813757,1.0412009328732006,-1.3787901599066343,0,-0.6682574493739278,1,0,1.324015337364967,3
2607,12,-2.008165857670674,1.9735319804944969,-0.7577861630734768,1.1279530621655183,0,-0.6682574493739278,0,0,-0.9054029227511945,1
2608,5,-0.47612853829875046,-1.599647014570184,-1.0147843196372879,0.5582386935127562,0,-0.6682574493739278,1,0,-0.30081492000782867,1
2609,10,-0.17336878232770134,-0.10715455638531189,1.1227876492426645,-0.5811900437927676,2,-0.6682574493739278,0,0,-1.1321234237799567,3
2610,5,-0.47612853829875046,-1.599647014570184,-1.3533691925705627,0.8430958778391372,1,-0.6682574493739278,1,0,-0.6031089213795116,1
2611,14,0.9264151505071309,0.868367323790327,-1.4553525880323925,1.8116103045488325,0,-0.6682574493739278,0,0,-1.2832704244657982,1
2612,13,-0.12047701773033298,0.5410593262580249,-0.892404245083092,-0.23936142260111043,3,1.2330305111805342,1,0,1.1728683366791255,2
2613,8,0.6510132038105156,-0.21519020349247783,-1.4961459462171245,1.8116103045488325,1,-0.6682574493739278,0,0,-1.2454836742943378,1
2614,1,-0.24814679434461676,0.6210857315226723,1.4368965072651,-0.8660472281191486,1,-0.6682574493739278,0,0,-0.30081492000782867,3
2615,11,-1.7838318216197984,-1.4067833778824486,-0.06021973811456105,0.5012672566474801,2,-0.6682574493739278,0,0,0.45492008342137863,1
2616,9,1.3623162449474802,-0.524092127813878,1.0248835895993078,-0.5242186069274913,0,-0.6682574493739278,0,1,-0.036307668807606094,3
2617,5,-0.47612853829875046,-1.599647014570184,-0.32537656631531847,-0.12541854887055803,2,-0.6682574493739278,1,0,0.4171333332499183,2
2618,4,0.30995251485512954,0.3914099484132469,0.27020646318176744,-0.6381614806580438,0,-0.6682574493739278,1,0,0.9461478356503634,0
2619,4,0.30995251485512954,0.3914099484132469,-0.8434522152614138,-0.2963328594663866,4,-0.5098167859943894,1,0,1.3995888377078878,2
2620,2,0.9902500388142728,-0.3176240022311628,-0.2274725066719619,0.6721815672433087,1,-0.6682574493739278,0,0,0.11483933187823536,1
2621,1,-0.24814679434461676,0.6210857315226723,0.44969723919458787,0.04549576172527053,1,-0.6682574493739278,0,0,-1.5477776756660206,2
2622,8,0.6510132038105156,-0.21519020349247783,1.0738356194209862,-1.4357615967719104,2,-0.6682574493739278,1,0,-0.6031089213795116,3
2623,5,-0.47612853829875046,-1.599647014570184,1.649021969825706,-1.4927330336371867,3,0.12394586752376466,0,0,-1.056549923437036,3
2624,8,0.6510132038105156,-0.21519020349247783,-0.19483782012417636,0.6152101303780324,1,-0.6682574493739278,0,0,-1.5477776756660206,1
2625,12,-2.008165857670674,1.9735319804944969,-0.9046422525385116,0.4442958197822039,1,-0.6682574493739278,1,0,-1.6989246763518622,2
2626,2,0.9902500388142728,-0.3176240022311628,0.4619352466500074,-0.011475675140005663,2,-0.6682574493739278,0,0,1.2862285871935066,2
2627,14,0.9264151505071309,0.868367323790327,1.0575182761470934,-1.2078758493108057,4,0.9161491844214572,0,1,-0.338601670179289,3
2628,0,0.6473654959072578,0.16733601367230244,0.5149666122901589,-0.69513291752332,3,0.4408271942828417,0,1,-1.3210571746372586,0
2629,5,-0.47612853829875046,-1.599647014570184,-0.2764245364936402,0.04549576172527053,3,0.5992678576623801,0,1,-1.1321234237799567,2
2630,7,-0.383111986765481,-1.2515321516691895,1.4287378356281537,-1.4927330336371867,4,2.3421151548373036,0,0,-1.3966306749801791,3
2631,11,-1.7838318216197984,-1.4067833778824486,-1.3329725134781967,1.0140101884349657,4,1.0745898478009956,0,0,-1.0187631732655755,1
2632,14,0.9264151505071309,0.868367323790327,-1.063736349458966,0.7291530041085849,3,-0.19293545923531236,0,1,0.039265831535314634,1
2633,9,1.3623162449474802,-0.524092127813878,-0.2805038723121134,-0.12541854887055803,0,-0.6682574493739278,1,1,0.7194273346216012,2
2634,15,1.2547088618011146,0.6610989341549391,1.392023813261895,-1.4927330336371867,3,1.2330305111805342,0,0,-0.5275354210365908,3
2635,1,-0.24814679434461676,0.6210857315226723,-0.6843581183409593,-0.4672471700622152,3,1.0745898478009956,1,0,1.135081586507665,0
2636,6,0.23335064888652038,1.3893392220629235,-1.4798286029432317,0.27338150918637527,4,1.3914711745600725,1,0,0.3037730827355372,2
2637,4,0.30995251485512954,0.3914099484132469,0.3313965004588653,-0.5242186069274913,4,1.549911837939611,0,0,1.4751623380508085,0
2638,13,-0.12047701773033298,0.5410593262580249,-0.4681533199618802,0.04549576172527053,0,-0.6682574493739278,1,0,-0.6786824217224323,2
2639,11,-1.7838318216197984,-1.4067833778824486,0.8209167986756483,-1.1509044124455294,2,-0.6682574493739278,1,0,-1.169910173951417,3
2640,12,-2.008165857670674,1.9735319804944969,1.1064703059687717,-1.4357615967719104,1,-0.6682574493739278,1,1,0.5304935837642993,3
2641,8,0.6510132038105156,-0.21519020349247783,0.1478263886275717,-0.3533042963316628,3,-0.19293545923531236,0,0,0.26598633256407683,2
2642,5,-0.47612853829875046,-1.599647014570184,-0.8393728794429406,1.2418959358960706,1,-0.6682574493739278,0,0,-1.5477776756660206,1
2643,10,-0.17336878232770134,-0.10715455638531189,-0.16220313357639082,-0.06844711200528185,4,-0.03449479585577385,0,0,-0.11188116915052682,2
2644,15,1.2547088618011146,0.6610989341549391,0.474173254105427,-0.011475675140005663,2,-0.6682574493739278,0,0,-0.5275354210365908,2
2645,14,0.9264151505071309,0.868367323790327,1.5919112683670815,-1.4927330336371867,3,1.2330305111805342,1,0,0.7572140847930615,3
2646,12,-2.008165857670674,1.9735319804944969,-1.0963710360067516,1.4697816833571753,1,-0.6682574493739278,0,0,1.135081586507665,1
2647,2,0.9902500388142728,-0.3176240022311628,-0.786341513802789,0.5012672566474801,3,0.5992678576623801,0,0,-1.056549923437036,1
2648,13,-0.12047701773033298,0.5410593262580249,-1.6103673491343737,1.9255531782793849,0,-0.6682574493739278,0,1,1.7018828390795706,1
2649,15,1.2547088618011146,0.6610989341549391,-1.443114580576973,0.27338150918637527,4,0.9161491844214572,1,0,-0.11188116915052682,2
2650,0,0.6473654959072578,0.16733601367230244,-0.5293433572389781,0.9570387515696896,1,-0.6682574493739278,0,0,0.22819958239261645,1
2651,11,-1.7838318216197984,-1.4067833778824486,0.474173254105427,-0.011475675140005663,0,-0.6682574493739278,0,0,0.6438538342786805,2
2652,3,-1.4828959196003133,-1.3459633098813757,-0.9005629167200384,-0.23936142260111043,4,2.183674491457765,1,0,0.492706833592839,2
2653,9,1.3623162449474802,-0.524092127813878,1.1472636641535037,-0.6381614806580438,2,-0.6682574493739278,0,0,1.4373755878793482,3
2654,3,-1.4828959196003133,-1.3459633098813757,-1.1208470509175907,0.786124440973861,3,0.7577085210419187,0,0,1.512949088222269,1
2655,2,0.9902500388142728,-0.3176240022311628,1.6123079474594473,-1.036961538714977,0,-0.6682574493739278,0,0,-0.7920426722368133,3
2656,3,-1.4828959196003133,-1.3459633098813757,0.009128970799483199,0.4442958197822039,2,-0.6682574493739278,0,1,-0.754255922065353,2
2657,15,1.2547088618011146,0.6610989341549391,-0.6068507377899687,0.3303529460516515,4,-0.03449479585577385,0,1,0.15262608204969574,2
2658,3,-1.4828959196003133,-1.3459633098813757,-0.6068507377899687,1.0140101884349657,0,-0.6682574493739278,0,1,-1.2832704244657982,1
2659,6,0.23335064888652038,1.3893392220629235,0.0009702991625368165,-1.0939329755802534,3,1.866793164698688,1,0,-0.1496679193219872,3
2660,0,0.6473654959072578,0.16733601367230244,-1.5206219611279634,1.1849244990307943,3,1.2330305111805342,0,0,0.3037730827355372,1
2661,13,-0.12047701773033298,0.5410593262580249,-0.15404446193944446,0.6152101303780324,2,-0.6682574493739278,0,1,1.2484418370220463,1
2662,6,0.23335064888652038,1.3893392220629235,1.1391049925165573,-0.6381614806580438,0,-0.6682574493739278,0,0,0.1904128322211561,3
2663,3,-1.4828959196003133,-1.3459633098813757,-1.018863655455761,1.4128102464918992,2,-0.6682574493739278,0,0,-0.9054029227511945,1
2664,9,1.3623162449474802,-0.524092127813878,1.0248835895993078,-1.4927330336371867,4,1.3914711745600725,1,0,-0.9431896729226549,3
2665,15,1.2547088618011146,0.6610989341549391,0.18861974681230362,0.27338150918637527,2,-0.6682574493739278,0,1,-0.9431896729226549,2
2666,9,1.3623162449474802,-0.524092127813878,-1.6022086774974273,1.070981625300242,2,-0.6682574493739278,1,0,-1.3966306749801791,1
2667,5,-0.47612853829875046,-1.599647014570184,0.8902655075896925,-1.0939329755802534,3,1.2330305111805342,0,0,1.097294836336205,3
2668,6,0.23335064888652038,1.3893392220629235,-0.10509243211776616,-0.12541854887055803,3,2.0252338280782265,0,0,0.908361085478903,2
2669,15,1.2547088618011146,0.6610989341549391,1.579673260911662,-1.4927330336371867,2,-0.6682574493739278,1,1,-1.6611379261804018,3
2670,4,0.30995251485512954,0.3914099484132469,1.281881746163119,-1.4357615967719104,3,0.7577085210419187,0,0,0.15262608204969574,3
2671,15,1.2547088618011146,0.6610989341549391,1.7020533354658576,-1.4927330336371867,4,2.3421151548373036,0,0,0.5682803339357597,3
2672,9,1.3623162449474802,-0.524092127813878,-1.6715573864114717,0.4442958197822039,4,2.3421151548373036,1,0,1.3618020875364274,2
2673,10,-0.17336878232770134,-0.10715455638531189,0.9269795299559512,-1.2648472861760818,2,-0.6682574493739278,1,0,1.1728683366791255,3
2674,7,-0.383111986765481,-1.2515321516691895,1.0615976119655666,-1.2078758493108057,3,-0.35137612261485085,0,1,-1.056549923437036,3
2675,8,0.6510132038105156,-0.21519020349247783,-0.42735996177714825,0.8430958778391372,0,-0.6682574493739278,0,1,-0.5275354210365908,1
2676,10,-0.17336878232770134,-0.10715455638531189,-1.4308765731215534,1.7546388676835563,1,-0.6682574493739278,0,1,-0.18745466949344755,1
2677,7,-0.383111986765481,-1.2515321516691895,0.13150904535367894,-0.5242186069274913,0,-0.6682574493739278,1,0,1.62630933873665,0
2678,14,0.9264151505071309,0.868367323790327,1.1472636641535037,-0.6381614806580438,2,-0.6682574493739278,0,0,-0.48974867086513046,3
2679,4,0.30995251485512954,0.3914099484132469,1.0819942910579325,-0.5811900437927676,2,-0.6682574493739278,0,0,-0.7920426722368133,3
2680,14,0.9264151505071309,0.868367323790327,1.3961031490803681,-1.4927330336371867,4,1.866793164698688,0,1,-0.41417517052220976,3
2681,10,-0.17336878232770134,-0.10715455638531189,-1.2840204836565183,0.9570387515696896,4,1.7083525013191496,0,0,1.1728683366791255,1
2682,3,-1.4828959196003133,-1.3459633098813757,1.6938946638289112,-1.4927330336371867,4,-0.35137612261485085,0,0,1.3618020875364274,3
2683,8,0.6510132038105156,-0.21519020349247783,-0.6476440959747006,1.070981625300242,1,-0.6682574493739278,0,1,0.26598633256407683,1
2684,9,1.3623162449474802,-0.524092127813878,-0.18667914848723,-0.23936142260111043,2,-0.6682574493739278,1,0,-1.169910173951417,2
2685,2,0.9902500388142728,-0.3176240022311628,1.669418648918072,-1.0939329755802534,0,-0.6682574493739278,0,1,1.7018828390795706,3
2686,5,-0.47612853829875046,-1.599647014570184,0.28244447063718703,-0.5242186069274913,3,1.7083525013191496,0,1,1.2862285871935066,0
2687,9,1.3623162449474802,-0.524092127813878,1.4450551789020465,-1.4927330336371867,3,2.0252338280782265,0,0,-1.4344174251516395,3
2688,12,-2.008165857670674,1.9735319804944969,-1.6185260207713201,1.9255531782793849,0,-0.6682574493739278,0,1,-1.5477776756660206,1
2689,0,0.6473654959072578,0.16733601367230244,0.6087913361150423,-0.12541854887055803,0,-0.6682574493739278,0,0,1.1728683366791255,2
2690,7,-0.383111986765481,-1.2515321516691895,-0.06429907393303425,0.5012672566474801,0,-0.6682574493739278,0,1,-1.5477776756660206,1
2691,10,-0.17336878232770134,-0.10715455638531189,0.08255701553200064,0.38732438291692767,2,-0.6682574493739278,0,0,-1.5477776756660206,2
2692,12,-2.008165857670674,1.9735319804944969,1.0942322985133521,-0.5811900437927676,0,-0.6682574493739278,0,0,1.5507358383937293,3
2693,10,-0.17336878232770134,-0.10715455638531189,1.114628977605718,-1.2648472861760818,4,1.866793164698688,0,0,0.908361085478903,3
2694,2,0.9902500388142728,-0.3176240022311628,-0.635406088519281,0.3303529460516515,4,0.7577085210419187,0,0,0.8327875851359823,2
2695,7,-0.383111986765481,-1.2515321516691895,-0.6925167899779057,0.38732438291692767,3,2.3421151548373036,0,1,0.15262608204969574,2
2696,1,-0.24814679434461676,0.6210857315226723,-1.5206219611279634,1.8685817414141086,1,-0.6682574493739278,0,0,0.6438538342786805,1
2697,5,-0.47612853829875046,-1.599647014570184,-0.5334226930574513,0.27338150918637527,3,0.7577085210419187,0,0,0.6816405844501409,2
2698,7,-0.383111986765481,-1.2515321516691895,0.8698688284973266,-1.036961538714977,4,2.500555818216842,0,0,0.7572140847930615,3
2699,13,-0.12047701773033298,0.5410593262580249,1.3389924476217436,-1.4927330336371867,3,1.7083525013191496,0,1,-0.2630281698363683,3
2700,14,0.9264151505071309,0.868367323790327,-0.912800924175458,0.4442958197822039,1,-0.6682574493739278,1,1,0.1904128322211561,2
2701,0,0.6473654959072578,0.16733601367230244,-0.30497988722295255,0.7291530041085849,1,-0.6682574493739278,0,0,-1.358843924808719,1
2702,15,1.2547088618011146,0.6610989341549391,-1.3778452074814018,1.070981625300242,4,-0.19293545923531236,0,0,0.908361085478903,1
2703,15,1.2547088618011146,0.6610989341549391,1.0004075746884686,-0.4672471700622152,1,-0.6682574493739278,0,0,0.07705258170677501,3
2704,13,-0.12047701773033298,0.5410593262580249,1.5959906041855545,-1.4927330336371867,4,-0.5098167859943894,0,0,-0.9054029227511945,3
2705,7,-0.383111986765481,-1.2515321516691895,-0.37024926031852357,0.10246719859054672,4,-0.19293545923531236,0,0,-0.9809764230941153,2
2706,9,1.3623162449474802,-0.524092127813878,0.6087913361150423,-0.9799901018497009,2,-0.6682574493739278,1,0,0.5682803339357597,3
2707,7,-0.383111986765481,-1.2515321516691895,1.3226751043478508,-1.4927330336371867,0,-0.6682574493739278,1,0,-1.3966306749801791,3
2708,14,0.9264151505071309,0.868367323790327,-1.1004503718252248,-0.06844711200528185,3,1.7083525013191496,1,0,-1.5099909254945603,2
2709,9,1.3623162449474802,-0.524092127813878,-0.7700241705288964,0.5012672566474801,3,0.5992678576623801,0,0,1.5885225885651897,1
2710,10,-0.17336878232770134,-0.10715455638531189,-1.0147843196372879,0.7291530041085849,3,0.9161491844214572,0,0,-0.338601670179289,1
2711,11,-1.7838318216197984,-1.4067833778824486,0.7842027763093895,-0.9799901018497009,3,2.183674491457765,0,1,-0.1496679193219872,3
2712,0,0.6473654959072578,0.16733601367230244,0.9963282388699954,-0.4672471700622152,0,-0.6682574493739278,0,0,0.7194273346216012,3
2713,3,-1.4828959196003133,-1.3459633098813757,-0.6721201108855397,0.2164100723210991,2,-0.6682574493739278,1,1,1.2484418370220463,2
2714,12,-2.008165857670674,1.9735319804944969,1.6449426340072328,-1.0939329755802534,2,-0.6682574493739278,0,0,-0.2252414196649079,3
2715,12,-2.008165857670674,1.9735319804944969,-0.7129134690702716,0.4442958197822039,4,-0.35137612261485085,0,0,1.3995888377078878,2
2716,10,-0.17336878232770134,-0.10715455638531189,-0.9780702972710291,0.6721815672433087,3,-0.19293545923531236,0,0,-0.6408956715509719,1
2717,3,-1.4828959196003133,-1.3459633098813757,-0.13772711866555168,0.5582386935127562,0,-0.6682574493739278,0,0,-1.3210571746372586,1
2718,10,-0.17336878232770134,-0.10715455638531189,-1.4267972373030802,0.2164100723210991,3,0.9161491844214572,1,0,-0.6786824217224323,2
2719,5,-0.47612853829875046,-1.599647014570184,-0.10101309629929296,-0.2963328594663866,2,-0.6682574493739278,1,1,1.5507358383937293,2
2720,8,0.6510132038105156,-0.21519020349247783,1.3185957685293777,-1.4927330336371867,4,2.3421151548373036,0,0,-0.2252414196649079,3
2721,15,1.2547088618011146,0.6610989341549391,0.029525649891849155,0.4442958197822039,1,-0.6682574493739278,0,1,0.11483933187823536,2
2722,14,0.9264151505071309,0.868367323790327,0.7474887539431309,-0.23936142260111043,2,-0.6682574493739278,0,0,0.8705743353074427,2
2723,3,-1.4828959196003133,-1.3459633098813757,-0.8556902227168334,1.2418959358960706,2,-0.6682574493739278,0,0,0.7950008349645219,1
2724,5,-0.47612853829875046,-1.599647014570184,1.3593891267141096,-0.8090757912538723,2,-0.6682574493739278,0,0,-1.4344174251516395,3
2725,10,-0.17336878232770134,-0.10715455638531189,0.8617101568603802,-1.036961538714977,4,1.2330305111805342,0,1,-0.6408956715509719,3
2726,8,0.6510132038105156,-0.21519020349247783,0.2334924408155087,-0.6381614806580438,2,-0.6682574493739278,1,0,-1.6611379261804018,0
2727,5,-0.47612853829875046,-1.599647014570184,0.0540016648026883,0.38732438291692767,1,-0.6682574493739278,0,0,-1.2832704244657982,2
2728,13,-0.12047701773033298,0.5410593262580249,0.4333798959206951,0.04549576172527053,2,-0.6682574493739278,0,0,-1.4722041753230999,2
2729,11,-1.7838318216197984,-1.4067833778824486,-1.0922917001882784,1.4697816833571753,1,-0.6682574493739278,0,0,1.62630933873665,1
2730,15,1.2547088618011146,0.6610989341549391,-0.272345200675167,-0.18238998573583423,0,-0.6682574493739278,1,1,1.62630933873665,2
2731,10,-0.17336878232770134,-0.10715455638531189,-1.1208470509175907,0.6152101303780324,0,-0.6682574493739278,1,0,-0.41417517052220976,1
2732,5,-0.47612853829875046,-1.599647014570184,0.0050496349810100075,-0.410275733196939,0,-0.6682574493739278,1,0,0.492706833592839,0
2733,12,-2.008165857670674,1.9735319804944969,1.2247710447044942,-1.3787901599066343,4,1.2330305111805342,0,0,1.2862285871935066,3
2734,8,0.6510132038105156,-0.21519020349247783,-0.76186549889195,1.1279530621655183,1,-0.6682574493739278,0,0,-0.9809764230941153,1
2735,7,-0.383111986765481,-1.2515321516691895,-1.4390352447584998,0.9570387515696896,0,-0.6682574493739278,1,1,0.7572140847930615,1
2736,12,-2.008165857670674,1.9735319804944969,1.306357761073958,-1.4927330336371867,0,-0.6682574493739278,1,0,-0.18745466949344755,3
2737,8,0.6510132038105156,-0.21519020349247783,-0.2682658648566938,-0.011475675140005663,3,0.7577085210419187,0,0,-1.0943366736084963,2
2738,1,-0.24814679434461676,0.6210857315226723,0.5190459481086321,-0.69513291752332,3,0.9161491844214572,0,0,0.3793465830784579,0
2739,6,0.23335064888652038,1.3893392220629235,0.8086787912202287,-0.2963328594663866,1,-0.6682574493739278,0,1,-1.6233511760089414,2
2740,13,-0.12047701773033298,0.5410593262580249,-1.3044171627488843,1.640695993953004,2,-0.6682574493739278,0,1,-0.8298294224082737,1
2741,13,-0.12047701773033298,0.5410593262580249,1.608228611640974,-1.4927330336371867,4,0.12394586752376466,0,1,0.4171333332499183,3
2742,9,1.3623162449474802,-0.524092127813878,-1.3003378269304111,1.640695993953004,0,-0.6682574493739278,0,0,0.45492008342137863,1
2743,4,0.30995251485512954,0.3914099484132469,1.412420492354261,-1.4927330336371867,3,0.2823865309033032,0,0,1.2484418370220463,3
2744,8,0.6510132038105156,-0.21519020349247783,-0.6843581183409593,1.070981625300242,2,-0.6682574493739278,0,0,-0.11188116915052682,1
2745,8,0.6510132038105156,-0.21519020349247783,-1.483907938761705,0.27338150918637527,3,1.2330305111805342,1,1,0.7950008349645219,2
2746,7,-0.383111986765481,-1.2515321516691895,0.14374705280909852,-0.3533042963316628,3,1.2330305111805342,0,0,-0.036307668807606094,2
2747,9,1.3623162449474802,-0.524092127813878,0.6740607092106133,-1.4927330336371867,4,1.866793164698688,1,0,-0.6031089213795116,3
2748,10,-0.17336878232770134,-0.10715455638531189,-0.9454356107232436,1.2988673727613467,2,-0.6682574493739278,0,0,-1.3966306749801791,1
2749,5,-0.47612853829875046,-1.599647014570184,-1.4798286029432317,1.8116103045488325,0,-0.6682574493739278,0,0,1.5507358383937293,1
2750,10,-0.17336878232770134,-0.10715455638531189,1.6204666190963937,-1.4927330336371867,4,2.183674491457765,0,0,1.5885225885651897,3
2751,12,-2.008165857670674,1.9735319804944969,-1.4716699313062853,1.8116103045488325,1,-0.6682574493739278,0,1,1.4751623380508085,1
2752,1,-0.24814679434461676,0.6210857315226723,-1.532859968583383,1.8685817414141086,0,-0.6682574493739278,0,0,-0.6786824217224323,1
2753,11,-1.7838318216197984,-1.4067833778824486,-1.2595444687456794,0.786124440973861,2,-0.6682574493739278,1,0,1.097294836336205,1
2754,14,0.9264151505071309,0.868367323790327,-1.0596570136404928,0.7291530041085849,4,1.2330305111805342,0,1,1.2106550868505859,1
2755,5,-0.47612853829875046,-1.599647014570184,0.4456179033761147,0.04549576172527053,0,-0.6682574493739278,0,0,-1.4344174251516395,2
2756,11,-1.7838318216197984,-1.4067833778824486,-1.5981293416789542,1.9255531782793849,2,-0.6682574493739278,0,0,1.5885225885651897,1
2757,10,-0.17336878232770134,-0.10715455638531189,1.159501671608923,-1.4927330336371867,1,-0.6682574493739278,1,1,-0.8298294224082737,3
2758,6,0.23335064888652038,1.3893392220629235,-1.4145592298476606,1.7546388676835563,1,-0.6682574493739278,0,0,0.8705743353074427,1
2759,8,0.6510132038105156,-0.21519020349247783,-1.1738784165577423,1.5267531202224516,1,-0.6682574493739278,0,1,0.6816405844501409,1
2760,1,-0.24814679434461676,0.6210857315226723,-0.34577324540768445,0.10246719859054672,4,1.0745898478009956,0,0,-1.0187631732655755,2
2761,5,-0.47612853829875046,-1.599647014570184,-0.8148968645321014,0.3303529460516515,0,-0.6682574493739278,1,0,0.3793465830784579,2
2762,0,0.6473654959072578,0.16733601367230244,1.4409758430835733,-1.4927330336371867,3,1.3914711745600725,0,1,-1.4722041753230999,3
2763,1,-0.24814679434461676,0.6210857315226723,-0.272345200675167,-0.011475675140005663,3,0.9161491844214572,0,0,-1.6233511760089414,2
2764,11,-1.7838318216197984,-1.4067833778824486,0.7597267613985504,-1.0939329755802534,2,-0.6682574493739278,1,0,-0.41417517052220976,3
2765,0,0.6473654959072578,0.16733601367230244,1.0208042537808346,-0.5242186069274913,0,-0.6682574493739278,0,1,0.8327875851359823,3
2766,0,0.6473654959072578,0.16733601367230244,0.5149666122901589,-0.69513291752332,4,2.0252338280782265,0,1,-0.6031089213795116,0
2767,2,0.9902500388142728,-0.3176240022311628,1.3553097908956364,-1.4927330336371867,1,-0.6682574493739278,1,1,1.324015337364967,3
2768,0,0.6473654959072578,0.16733601367230244,1.4736105296313589,-0.9230186649844248,1,-0.6682574493739278,0,0,0.34155983290699754,3
2769,8,0.6510132038105156,-0.21519020349247783,0.3232378288219189,-0.69513291752332,0,-0.6682574493739278,1,0,-1.3966306749801791,0
2770,9,1.3623162449474802,-0.524092127813878,-1.5410186402203294,1.1849244990307943,3,0.4408271942828417,0,1,-0.2252414196649079,1
2771,4,0.30995251485512954,0.3914099484132469,0.5843153212042032,-0.12541854887055803,2,-0.6682574493739278,0,1,-0.2630281698363683,2
2772,10,-0.17336878232770134,-0.10715455638531189,-1.169799080739269,-0.011475675140005663,4,-0.19293545923531236,1,1,-1.169910173951417,2
2773,2,0.9902500388142728,-0.3176240022311628,1.6327046265518133,-1.0939329755802534,2,-0.6682574493739278,0,1,-0.9809764230941153,3
2774,11,-1.7838318216197984,-1.4067833778824486,-0.05206106647761467,0.5012672566474801,1,-0.6682574493739278,0,0,-0.9054029227511945,1
2775,8,0.6510132038105156,-0.21519020349247783,0.3477138437327581,0.10246719859054672,1,-0.6682574493739278,0,0,-0.7920426722368133,2
2776,7,-0.383111986765481,-1.2515321516691895,1.6367839623702864,-1.4927330336371867,4,-0.35137612261485085,0,0,-1.3966306749801791,3
2777,2,0.9902500388142728,-0.3176240022311628,0.4007452093729096,-1.4927330336371867,4,0.2823865309033032,1,0,1.5507358383937293,3
2778,12,-2.008165857670674,1.9735319804944969,1.62862529073334,-1.4927330336371867,0,-0.6682574493739278,1,0,-0.11188116915052682,3
2779,12,-2.008165857670674,1.9735319804944969,-0.8842455734461457,0.38732438291692767,0,-0.6682574493739278,1,0,1.62630933873665,2
2780,15,1.2547088618011146,0.6610989341549391,0.8127581270387019,-0.2963328594663866,2,-0.6682574493739278,0,0,-0.3763884203507494,2
2781,7,-0.383111986765481,-1.2515321516691895,-1.4594319238508657,1.8116103045488325,2,-0.6682574493739278,0,0,1.7018828390795706,1
2782,12,-2.008165857670674,1.9735319804944969,0.07847767971352745,-0.2963328594663866,4,-0.5098167859943894,0,1,1.3995888377078878,2
2783,2,0.9902500388142728,-0.3176240022311628,0.8821068359527461,-1.036961538714977,4,2.3421151548373036,0,0,-0.5653221712080512,3
2784,12,-2.008165857670674,1.9735319804944969,-0.6884374541594325,1.070981625300242,1,-0.6682574493739278,0,1,0.908361085478903,1
2785,4,0.30995251485512954,0.3914099484132469,-1.2024337672870546,0.04549576172527053,4,1.549911837939611,1,0,-0.11188116915052682,2
2786,11,-1.7838318216197984,-1.4067833778824486,-1.1086090434621712,1.4697816833571753,1,-0.6682574493739278,0,1,-0.4519619206936701,1
2787,5,-0.47612853829875046,-1.599647014570184,-0.6027714019714955,1.0140101884349657,0,-0.6682574493739278,0,1,-0.07409441897906646,1
2788,7,-0.383111986765481,-1.2515321516691895,-1.341131185115143,1.6976674308182802,2,-0.6682574493739278,0,1,-0.754255922065353,1
2789,7,-0.383111986765481,-1.2515321516691895,-0.2845832081305866,0.7291530041085849,0,-0.6682574493739278,0,0,-1.4344174251516395,1
2790,10,-0.17336878232770134,-0.10715455638531189,1.4491345147205197,-0.9230186649844248,2,-0.6682574493739278,0,1,1.7018828390795706,3
2791,12,-2.008165857670674,1.9735319804944969,-1.2921791552934647,1.640695993953004,1,-0.6682574493739278,0,1,-0.6786824217224323,1
2792,4,0.30995251485512954,0.3914099484132469,0.3762691944620704,-0.5811900437927676,4,0.7577085210419187,0,0,-0.9431896729226549,0
2793,5,-0.47612853829875046,-1.599647014570184,0.5149666122901589,-1.4927330336371867,3,0.7577085210419187,1,1,0.11483933187823536,3
2794,14,0.9264151505071309,0.868367323790327,0.8086787912202287,-1.1509044124455294,1,-0.6682574493739278,1,1,1.324015337364967,3
2795,1,-0.24814679434461676,0.6210857315226723,-0.6802787825224861,0.2164100723210991,1,-0.6682574493739278,1,1,-1.1321234237799567,2
2796,7,-0.383111986765481,-1.2515321516691895,-0.9821496330895023,0.6721815672433087,3,0.12394586752376466,0,1,-0.5275354210365908,1
2797,14,0.9264151505071309,0.868367323790327,-0.5986920661530223,1.0140101884349657,1,-0.6682574493739278,0,0,-0.338601670179289,1
2798,0,0.6473654959072578,0.16733601367230244,-0.9046422525385116,1.2988673727613467,0,-0.6682574493739278,0,0,-0.8298294224082737,1
2799,2,0.9902500388142728,-0.3176240022311628,0.2946824780926066,0.1594386354558229,0,-0.6682574493739278,0,0,-0.8298294224082737,2
2800,7,-0.383111986765481,-1.2515321516691895,-0.5415813646943977,0.27338150918637527,3,0.5992678576623801,0,1,0.908361085478903,2
2801,11,-1.7838318216197984,-1.4067833778824486,0.13558838117215213,-0.3533042963316628,4,1.0745898478009956,0,0,-1.358843924808719,2
2802,4,0.30995251485512954,0.3914099484132469,-0.42735996177714825,0.8430958778391372,0,-0.6682574493739278,0,0,-0.3763884203507494,1
2803,11,-1.7838318216197984,-1.4067833778824486,0.3966658735544364,0.10246719859054672,2,-0.6682574493739278,0,0,1.62630933873665,2
2804,10,-0.17336878232770134,-0.10715455638531189,-1.5165426253094902,1.8685817414141086,2,-0.6682574493739278,0,0,-1.585564425837481,1
2805,10,-0.17336878232770134,-0.10715455638531189,1.2288503805229674,-0.69513291752332,1,-0.6682574493739278,0,0,-0.5275354210365908,3
2806,5,-0.47612853829875046,-1.599647014570184,-0.6761994467040129,1.070981625300242,0,-0.6682574493739278,0,0,0.9461478356503634,1
2807,9,1.3623162449474802,-0.524092127813878,1.6041492758225009,-1.036961538714977,1,-0.6682574493739278,0,0,1.1728683366791255,3
2808,14,0.9264151505071309,0.868367323790327,-0.6435647601562274,0.38732438291692767,4,1.2330305111805342,0,0,0.22819958239261645,2
2809,4,0.30995251485512954,0.3914099484132469,-0.4967086706911925,0.9000673147044134,0,-0.6682574493739278,0,0,-1.4722041753230999,1
2810,8,0.6510132038105156,-0.21519020349247783,-0.05206106647761467,0.5012672566474801,2,-0.6682574493739278,0,0,0.9461478356503634,1
2811,14,0.9264151505071309,0.868367323790327,-0.16628246939486402,-0.23936142260111043,1,-0.6682574493739278,1,0,0.7572140847930615,2
2812,5,-0.47612853829875046,-1.599647014570184,1.1554223357904498,-0.6381614806580438,0,-0.6682574493739278,0,1,-1.2454836742943378,3
2813,5,-0.47612853829875046,-1.599647014570184,-1.7123507445962036,1.1849244990307943,2,-0.6682574493739278,1,1,-1.169910173951417,1
2814,15,1.2547088618011146,0.6610989341549391,-0.7577861630734768,1.1279530621655183,2,-0.6682574493739278,0,1,-1.4344174251516395,1
2815,12,-2.008165857670674,1.9735319804944969,1.559276581819296,-1.4927330336371867,3,-0.5098167859943894,1,0,0.5304935837642993,3
2816,1,-0.24814679434461676,0.6210857315226723,-0.827134871987521,1.2418959358960706,2,-0.6682574493739278,0,0,-0.5653221712080512,1
2817,9,1.3623162449474802,-0.524092127813878,-0.4926293348727193,0.2164100723210991,4,0.7577085210419187,0,0,-0.11188116915052682,2
2818,13,-0.12047701773033298,0.5410593262580249,-0.2805038723121134,0.7291530041085849,0,-0.6682574493739278,0,1,0.9839345858218238,1
2819,13,-0.12047701773033298,0.5410593262580249,-0.827134871987521,0.5582386935127562,4,0.5992678576623801,0,0,-0.1496679193219872,1
2820,10,-0.17336878232770134,-0.10715455638531189,-0.1825998126687568,-0.23936142260111043,2,-0.6682574493739278,1,1,1.097294836336205,2
2821,10,-0.17336878232770134,-0.10715455638531189,-1.1738784165577423,1.5267531202224516,0,-0.6682574493739278,0,1,-1.4722041753230999,1
2822,6,0.23335064888652038,1.3893392220629235,-1.1208470509175907,1.4697816833571753,0,-0.6682574493739278,0,0,-0.6786824217224323,1
2823,4,0.30995251485512954,0.3914099484132469,0.2946824780926066,-0.5242186069274913,3,0.7577085210419187,0,1,-1.6611379261804018,0
2824,14,0.9264151505071309,0.868367323790327,-0.6802787825224861,-0.4672471700622152,3,1.7083525013191496,1,0,1.512949088222269,0
2825,3,-1.4828959196003133,-1.3459633098813757,-0.0846957530254002,-0.3533042963316628,1,-0.6682574493739278,1,1,0.6438538342786805,2
2826,6,0.23335064888652038,1.3893392220629235,-0.32537656631531847,0.7291530041085849,0,-0.6682574493739278,0,0,-1.3966306749801791,1
2827,3,-1.4828959196003133,-1.3459633098813757,0.7107747315768721,-0.23936142260111043,2,-0.6682574493739278,0,0,-1.2454836742943378,2
2828,0,0.6473654959072578,0.16733601367230244,0.1519057244460449,-1.2078758493108057,4,1.0745898478009956,1,0,0.8705743353074427,3
2829,4,0.30995251485512954,0.3914099484132469,-0.48039132741729973,0.9000673147044134,0,-0.6682574493739278,0,1,-1.0187631732655755,1
2830,10,-0.17336878232770134,-0.10715455638531189,-0.867928230172253,1.2418959358960706,0,-0.6682574493739278,0,1,1.2484418370220463,1
2831,13,-0.12047701773033298,0.5410593262580249,0.7760441046724431,-0.9799901018497009,4,2.500555818216842,0,0,-0.18745466949344755,3
2832,4,0.30995251485512954,0.3914099484132469,-0.8760869018091993,1.2418959358960706,2,-0.6682574493739278,0,0,-1.2832704244657982,1
2833,9,1.3623162449474802,-0.524092127813878,-0.4110426185032555,0.8430958778391372,2,-0.6682574493739278,0,0,-1.3210571746372586,1
2834,7,-0.383111986765481,-1.2515321516691895,1.5470385743638764,-1.4927330336371867,4,0.2823865309033032,0,1,0.6060670841072201,3
2835,4,0.30995251485512954,0.3914099484132469,-0.4151219543217287,0.1594386354558229,4,2.0252338280782265,0,0,1.2484418370220463,2
2836,13,-0.12047701773033298,0.5410593262580249,-1.5369393044018562,1.8685817414141086,0,-0.6682574493739278,0,0,-1.4344174251516395,1
2837,5,-0.47612853829875046,-1.599647014570184,-0.3172178946783721,0.7291530041085849,0,-0.6682574493739278,0,0,0.34155983290699754,1
2838,1,-0.24814679434461676,0.6210857315226723,0.9147415225005316,-0.410275733196939,1,-0.6682574493739278,0,0,1.4751623380508085,0
2839,2,0.9902500388142728,-0.3176240022311628,1.2778024103446457,-1.4357615967719104,3,-0.19293545923531236,0,0,-0.9809764230941153,3
2840,6,0.23335064888652038,1.3893392220629235,0.05808100062116149,0.38732438291692767,0,-0.6682574493739278,0,0,1.2106550868505859,2
2841,10,-0.17336878232770134,-0.10715455638531189,-0.39064593941088954,0.10246719859054672,4,0.9161491844214572,0,0,-0.8676161725797341,2
2842,10,-0.17336878232770134,-0.10715455638531189,1.2288503805229674,-0.69513291752332,0,-0.6682574493739278,0,0,-0.9054029227511945,3
2843,10,-0.17336878232770134,-0.10715455638531189,0.9555348806852636,-0.4672471700622152,1,-0.6682574493739278,0,0,-1.585564425837481,3
2844,14,0.9264151505071309,0.868367323790327,-1.084133028551332,0.786124440973861,3,1.7083525013191496,0,1,-0.9809764230941153,1
2845,13,-0.12047701773033298,0.5410593262580249,1.049359604510147,-1.4927330336371867,4,0.9161491844214572,1,0,1.0217213359932842,3
2846,15,1.2547088618011146,0.6610989341549391,-0.7292308123441644,1.1279530621655183,2,-0.6682574493739278,0,0,-0.48974867086513046,1
2847,1,-0.24814679434461676,0.6210857315226723,0.6985367241214525,-0.18238998573583423,2,-0.6682574493739278,0,0,0.8705743353074427,2
2848,14,0.9264151505071309,0.868367323790327,1.6000699400040277,-1.4927330336371867,2,-0.6682574493739278,1,0,1.7018828390795706,3
2849,8,0.6510132038105156,-0.21519020349247783,0.8984241792266389,-0.410275733196939,2,-0.6682574493739278,0,0,1.1728683366791255,0
2850,10,-0.17336878232770134,-0.10715455638531189,0.5068079406532126,-0.8660472281191486,2,-0.6682574493739278,1,0,1.3995888377078878,0
2851,5,-0.47612853829875046,-1.599647014570184,1.5266418952715104,-0.9799901018497009,2,-0.6682574493739278,0,0,0.908361085478903,3
2852,10,-0.17336878232770134,-0.10715455638531189,1.3961031490803681,-1.4927330336371867,4,-0.5098167859943894,0,0,0.1904128322211561,3
2853,5,-0.47612853829875046,-1.599647014570184,-1.5858913342235346,1.9255531782793849,2,-0.6682574493739278,0,0,0.6816405844501409,1
2854,11,-1.7838318216197984,-1.4067833778824486,-1.4675905954878121,1.8116103045488325,2,-0.6682574493739278,0,0,-0.3763884203507494,1
2855,13,-0.12047701773033298,0.5410593262580249,1.306357761073958,-1.4357615967719104,3,0.2823865309033032,0,0,-1.6611379261804018,3
2856,9,1.3623162449474802,-0.524092127813878,-1.5206219611279634,1.8685817414141086,0,-0.6682574493739278,0,0,-0.9809764230941153,1
2857,7,-0.383111986765481,-1.2515321516691895,1.3553097908956364,-1.4927330336371867,4,2.0252338280782265,0,1,0.8705743353074427,3
2858,4,0.30995251485512954,0.3914099484132469,-0.9250389316308776,1.2988673727613467,0,-0.6682574493739278,0,1,-0.30081492000782867,1
2859,7,-0.383111986765481,-1.2515321516691895,1.6204666190963937,-1.4927330336371867,3,-0.35137612261485085,0,1,-0.30081492000782867,3
2860,3,-1.4828959196003133,-1.3459633098813757,-1.7041920729592572,1.355838809626623,4,1.2330305111805342,0,1,-1.3966306749801791,1
2861,14,0.9264151505071309,0.868367323790327,1.412420492354261,-1.4927330336371867,4,-0.03449479585577385,1,0,0.5682803339357597,3
2862,1,-0.24814679434461676,0.6210857315226723,-0.6598821034301202,1.070981625300242,2,-0.6682574493739278,0,0,0.26598633256407683,1
2863,13,-0.12047701773033298,0.5410593262580249,1.0248835895993078,-0.5242186069274913,2,-0.6682574493739278,0,1,0.5304935837642993,3
2864,7,-0.383111986765481,-1.2515321516691895,1.5062452161791444,-0.9799901018497009,1,-0.6682574493739278,0,0,-1.3966306749801791,3
2865,5,-0.47612853829875046,-1.599647014570184,0.0540016648026883,-0.2963328594663866,3,-0.5098167859943894,0,1,-0.2630281698363683,2
2866,2,0.9902500388142728,-0.3176240022311628,0.11111236626131298,-1.2078758493108057,3,2.183674491457765,1,0,0.3793465830784579,3
2867,4,0.30995251485512954,0.3914099484132469,1.6775773205550184,-1.0939329755802534,2,-0.6682574493739278,0,0,0.5682803339357597,3
2868,0,0.6473654959072578,0.16733601367230244,-1.487987274580178,1.8116103045488325,0,-0.6682574493739278,0,0,1.3618020875364274,1
2869,11,-1.7838318216197984,-1.4067833778824486,-0.7129134690702716,0.27338150918637527,1,-0.6682574493739278,1,0,0.7572140847930615,2
2870,2,0.9902500388142728,-0.3176240022311628,-0.29682121558600616,0.04549576172527053,3,1.866793164698688,0,1,0.7572140847930615,2
2871,5,-0.47612853829875046,-1.599647014570184,0.6047120002965691,-0.12541854887055803,0,-0.6682574493739278,0,0,-1.2454836742943378,2
2872,15,1.2547088618011146,0.6610989341549391,1.5674352534562424,-1.036961538714977,1,-0.6682574493739278,0,1,-0.1496679193219872,3
2873,1,-0.24814679434461676,0.6210857315226723,0.3395551720958117,0.10246719859054672,2,-0.6682574493739278,0,0,-1.585564425837481,2
2874,2,0.9902500388142728,-0.3176240022311628,-1.1820370881946887,-0.011475675140005663,3,1.549911837939611,1,0,0.34155983290699754,2
2875,0,0.6473654959072578,0.16733601367230244,1.2451677237968601,-1.4927330336371867,2,-0.6682574493739278,1,0,-0.30081492000782867,3
2876,15,1.2547088618011146,0.6610989341549391,-0.8189762003505746,-0.3533042963316628,3,0.4408271942828417,1,1,-1.0943366736084963,2
2877,4,0.30995251485512954,0.3914099484132469,-1.3329725134781967,0.8430958778391372,0,-0.6682574493739278,1,0,-1.4722041753230999,1
2878,14,0.9264151505071309,0.868367323790327,0.0540016648026883,-0.2963328594663866,4,-0.03449479585577385,0,0,1.0595080861647446,2
2879,14,0.9264151505071309,0.868367323790327,-1.1575610732838495,0.6721815672433087,0,-0.6682574493739278,1,1,-1.358843924808719,1
2880,10,-0.17336878232770134,-0.10715455638531189,-1.1167677150991175,0.786124440973861,3,0.12394586752376466,0,0,-1.056549923437036,1
2881,4,0.30995251485512954,0.3914099484132469,0.037684321528795535,-0.2963328594663866,4,-0.5098167859943894,0,0,-1.169910173951417,2
2882,2,0.9902500388142728,-0.3176240022311628,-0.5578987079682904,0.10246719859054672,0,-0.6682574493739278,1,0,-1.6611379261804018,2
2883,11,-1.7838318216197984,-1.4067833778824486,1.5429592385454032,-1.4927330336371867,3,0.12394586752376466,1,1,-0.2252414196649079,3
2884,14,0.9264151505071309,0.868367323790327,0.8168374628571751,-0.2963328594663866,0,-0.6682574493739278,0,1,1.135081586507665,2
2885,1,-0.24814679434461676,0.6210857315226723,0.9188208583190048,-1.0939329755802534,3,-0.5098167859943894,0,0,-0.338601670179289,3
2886,5,-0.47612853829875046,-1.599647014570184,-0.9087215883569848,-0.23936142260111043,4,-0.19293545923531236,1,0,-0.4519619206936701,2
2887,14,0.9264151505071309,0.868367323790327,-1.104529707643698,0.786124440973861,3,0.12394586752376466,0,0,0.908361085478903,1
2888,2,0.9902500388142728,-0.3176240022311628,0.7842027763093895,-0.9799901018497009,4,1.866793164698688,0,0,0.6060670841072201,3
2889,7,-0.383111986765481,-1.2515321516691895,1.3961031490803681,-0.8660472281191486,0,-0.6682574493739278,0,1,-1.6611379261804018,3
2890,9,1.3623162449474802,-0.524092127813878,-1.104529707643698,1.4697816833571753,2,-0.6682574493739278,0,0,-0.754255922065353,1
2891,0,0.6473654959072578,0.16733601367230244,0.017287642436429582,0.4442958197822039,0,-0.6682574493739278,0,0,0.5682803339357597,2
2892,6,0.23335064888652038,1.3893392220629235,0.9025035150451121,-1.2648472861760818,1,-0.6682574493739278,1,1,-0.9054029227511945,3
2893,3,-1.4828959196003133,-1.3459633098813757,-1.1330850583730103,0.8430958778391372,4,-0.5098167859943894,0,1,1.5885225885651897,1
2894,4,0.30995251485512954,0.3914099484132469,1.3185957685293777,-0.8090757912538723,0,-0.6682574493739278,0,1,-1.6611379261804018,3
2895,3,-1.4828959196003133,-1.3459633098813757,0.3354758362773385,0.1594386354558229,1,-0.6682574493739278,0,0,-1.4722041753230999,2
2896,3,-1.4828959196003133,-1.3459633098813757,-0.06429907393303425,0.5012672566474801,0,-0.6682574493739278,0,0,0.3793465830784579,1
2897,4,0.30995251485512954,0.3914099484132469,-0.5293433572389781,-0.5811900437927676,4,-0.03449479585577385,1,1,0.6060670841072201,0
2898,1,-0.24814679434461676,0.6210857315226723,-0.08877508884387339,-0.18238998573583423,3,-0.5098167859943894,0,0,0.8705743353074427,2
2899,14,0.9264151505071309,0.868367323790327,-0.21115516339806914,-0.23936142260111043,2,-0.6682574493739278,1,0,1.62630933873665,2
2900,5,-0.47612853829875046,-1.599647014570184,-0.43959796923256783,-0.011475675140005663,0,-0.6682574493739278,1,0,0.6060670841072201,2
2901,14,0.9264151505071309,0.868367323790327,1.412420492354261,-1.4927330336371867,4,1.2330305111805342,0,0,-1.2076969241228774,3
2902,11,-1.7838318216197984,-1.4067833778824486,0.2334924408155087,0.2164100723210991,2,-0.6682574493739278,0,0,-0.8298294224082737,2
2903,15,1.2547088618011146,0.6610989341549391,-1.5450979760388026,1.0140101884349657,1,-0.6682574493739278,1,0,-0.036307668807606094,1
2904,9,1.3623162449474802,-0.524092127813878,1.4368965072651,-0.8660472281191486,0,-0.6682574493739278,0,0,-0.6031089213795116,3
2905,0,0.6473654959072578,0.16733601367230244,1.3022784252554849,-1.4357615967719104,4,2.500555818216842,0,1,1.6640960889081102,3
2906,5,-0.47612853829875046,-1.599647014570184,0.27836513481871383,0.1594386354558229,1,-0.6682574493739278,0,0,-1.4722041753230999,2
2907,2,0.9902500388142728,-0.3176240022311628,-0.2764245364936402,0.7291530041085849,0,-0.6682574493739278,0,0,-0.036307668807606094,1
2908,11,-1.7838318216197984,-1.4067833778824486,-0.19483782012417636,-0.06844711200528185,4,-0.03449479585577385,0,0,0.3793465830784579,2
2909,1,-0.24814679434461676,0.6210857315226723,-0.549740036331344,0.27338150918637527,4,1.7083525013191496,0,0,-1.2832704244657982,2
2910,3,-1.4828959196003133,-1.3459633098813757,-0.20299649176112275,-0.9230186649844248,3,-0.03449479585577385,1,1,0.5682803339357597,0
2911,15,1.2547088618011146,0.6610989341549391,1.6979739996473844,-1.1509044124455294,0,-0.6682574493739278,0,0,-1.3210571746372586,3
2912,11,-1.7838318216197984,-1.4067833778824486,-0.05206106647761467,-0.18238998573583423,3,-0.19293545923531236,0,0,1.512949088222269,2
2913,8,0.6510132038105156,-0.21519020349247783,-1.0147843196372879,1.4128102464918992,1,-0.6682574493739278,0,0,0.34155983290699754,1
2914,7,-0.383111986765481,-1.2515321516691895,-0.6517234317931738,1.070981625300242,1,-0.6682574493739278,0,0,-0.754255922065353,1
2915,6,0.23335064888652038,1.3893392220629235,0.7964407837648091,-1.1509044124455294,0,-0.6682574493739278,1,1,0.26598633256407683,3
2916,11,-1.7838318216197984,-1.4067833778824486,-0.8108175287136282,0.5012672566474801,4,0.7577085210419187,0,0,0.5682803339357597,1
2917,14,0.9264151505071309,0.868367323790327,0.6047120002965691,-0.12541854887055803,1,-0.6682574493739278,0,0,-1.0943366736084963,2
2918,2,0.9902500388142728,-0.3176240022311628,-1.6103673491343737,0.38732438291692767,4,-0.03449479585577385,1,0,-0.9054029227511945,2
2919,9,1.3623162449474802,-0.524092127813878,0.7352507464877113,-0.23936142260111043,0,-0.6682574493739278,0,0,0.1904128322211561,2
2920,1,-0.24814679434461676,0.6210857315226723,1.6979739996473844,-1.4927330336371867,3,-0.19293545923531236,1,0,0.5682803339357597,3
2921,12,-2.008165857670674,1.9735319804944969,-0.003109036655936375,0.4442958197822039,0,-0.6682574493739278,0,0,0.6438538342786805,2
2922,4,0.30995251485512954,0.3914099484132469,-0.6476440959747006,1.070981625300242,0,-0.6682574493739278,0,0,1.6640960889081102,1
2923,2,0.9902500388142728,-0.3176240022311628,0.0050496349810100075,-0.23936142260111043,4,1.866793164698688,0,0,-0.3763884203507494,2
2924,1,-0.24814679434461676,0.6210857315226723,-1.553256647675749,1.1849244990307943,4,0.2823865309033032,0,0,-1.6611379261804018,1
2925,10,-0.17336878232770134,-0.10715455638531189,-0.12956844702860532,0.5582386935127562,2,-0.6682574493739278,0,1,-1.3210571746372586,1
2926,1,-0.24814679434461676,0.6210857315226723,-1.1004503718252248,1.4697816833571753,1,-0.6682574493739278,0,0,0.3037730827355372,1
2927,10,-0.17336878232770134,-0.10715455638531189,-1.6511607073191057,1.982524615144661,0,-0.6682574493739278,0,1,1.6640960889081102,1
2928,15,1.2547088618011146,0.6610989341549391,-1.0759743569143856,1.4697816833571753,1,-0.6682574493739278,0,0,-0.5275354210365908,1
2929,8,0.6510132038105156,-0.21519020349247783,1.0412009328732006,-1.2078758493108057,4,0.7577085210419187,0,0,-0.1496679193219872,3
2930,9,1.3623162449474802,-0.524092127813878,-1.251385797108733,1.5837245570877276,0,-0.6682574493739278,0,1,-1.6611379261804018,1
2931,13,-0.12047701773033298,0.5410593262580249,-0.741468819799584,0.4442958197822039,4,2.0252338280782265,0,0,-1.169910173951417,2
2932,8,0.6510132038105156,-0.21519020349247783,-0.6476440959747006,0.38732438291692767,4,0.4408271942828417,0,0,-0.9431896729226549,2
2933,3,-1.4828959196003133,-1.3459633098813757,0.01320830661795639,-1.0939329755802534,3,-0.03449479585577385,1,0,1.62630933873665,3
2934,1,-0.24814679434461676,0.6210857315226723,-1.1779577523762155,1.5267531202224516,2,-0.6682574493739278,0,0,1.3995888377078878,1
2935,2,0.9902500388142728,-0.3176240022311628,-0.16220313357639082,0.6152101303780324,1,-0.6682574493739278,0,0,-0.5275354210365908,1
2936,6,0.23335064888652038,1.3893392220629235,-0.847531551079887,0.5582386935127562,3,2.0252338280782265,0,0,0.9839345858218238,1
2937,7,-0.383111986765481,-1.2515321516691895,1.6571806414626524,-1.4927330336371867,4,1.2330305111805342,1,0,1.62630933873665,3
2938,2,0.9902500388142728,-0.3176240022311628,-1.3003378269304111,0.9570387515696896,3,2.3421151548373036,0,1,1.324015337364967,1
2939,5,-0.47612853829875046,-1.599647014570184,1.73060868619517,-1.4927330336371867,3,0.2823865309033032,0,0,-0.3763884203507494,3
2940,13,-0.12047701773033298,0.5410593262580249,1.1921363581567086,-0.6381614806580438,1,-0.6682574493739278,0,0,-0.6408956715509719,3
2941,14,0.9264151505071309,0.868367323790327,-0.39064593941088954,0.786124440973861,0,-0.6682574493739278,0,0,1.5885225885651897,1
2942,12,-2.008165857670674,1.9735319804944969,-1.7123507445962036,2.0394960520099374,0,-0.6682574493739278,0,0,0.0014790813638542722,1
2943,1,-0.24814679434461676,0.6210857315226723,-0.32537656631531847,-0.12541854887055803,2,-0.6682574493739278,1,1,-1.358843924808719,2
2944,6,0.23335064888652038,1.3893392220629235,-1.0147843196372879,1.4128102464918992,1,-0.6682574493739278,0,1,0.8327875851359823,1
2945,14,0.9264151505071309,0.868367323790327,1.4736105296313589,-0.9230186649844248,1,-0.6682574493739278,0,0,-1.0187631732655755,3
2946,12,-2.008165857670674,1.9735319804944969,-1.2350684538348402,0.9000673147044134,3,-0.19293545923531236,0,0,-0.5275354210365908,1
2947,0,0.6473654959072578,0.16733601367230244,-0.40288394686630913,0.1594386354558229,3,0.4408271942828417,0,0,-1.358843924808719,2
2948,10,-0.17336878232770134,-0.10715455638531189,0.8698688284973266,-0.3533042963316628,1,-0.6682574493739278,0,0,0.908361085478903,2
2949,7,-0.383111986765481,-1.2515321516691895,0.07847767971352745,0.38732438291692767,0,-0.6682574493739278,0,0,-0.036307668807606094,2
2950,2,0.9902500388142728,-0.3176240022311628,0.22125443336008915,0.2164100723210991,2,-0.6682574493739278,0,0,0.0014790813638542722,2
2951,7,-0.383111986765481,-1.2515321516691895,-0.32945590213379167,0.04549576172527053,3,-0.5098167859943894,0,1,0.3793465830784579,2
2952,1,-0.24814679434461676,0.6210857315226723,1.0575182761470934,-0.5242186069274913,0,-0.6682574493739278,0,0,-0.6786824217224323,3
2953,4,0.30995251485512954,0.3914099484132469,1.0330422612362542,-0.5242186069274913,0,-0.6682574493739278,0,0,-0.48974867086513046,3
2954,0,0.6473654959072578,0.16733601367230244,-0.7985795212582086,0.5012672566474801,3,1.866793164698688,0,0,-0.9809764230941153,1
2955,15,1.2547088618011146,0.6610989341549391,0.49864926901626616,-0.69513291752332,4,0.2823865309033032,0,1,0.5304935837642993,0
2956,12,-2.008165857670674,1.9735319804944969,-0.5578987079682904,0.9570387515696896,1,-0.6682574493739278,0,1,-0.8298294224082737,1
2957,15,1.2547088618011146,0.6610989341549391,-1.0025463121818683,0.6721815672433087,3,0.4408271942828417,0,0,1.324015337364967,1
2958,9,1.3623162449474802,-0.524092127813878,0.7597267613985504,-0.9230186649844248,4,0.5992678576623801,0,0,0.45492008342137863,0
2959,11,-1.7838318216197984,-1.4067833778824486,-1.1086090434621712,1.4697816833571753,0,-0.6682574493739278,0,0,-0.2630281698363683,1
2960,13,-0.12047701773033298,0.5410593262580249,-0.11733043957318573,-0.12541854887055803,3,0.9161491844214572,0,1,-0.1496679193219872,2
2961,15,1.2547088618011146,0.6610989341549391,-0.37432859613699676,0.786124440973861,1,-0.6682574493739278,0,1,1.1728683366791255,1
2962,4,0.30995251485512954,0.3914099484132469,1.7183706787397504,-1.4927330336371867,4,2.500555818216842,1,0,-0.5653221712080512,3
2963,0,0.6473654959072578,0.16733601367230244,-0.8883249092646189,1.2988673727613467,2,-0.6682574493739278,0,0,0.9839345858218238,1
2964,9,1.3623162449474802,-0.524092127813878,-1.2350684538348402,1.5837245570877276,2,-0.6682574493739278,0,0,-1.358843924808719,1
2965,6,0.23335064888652038,1.3893392220629235,1.3104370968924313,-0.7521043543885961,1,-0.6682574493739278,0,0,1.1728683366791255,3
2966,6,0.23335064888652038,1.3893392220629235,-1.2677031403826258,1.640695993953004,1,-0.6682574493739278,0,0,-1.5477776756660206,1
2967,1,-0.24814679434461676,0.6210857315226723,0.029525649891849155,0.4442958197822039,1,-0.6682574493739278,0,0,0.4171333332499183,2
2968,0,0.6473654959072578,0.16733601367230244,-1.5369393044018562,1.8685817414141086,2,-0.6682574493739278,0,0,-1.2454836742943378,1
2969,5,-0.47612853829875046,-1.599647014570184,-1.1004503718252248,-0.06844711200528185,3,0.5992678576623801,1,0,1.2484418370220463,2
2970,3,-1.4828959196003133,-1.3459633098813757,1.5551972460008228,-1.4927330336371867,3,0.12394586752376466,0,0,-1.5099909254945603,3
2971,0,0.6473654959072578,0.16733601367230244,0.49049059737931977,-0.011475675140005663,0,-0.6682574493739278,0,0,1.2484418370220463,2
2972,4,0.30995251485512954,0.3914099484132469,1.6775773205550184,-1.4927330336371867,4,2.183674491457765,0,0,1.097294836336205,3
2973,13,-0.12047701773033298,0.5410593262580249,-0.3661699245000504,0.10246719859054672,4,1.866793164698688,0,0,-1.1321234237799567,2
2974,7,-0.383111986765481,-1.2515321516691895,1.6979739996473844,-1.4927330336371867,4,0.9161491844214572,0,0,-0.30081492000782867,3
2975,6,0.23335064888652038,1.3893392220629235,-0.8760869018091993,-0.2963328594663866,4,0.2823865309033032,1,0,-0.07409441897906646,2
2976,6,0.23335064888652038,1.3893392220629235,0.8005201195832823,-0.9799901018497009,3,1.0745898478009956,0,0,-1.6233511760089414,3
2977,5,-0.47612853829875046,-1.599647014570184,1.1187083134241913,-1.4357615967719104,1,-0.6682574493739278,1,0,0.7950008349645219,3
2978,13,-0.12047701773033298,0.5410593262580249,-1.0351809987296539,1.4128102464918992,1,-0.6682574493739278,0,0,-0.41417517052220976,1
2979,3,-1.4828959196003133,-1.3459633098813757,1.367547798351056,-1.4927330336371867,3,1.2330305111805342,0,1,0.15262608204969574,3
2980,13,-0.12047701773033298,0.5410593262580249,-0.7781828421658428,1.1849244990307943,0,-0.6682574493739278,0,0,1.6640960889081102,1
2981,6,0.23335064888652038,1.3893392220629235,-0.7537068272550036,0.4442958197822039,3,0.5992678576623801,0,0,-0.18745466949344755,2
2982,13,-0.12047701773033298,0.5410593262580249,-0.48039132741729973,0.9000673147044134,0,-0.6682574493739278,0,0,-1.0187631732655755,1
2983,2,0.9902500388142728,-0.3176240022311628,1.6531013056441792,-1.4927330336371867,4,1.549911837939611,0,0,-0.3763884203507494,3
2984,1,-0.24814679434461676,0.6210857315226723,-0.4885499990542461,0.04549576172527053,1,-0.6682574493739278,1,0,-0.7164691718938927,2
2985,13,-0.12047701773033298,0.5410593262580249,-1.0351809987296539,0.7291530041085849,3,-0.35137612261485085,0,0,-0.036307668807606094,1
2986,5,-0.47612853829875046,-1.599647014570184,0.984090231414576,-0.4672471700622152,1,-0.6682574493739278,0,0,-0.9809764230941153,3
2987,11,-1.7838318216197984,-1.4067833778824486,-1.3370518492966699,1.6976674308182802,2,-0.6682574493739278,0,0,-0.9809764230941153,1
2988,14,0.9264151505071309,0.868367323790327,-1.5369393044018562,1.1849244990307943,4,1.0745898478009956,0,0,-1.3966306749801791,1
2989,0,0.6473654959072578,0.16733601367230244,-0.867928230172253,-0.2963328594663866,4,1.549911837939611,1,0,0.45492008342137863,2
2990,3,-1.4828959196003133,-1.3459633098813757,0.12335037371673256,-0.5242186069274913,0,-0.6682574493739278,1,0,0.6816405844501409,0
2991,14,0.9264151505071309,0.868367323790327,0.3354758362773385,-0.5242186069274913,4,0.7577085210419187,0,0,-0.7920426722368133,0
2992,15,1.2547088618011146,0.6610989341549391,0.984090231414576,-1.4927330336371867,4,2.0252338280782265,1,0,-0.6786824217224323,3
2993,12,-2.008165857670674,1.9735319804944969,-1.5654946551311686,1.2418959358960706,4,2.183674491457765,0,0,1.512949088222269,1
2994,11,-1.7838318216197984,-1.4067833778824486,1.73060868619517,-1.4927330336371867,4,2.0252338280782265,0,1,-0.036307668807606094,3
2995,14,0.9264151505071309,0.868367323790327,0.8821068359527461,-1.2078758493108057,0,-0.6682574493739278,1,0,-0.6408956715509719,3
2996,15,1.2547088618011146,0.6610989341549391,0.5761566495672568,-0.7521043543885961,3,-0.5098167859943894,0,1,-1.2454836742943378,0
2997,2,0.9902500388142728,-0.3176240022311628,1.62862529073334,-1.0939329755802534,2,-0.6682574493739278,0,1,0.6060670841072201,3
2998,6,0.23335064888652038,1.3893392220629235,1.1513429999719769,-0.6381614806580438,0,-0.6682574493739278,0,1,-1.4722041753230999,3
2999,0,0.6473654959072578,0.16733601367230244,0.19677841844925,-0.5811900437927676,2,-0.6682574493739278,1,0,-1.6989246763518622,0
3000,4,0.30995251485512954,0.3914099484132469,-0.9046422525385116,1.2988673727613467,0,-0.6682574493739278,0,0,-1.3210571746372586,1
3001,12,-2.008165857670674,1.9735319804944969,0.7923614479463359,-1.1509044124455294,1,-0.6682574493739278,1,1,1.5885225885651897,3
3002,6,0.23335064888652038,1.3893392220629235,-0.7577861630734768,1.1279530621655183,2,-0.6682574493739278,0,0,-1.5099909254945603,1
3003,11,-1.7838318216197984,-1.4067833778824486,-1.4553525880323925,1.8116103045488325,2,-0.6682574493739278,0,0,0.3037730827355372,1
3004,5,-0.47612853829875046,-1.599647014570184,0.2498097840894015,0.2164100723210991,1,-0.6682574493739278,0,0,-1.0943366736084963,2
3005,11,-1.7838318216197984,-1.4067833778824486,-1.0270223270927075,-0.12541854887055803,3,0.9161491844214572,1,0,-1.6989246763518622,2
3006,10,-0.17336878232770134,-0.10715455638531189,-0.33353523795226486,-0.12541854887055803,1,-0.6682574493739278,1,0,-0.48974867086513046,2
3007,2,0.9902500388142728,-0.3176240022311628,1.6979739996473844,-1.1509044124455294,2,-0.6682574493739278,0,1,0.5304935837642993,3
3008,12,-2.008165857670674,1.9735319804944969,-1.0596570136404928,1.4128102464918992,2,-0.6682574493739278,0,1,-0.5275354210365908,1
3009,4,0.30995251485512954,0.3914099484132469,1.6571806414626524,-1.0939329755802534,0,-0.6682574493739278,0,1,-0.9809764230941153,3
3010,5,-0.47612853829875046,-1.599647014570184,-1.6633987147745253,0.4442958197822039,4,1.866793164698688,1,0,-0.30081492000782867,2
3011,7,-0.383111986765481,-1.2515321516691895,0.6985367241214525,-0.18238998573583423,1,-0.6682574493739278,0,0,0.039265831535314634,2
3012,7,-0.383111986765481,-1.2515321516691895,1.2941197536185385,-1.4927330336371867,0,-0.6682574493739278,1,0,-1.6611379261804018,3
3013,12,-2.008165857670674,1.9735319804944969,0.8535514852234338,-0.3533042963316628,2,-0.6682574493739278,0,1,0.3793465830784579,2
3014,15,1.2547088618011146,0.6610989341549391,1.7428466936505895,-1.4927330336371867,3,0.4408271942828417,0,0,1.3995888377078878,3
3015,5,-0.47612853829875046,-1.599647014570184,-1.1657197449207959,0.8430958778391372,4,2.183674491457765,0,0,-0.4519619206936701,1
3016,12,-2.008165857670674,1.9735319804944969,-0.8801662376276725,-0.2963328594663866,4,0.12394586752376466,1,1,-0.18745466949344755,2
3017,1,-0.24814679434461676,0.6210857315226723,1.5307212310899836,-0.9799901018497009,1,-0.6682574493739278,0,0,0.5304935837642993,3
3018,9,1.3623162449474802,-0.524092127813878,-0.7985795212582086,0.5012672566474801,3,1.866793164698688,0,1,-0.5653221712080512,1
3019,11,-1.7838318216197984,-1.4067833778824486,0.21309576172314276,-1.2648472861760818,4,0.5992678576623801,1,0,1.2106550868505859,3
3020,1,-0.24814679434461676,0.6210857315226723,-0.05614040229608786,0.5012672566474801,2,-0.6682574493739278,0,1,1.2484418370220463,1
3021,7,-0.383111986765481,-1.2515321516691895,0.49456993319779297,-1.4927330336371867,4,2.183674491457765,1,1,-0.8298294224082737,3
3022,11,-1.7838318216197984,-1.4067833778824486,1.710212007102804,-1.1509044124455294,2,-0.6682574493739278,0,0,-1.2832704244657982,3
3023,9,1.3623162449474802,-0.524092127813878,1.2370090521599137,-1.4927330336371867,1,-0.6682574493739278,1,0,-1.5477776756660206,3
3024,7,-0.383111986765481,-1.2515321516691895,-1.659319378956052,1.982524615144661,1,-0.6682574493739278,0,0,-0.6786824217224323,1
3025,4,0.30995251485512954,0.3914099484132469,-0.9372769390862972,0.6152101303780324,4,0.4408271942828417,0,0,0.7194273346216012,1
3026,1,-0.24814679434461676,0.6210857315226723,-0.6231680810638615,1.0140101884349657,2,-0.6682574493739278,0,0,0.8327875851359823,1
3027,6,0.23335064888652038,1.3893392220629235,1.0167249179623614,-1.2078758493108057,4,0.12394586752376466,0,0,1.62630933873665,3
3028,3,-1.4828959196003133,-1.3459633098813757,-0.43551863341409464,0.1594386354558229,4,2.3421151548373036,0,0,0.26598633256407683,2
3029,10,-0.17336878232770134,-0.10715455638531189,1.689815328010438,-1.4927330336371867,3,0.4408271942828417,0,1,-0.5275354210365908,3
3030,5,-0.47612853829875046,-1.599647014570184,0.5843153212042032,-0.12541854887055803,1,-0.6682574493739278,0,1,-0.7164691718938927,2
3031,14,0.9264151505071309,0.868367323790327,0.6087913361150423,-0.8090757912538723,4,1.3914711745600725,0,1,1.2484418370220463,0
3032,4,0.30995251485512954,0.3914099484132469,-0.9454356107232436,0.6152101303780324,4,0.7577085210419187,0,0,-1.585564425837481,1
3033,2,0.9902500388142728,-0.3176240022311628,-1.6878747296853644,2.0394960520099374,1,-0.6682574493739278,0,1,-0.48974867086513046,1
3034,14,0.9264151505071309,0.868367323790327,0.07031900807658106,-0.2963328594663866,3,-0.35137612261485085,0,0,-1.2454836742943378,2
3035,9,1.3623162449474802,-0.524092127813878,0.4456179033761147,0.04549576172527053,2,-0.6682574493739278,0,0,0.45492008342137863,2
3036,6,0.23335064888652038,1.3893392220629235,0.04176365734726873,-0.2963328594663866,3,-0.5098167859943894,0,1,-0.07409441897906646,2
3037,10,-0.17336878232770134,-0.10715455638531189,1.6245459549148669,-1.4927330336371867,3,1.549911837939611,0,0,0.7572140847930615,3
3038,1,-0.24814679434461676,0.6210857315226723,-0.39880461104783593,0.8430958778391372,0,-0.6682574493739278,0,0,-1.5477776756660206,1
3039,11,-1.7838318216197984,-1.4067833778824486,1.7387673578321163,-1.4927330336371867,3,2.3421151548373036,0,0,0.07705258170677501,3
3040,2,0.9902500388142728,-0.3176240022311628,-0.04798173065914148,-1.036961538714977,4,1.3914711745600725,1,1,0.4171333332499183,3
3041,1,-0.24814679434461676,0.6210857315226723,1.2981990894370117,-1.4927330336371867,2,-0.6682574493739278,1,0,-1.6611379261804018,3
3042,13,-0.12047701773033298,0.5410593262580249,1.281881746163119,-0.7521043543885961,1,-0.6682574493739278,0,0,0.6060670841072201,3
3043,8,0.6510132038105156,-0.21519020349247783,0.6251086793889351,-0.12541854887055803,1,-0.6682574493739278,0,0,-1.4344174251516395,2
3044,10,-0.17336878232770134,-0.10715455638531189,-0.34985258122615764,0.786124440973861,1,-0.6682574493739278,0,0,0.34155983290699754,1
3045,6,0.23335064888652038,1.3893392220629235,1.649021969825706,-1.4927330336371867,3,1.3914711745600725,0,0,-1.2832704244657982,3
3046,14,0.9264151505071309,0.868367323790327,-0.7169928048887448,0.27338150918637527,1,-0.6682574493739278,1,0,-1.3966306749801791,2
3047,10,-0.17336878232770134,-0.10715455638531189,-0.5660573796052367,0.9570387515696896,0,-0.6682574493739278,0,1,1.0217213359932842,1
3048,0,0.6473654959072578,0.16733601367230244,-1.573653326768115,1.9255531782793849,2,-0.6682574493739278,0,0,0.11483933187823536,1
3049,0,0.6473654959072578,0.16733601367230244,-0.8189762003505746,1.1849244990307943,1,-0.6682574493739278,0,0,0.8705743353074427,1
3050,0,0.6473654959072578,0.16733601367230244,-1.4594319238508657,1.8116103045488325,0,-0.6682574493739278,0,0,0.1904128322211561,1
3051,1,-0.24814679434461676,0.6210857315226723,-1.634843364045213,1.1279530621655183,2,-0.6682574493739278,1,0,-0.036307668807606094,1
3052,4,0.30995251485512954,0.3914099484132469,-0.549740036331344,0.27338150918637527,4,0.5992678576623801,0,1,-0.6786824217224323,2
3053,13,-0.12047701773033298,0.5410593262580249,-1.6674780505929985,1.982524615144661,2,-0.6682574493739278,0,0,-0.6786824217224323,1
3054,9,1.3623162449474802,-0.524092127813878,-0.7700241705288964,1.1849244990307943,2,-0.6682574493739278,0,0,0.34155983290699754,1
3055,2,0.9902500388142728,-0.3176240022311628,-0.5089466781466121,0.9000673147044134,2,-0.6682574493739278,0,0,0.8705743353074427,1
3056,2,0.9902500388142728,-0.3176240022311628,0.665902037573667,-0.18238998573583423,2,-0.6682574493739278,0,0,-1.4344174251516395,2
3057,0,0.6473654959072578,0.16733601367230244,0.35995185118817763,0.10246719859054672,1,-0.6682574493739278,0,1,-0.4519619206936701,2
3058,0,0.6473654959072578,0.16733601367230244,1.220691708886021,-1.3787901599066343,4,-0.5098167859943894,0,0,-1.5477776756660206,3
3059,8,0.6510132038105156,-0.21519020349247783,-1.1575610732838495,1.5267531202224516,2,-0.6682574493739278,0,0,-0.8676161725797341,1
3060,13,-0.12047701773033298,0.5410593262580249,0.08663635135047383,-0.2963328594663866,3,0.9161491844214572,0,0,0.8327875851359823,2
3061,9,1.3623162449474802,-0.524092127813878,0.8168374628571751,-0.9799901018497009,4,-0.5098167859943894,0,0,-1.4344174251516395,3
3062,3,-1.4828959196003133,-1.3459633098813757,0.1519057244460449,-0.5242186069274913,0,-0.6682574493739278,1,1,-0.07409441897906646,0
3063,0,0.6473654959072578,0.16733601367230244,0.4333798959206951,-1.4927330336371867,4,1.2330305111805342,1,0,0.908361085478903,3
3064,3,-1.4828959196003133,-1.3459633098813757,-0.8108175287136282,1.1849244990307943,1,-0.6682574493739278,0,1,-1.056549923437036,1
3065,11,-1.7838318216197984,-1.4067833778824486,1.2166123730675478,-1.3787901599066343,3,2.0252338280782265,0,0,1.4373755878793482,3
3066,13,-0.12047701773033298,0.5410593262580249,1.114628977605718,-1.2648472861760818,4,-0.5098167859943894,0,0,-0.2252414196649079,3
3067,14,0.9264151505071309,0.868367323790327,-0.02350571574830233,-0.410275733196939,1,-0.6682574493739278,1,0,-0.6786824217224323,0
3068,1,-0.24814679434461676,0.6210857315226723,0.0988743588058934,-0.3533042963316628,4,1.3914711745600725,0,0,-0.9431896729226549,2
3069,15,1.2547088618011146,0.6610989341549391,1.2941197536185385,-0.7521043543885961,2,-0.6682574493739278,0,0,1.0595080861647446,3
3070,3,-1.4828959196003133,-1.3459633098813757,1.367547798351056,-1.4927330336371867,4,2.3421151548373036,1,0,1.6640960889081102,3
3071,13,-0.12047701773033298,0.5410593262580249,-0.4885499990542461,0.9000673147044134,1,-0.6682574493739278,0,0,-1.0943366736084963,1
3072,2,0.9902500388142728,-0.3176240022311628,-0.7659448347104232,1.1849244990307943,0,-0.6682574493739278,0,0,-1.4722041753230999,1
3073,2,0.9902500388142728,-0.3176240022311628,-0.8148968645321014,0.5012672566474801,4,0.5992678576623801,0,1,0.6060670841072201,1
3074,0,0.6473654959072578,0.16733601367230244,-0.12140977539165893,-0.9799901018497009,3,1.549911837939611,1,0,-1.5099909254945603,3
3075,1,-0.24814679434461676,0.6210857315226723,-0.5701367154237099,0.27338150918637527,4,-0.5098167859943894,0,0,-1.6989246763518622,2
3076,15,1.2547088618011146,0.6610989341549391,1.0452802686916738,-1.2078758493108057,4,-0.5098167859943894,0,1,1.097294836336205,3
3077,2,0.9902500388142728,-0.3176240022311628,1.412420492354261,-1.4927330336371867,4,-0.19293545923531236,0,1,1.62630933873665,3
3078,9,1.3623162449474802,-0.524092127813878,1.6531013056441792,-1.4927330336371867,3,1.549911837939611,0,1,-0.07409441897906646,3
3079,8,0.6510132038105156,-0.21519020349247783,1.559276581819296,-1.4927330336371867,3,1.0745898478009956,0,0,0.6816405844501409,3
3080,8,0.6510132038105156,-0.21519020349247783,-1.3696865358444554,1.6976674308182802,0,-0.6682574493739278,0,0,0.8705743353074427,1
3081,13,-0.12047701773033298,0.5410593262580249,0.049922328984215114,0.38732438291692767,0,-0.6682574493739278,0,0,-1.0943366736084963,2
3082,14,0.9264151505071309,0.868367323790327,1.6653393130995988,-1.0939329755802534,0,-0.6682574493739278,0,0,-1.169910173951417,3
3083,8,0.6510132038105156,-0.21519020349247783,-0.9005629167200384,1.2988673727613467,0,-0.6682574493739278,0,1,1.324015337364967,1
3084,10,-0.17336878232770134,-0.10715455638531189,-0.5171053497835585,-0.6381614806580438,4,0.12394586752376466,1,1,0.8705743353074427,0
3085,6,0.23335064888652038,1.3893392220629235,0.7230127390322917,-1.4927330336371867,3,-0.5098167859943894,1,1,0.6816405844501409,3
3086,8,0.6510132038105156,-0.21519020349247783,-1.3533691925705627,0.8430958778391372,2,-0.6682574493739278,1,0,0.908361085478903,1
3087,0,0.6473654959072578,0.16733601367230244,-0.7129134690702716,0.27338150918637527,2,-0.6682574493739278,1,0,0.5682803339357597,2
3088,4,0.30995251485512954,0.3914099484132469,1.2166123730675478,-0.69513291752332,1,-0.6682574493739278,0,1,0.8705743353074427,3
3089,8,0.6510132038105156,-0.21519020349247783,-0.01534704411135595,-0.23936142260111043,3,1.0745898478009956,0,0,0.07705258170677501,2
3090,12,-2.008165857670674,1.9735319804944969,0.7719647688539699,-0.2963328594663866,1,-0.6682574493739278,0,1,-0.3763884203507494,2
3091,8,0.6510132038105156,-0.21519020349247783,0.8698688284973266,-0.3533042963316628,0,-0.6682574493739278,0,0,-0.11188116915052682,2
3092,8,0.6510132038105156,-0.21519020349247783,1.6000699400040277,-1.036961538714977,0,-0.6682574493739278,0,0,-1.0943366736084963,3
3093,5,-0.47612853829875046,-1.599647014570184,-0.9658322898156095,0.6721815672433087,4,1.866793164698688,0,0,-0.6408956715509719,1
3094,11,-1.7838318216197984,-1.4067833778824486,1.4287378356281537,-0.8660472281191486,0,-0.6682574493739278,0,0,0.6438538342786805,3
3095,2,0.9902500388142728,-0.3176240022311628,1.5144038878160908,-0.9799901018497009,0,-0.6682574493739278,0,0,0.3037730827355372,3
3096,5,-0.47612853829875046,-1.599647014570184,-0.14180645448402487,-0.2963328594663866,1,-0.6682574493739278,1,0,1.097294836336205,2
3097,7,-0.383111986765481,-1.2515321516691895,-1.3248138418412503,1.6976674308182802,1,-0.6682574493739278,0,0,1.0595080861647446,1
3098,8,0.6510132038105156,-0.21519020349247783,-1.5899706700420078,1.9255531782793849,2,-0.6682574493739278,0,0,-1.1321234237799567,1
3099,14,0.9264151505071309,0.868367323790327,-0.6109300736084419,0.1594386354558229,1,-0.6682574493739278,1,0,0.6438538342786805,2
3100,11,-1.7838318216197984,-1.4067833778824486,1.0575182761470934,-1.2078758493108057,3,1.549911837939611,0,1,1.6640960889081102,3
3101,10,-0.17336878232770134,-0.10715455638531189,-0.01534704411135595,0.4442958197822039,2,-0.6682574493739278,0,0,1.135081586507665,2
3102,9,1.3623162449474802,-0.524092127813878,-0.6313267527008078,0.3303529460516515,4,-0.35137612261485085,0,1,-1.6611379261804018,2
3103,11,-1.7838318216197984,-1.4067833778824486,-0.4477566408695142,0.1594386354558229,4,1.7083525013191496,0,0,-1.5099909254945603,2
3104,4,0.30995251485512954,0.3914099484132469,0.4252212242837487,-0.6381614806580438,4,0.9161491844214572,0,0,-0.5653221712080512,0
3105,12,-2.008165857670674,1.9735319804944969,-0.23563117830890828,-0.18238998573583423,0,-0.6682574493739278,1,0,0.8705743353074427,2
3106,4,0.30995251485512954,0.3914099484132469,-1.1330850583730103,-0.011475675140005663,4,1.549911837939611,1,0,-1.5099909254945603,2
3107,2,0.9902500388142728,-0.3176240022311628,-0.5619780437867635,0.9570387515696896,2,-0.6682574493739278,0,0,-1.6611379261804018,1
3108,6,0.23335064888652038,1.3893392220629235,0.7474887539431309,-1.4927330336371867,4,0.7577085210419187,1,0,-1.0187631732655755,3
3109,4,0.30995251485512954,0.3914099484132469,-0.5823747228791295,0.3303529460516515,3,0.9161491844214572,0,0,-0.41417517052220976,2
3110,4,0.30995251485512954,0.3914099484132469,1.498086544542198,-1.4927330336371867,4,-0.19293545923531236,0,0,-0.8676161725797341,3
3111,6,0.23335064888652038,1.3893392220629235,-0.39472527522936274,-0.06844711200528185,0,-0.6682574493739278,1,0,-0.7920426722368133,2
3112,10,-0.17336878232770134,-0.10715455638531189,-1.0882123643698052,0.786124440973861,3,2.3421151548373036,0,0,1.097294836336205,1
3113,4,0.30995251485512954,0.3914099484132469,1.4205791639912073,-1.4927330336371867,3,1.866793164698688,1,1,0.11483933187823536,3
3114,6,0.23335064888652038,1.3893392220629235,1.2370090521599137,-1.4927330336371867,3,-0.5098167859943894,1,0,0.5682803339357597,3
3115,0,0.6473654959072578,0.16733601367230244,0.8943448434081657,-1.0939329755802534,3,1.7083525013191496,0,0,-0.9054029227511945,3
3116,0,0.6473654959072578,0.16733601367230244,-1.3900832149368214,1.070981625300242,4,1.2330305111805342,0,1,-0.07409441897906646,1
3117,14,0.9264151505071309,0.868367323790327,0.5435219630194713,-0.7521043543885961,4,-0.5098167859943894,0,0,-0.6031089213795116,0
3118,5,-0.47612853829875046,-1.599647014570184,0.7352507464877113,-1.4927330336371867,4,1.2330305111805342,1,1,-0.1496679193219872,3
3119,9,1.3623162449474802,-0.524092127813878,1.1472636641535037,-1.321818723041358,3,0.7577085210419187,0,0,0.4171333332499183,3
3120,9,1.3623162449474802,-0.524092127813878,1.2166123730675478,-1.4927330336371867,0,-0.6682574493739278,1,0,-0.036307668807606094,3
3121,6,0.23335064888652038,1.3893392220629235,-1.0107049838188147,0.5582386935127562,1,-0.6682574493739278,1,0,-1.2076969241228774,1
3122,14,0.9264151505071309,0.868367323790327,-1.5695739909496418,1.9255531782793849,2,-0.6682574493739278,0,1,-1.3966306749801791,1
3123,3,-1.4828959196003133,-1.3459633098813757,-0.3661699245000504,0.10246719859054672,3,1.549911837939611,0,1,0.492706833592839,2
3124,1,-0.24814679434461676,0.6210857315226723,-1.638922699863686,1.982524615144661,2,-0.6682574493739278,0,0,0.7572140847930615,1
3125,11,-1.7838318216197984,-1.4067833778824486,0.9922489030515222,-1.1509044124455294,3,1.3914711745600725,0,0,1.097294836336205,3
3126,10,-0.17336878232770134,-0.10715455638531189,-0.16628246939486402,-0.06844711200528185,4,0.12394586752376466,0,1,-0.3763884203507494,2
3127,12,-2.008165857670674,1.9735319804944969,-1.5165426253094902,1.8685817414141086,1,-0.6682574493739278,0,0,-1.6611379261804018,1
3128,3,-1.4828959196003133,-1.3459633098813757,1.3593891267141096,-1.4927330336371867,1,-0.6682574493739278,1,0,-0.7920426722368133,3
3129,12,-2.008165857670674,1.9735319804944969,-0.5211846856020317,-0.5811900437927676,3,0.2823865309033032,1,0,1.3618020875364274,0
3130,7,-0.383111986765481,-1.2515321516691895,-1.2187511105609474,1.5837245570877276,2,-0.6682574493739278,0,0,-1.358843924808719,1
3131,8,0.6510132038105156,-0.21519020349247783,1.090152962694879,-0.5811900437927676,2,-0.6682574493739278,0,1,0.26598633256407683,3
3132,11,-1.7838318216197984,-1.4067833778824486,-1.5450979760388026,1.8685817414141086,2,-0.6682574493739278,0,0,-0.48974867086513046,1
3133,13,-0.12047701773033298,0.5410593262580249,1.1554223357904498,-0.6381614806580438,1,-0.6682574493739278,0,0,0.4171333332499183,3
3134,12,-2.008165857670674,1.9735319804944969,0.12335037371673256,0.3303529460516515,2,-0.6682574493739278,0,0,1.7018828390795706,2
3135,3,-1.4828959196003133,-1.3459633098813757,-0.32945590213379167,0.7291530041085849,2,-0.6682574493739278,0,1,-0.2252414196649079,1
3136,10,-0.17336878232770134,-0.10715455638531189,0.9514555448667904,-1.321818723041358,1,-0.6682574493739278,1,0,-0.754255922065353,3
3137,7,-0.383111986765481,-1.2515321516691895,0.4007452093729096,-0.6381614806580438,3,-0.5098167859943894,0,1,-0.9431896729226549,0
3138,12,-2.008165857670674,1.9735319804944969,-1.1657197449207959,-0.011475675140005663,3,0.4408271942828417,1,0,-0.754255922065353,2
3139,5,-0.47612853829875046,-1.599647014570184,-0.9495149465417168,0.6721815672433087,3,0.12394586752376466,0,0,-0.11188116915052682,1
3140,14,0.9264151505071309,0.868367323790327,-0.5130260139650853,0.04549576172527053,0,-0.6682574493739278,1,0,0.8705743353074427,2
3141,4,0.30995251485512954,0.3914099484132469,1.4368965072651,-0.8660472281191486,2,-0.6682574493739278,0,1,1.2484418370220463,3
3142,10,-0.17336878232770134,-0.10715455638531189,0.0009702991625368165,-1.0939329755802534,4,1.866793164698688,1,0,0.039265831535314634,3
3143,5,-0.47612853829875046,-1.599647014570184,0.7107747315768721,-1.4927330336371867,4,-0.03449479585577385,1,1,1.5507358383937293,3
3144,1,-0.24814679434461676,0.6210857315226723,1.5225625594530372,-1.4927330336371867,3,0.12394586752376466,0,0,0.07705258170677501,3
3145,7,-0.383111986765481,-1.2515321516691895,0.6414260226628279,-0.8090757912538723,3,1.866793164698688,0,1,-1.585564425837481,0
3146,7,-0.383111986765481,-1.2515321516691895,-0.7292308123441644,0.27338150918637527,2,-0.6682574493739278,1,0,-0.6786824217224323,2
3147,10,-0.17336878232770134,-0.10715455638531189,0.25796845572634786,0.2164100723210991,1,-0.6682574493739278,0,0,0.8327875851359823,2
3148,3,-1.4828959196003133,-1.3459633098813757,0.7882821121278627,-0.9799901018497009,3,-0.5098167859943894,0,0,-1.0943366736084963,3
3149,15,1.2547088618011146,0.6610989341549391,0.08255701553200064,-0.4672471700622152,1,-0.6682574493739278,1,0,0.3793465830784579,0
3150,15,1.2547088618011146,0.6610989341549391,0.22125443336008915,0.2164100723210991,2,-0.6682574493739278,0,0,0.3793465830784579,2
3151,10,-0.17336878232770134,-0.10715455638531189,0.45785591083153426,0.04549576172527053,1,-0.6682574493739278,0,0,-0.7920426722368133,2
3152,10,-0.17336878232770134,-0.10715455638531189,-0.1785204768502836,0.6152101303780324,2,-0.6682574493739278,0,1,1.6640960889081102,1
3153,2,0.9902500388142728,-0.3176240022311628,1.0860736268764057,-1.2648472861760818,4,2.500555818216842,0,0,-1.0187631732655755,3
3154,10,-0.17336878232770134,-0.10715455638531189,-0.4967086706911925,0.2164100723210991,3,1.0745898478009956,0,0,0.6438538342786805,2
3155,1,-0.24814679434461676,0.6210857315226723,0.25388911990787466,0.2164100723210991,2,-0.6682574493739278,0,1,1.1728683366791255,2
3156,0,0.6473654959072578,0.16733601367230244,-1.1412437300099567,-0.011475675140005663,3,0.5992678576623801,1,1,-0.3763884203507494,2
3157,14,0.9264151505071309,0.868367323790327,-1.4104798940291874,1.070981625300242,4,1.7083525013191496,0,0,-0.6408956715509719,1
3158,11,-1.7838318216197984,-1.4067833778824486,-1.210592438924001,1.5837245570877276,1,-0.6682574493739278,0,0,1.1728683366791255,1
3159,5,-0.47612853829875046,-1.599647014570184,0.9392175374113708,-0.410275733196939,0,-0.6682574493739278,0,0,1.4751623380508085,3
3160,3,-1.4828959196003133,-1.3459633098813757,-0.8964835809015652,1.2988673727613467,0,-0.6682574493739278,0,0,-1.0187631732655755,1
3161,13,-0.12047701773033298,0.5410593262580249,-0.5619780437867635,0.27338150918637527,3,0.7577085210419187,0,0,1.4751623380508085,2
3162,6,0.23335064888652038,1.3893392220629235,0.35995185118817763,0.10246719859054672,1,-0.6682574493739278,0,0,0.15262608204969574,2
3163,14,0.9264151505071309,0.868367323790327,0.5190459481086321,-0.8660472281191486,1,-0.6682574493739278,1,0,0.039265831535314634,0
3164,3,-1.4828959196003133,-1.3459633098813757,0.988169567233049,-1.1509044124455294,3,-0.03449479585577385,0,1,1.3995888377078878,3
3165,4,0.30995251485512954,0.3914099484132469,0.5068079406532126,-0.011475675140005663,2,-0.6682574493739278,0,0,1.135081586507665,2
3166,3,-1.4828959196003133,-1.3459633098813757,-1.2269097821978938,0.9000673147044134,3,1.549911837939611,0,0,-0.6408956715509719,1
3167,1,-0.24814679434461676,0.6210857315226723,0.5108872764716857,-0.69513291752332,4,-0.03449479585577385,0,0,0.8327875851359823,0
3168,4,0.30995251485512954,0.3914099484132469,-1.532859968583383,0.3303529460516515,3,0.12394586752376466,1,0,0.8705743353074427,2
3169,14,0.9264151505071309,0.868367323790327,-1.210592438924001,1.5837245570877276,0,-0.6682574493739278,0,0,0.6816405844501409,1
3170,1,-0.24814679434461676,0.6210857315226723,0.6822193808475597,-1.036961538714977,1,-0.6682574493739278,1,0,1.097294836336205,3
3171,14,0.9264151505071309,0.868367323790327,-0.6639614392485934,0.38732438291692767,4,0.4408271942828417,0,0,0.6438538342786805,2
3172,1,-0.24814679434461676,0.6210857315226723,-0.04798173065914148,-0.3533042963316628,2,-0.6682574493739278,1,0,-0.11188116915052682,2
3173,1,-0.24814679434461676,0.6210857315226723,-0.37840793195546996,0.10246719859054672,3,2.3421151548373036,0,0,-0.7920426722368133,2
3174,13,-0.12047701773033298,0.5410593262580249,1.5348005669084568,-1.4927330336371867,4,2.0252338280782265,0,0,1.512949088222269,3
3175,2,0.9902500388142728,-0.3176240022311628,1.1554223357904498,-0.6381614806580438,0,-0.6682574493739278,0,0,0.9839345858218238,3
3176,3,-1.4828959196003133,-1.3459633098813757,0.6414260226628279,-1.4927330336371867,4,0.9161491844214572,1,0,1.1728683366791255,3
3177,3,-1.4828959196003133,-1.3459633098813757,-0.6680407750670666,0.38732438291692767,4,0.7577085210419187,0,1,1.512949088222269,2
3178,1,-0.24814679434461676,0.6210857315226723,-0.4885499990542461,0.04549576172527053,1,-0.6682574493739278,1,0,-0.3763884203507494,2
3179,0,0.6473654959072578,0.16733601367230244,0.9555348806852636,-1.1509044124455294,3,-0.19293545923531236,0,0,0.15262608204969574,3
3180,10,-0.17336878232770134,-0.10715455638531189,-0.38248726777394315,0.786124440973861,1,-0.6682574493739278,0,1,-0.8298294224082737,1
3181,0,0.6473654959072578,0.16733601367230244,-1.3778452074814018,1.070981625300242,4,-0.19293545923531236,0,1,-1.2454836742943378,1
3182,15,1.2547088618011146,0.6610989341549391,-0.34985258122615764,-0.7521043543885961,3,2.183674491457765,1,1,-0.5653221712080512,0
3183,5,-0.47612853829875046,-1.599647014570184,0.07031900807658106,0.38732438291692767,1,-0.6682574493739278,0,1,1.5507358383937293,2
3184,8,0.6510132038105156,-0.21519020349247783,-0.30497988722295255,0.7291530041085849,1,-0.6682574493739278,0,0,-0.7920426722368133,1
3185,12,-2.008165857670674,1.9735319804944969,0.5231252839271053,-0.06844711200528185,0,-0.6682574493739278,0,0,-0.9054029227511945,2
3186,4,0.30995251485512954,0.3914099484132469,-0.7006754616148521,1.070981625300242,0,-0.6682574493739278,0,0,1.2106550868505859,1
3187,14,0.9264151505071309,0.868367323790327,0.4333798959206951,-0.8090757912538723,0,-0.6682574493739278,1,0,1.324015337364967,0
3188,12,-2.008165857670674,1.9735319804944969,-1.1086090434621712,1.4697816833571753,0,-0.6682574493739278,0,0,0.6438538342786805,1
3189,13,-0.12047701773033298,0.5410593262580249,-0.06021973811456105,0.5012672566474801,0,-0.6682574493739278,0,0,0.1904128322211561,1
3190,15,1.2547088618011146,0.6610989341549391,0.9718522239591564,-1.4927330336371867,3,1.549911837939611,1,1,0.7950008349645219,3
3191,13,-0.12047701773033298,0.5410593262580249,-0.655802767611647,1.070981625300242,2,-0.6682574493739278,0,0,-1.056549923437036,1
3192,12,-2.008165857670674,1.9735319804944969,-0.8312142078059942,1.2418959358960706,1,-0.6682574493739278,0,0,0.7950008349645219,1
3193,14,0.9264151505071309,0.868367323790327,0.4700939182869538,-0.011475675140005663,2,-0.6682574493739278,0,1,-1.3210571746372586,2
3194,1,-0.24814679434461676,0.6210857315226723,-1.5165426253094902,1.8685817414141086,2,-0.6682574493739278,0,0,1.6640960889081102,1
3195,11,-1.7838318216197984,-1.4067833778824486,0.8657894926788534,-1.036961538714977,4,1.866793164698688,0,0,1.5885225885651897,3
3196,4,0.30995251485512954,0.3914099484132469,0.8453928135864874,-0.3533042963316628,1,-0.6682574493739278,0,0,-1.585564425837481,2
3197,2,0.9902500388142728,-0.3176240022311628,-0.02758505156677552,0.4442958197822039,1,-0.6682574493739278,0,0,0.5682803339357597,2
3198,5,-0.47612853829875046,-1.599647014570184,0.5720773137487836,-0.9230186649844248,0,-0.6682574493739278,1,1,0.5304935837642993,0
3199,11,-1.7838318216197984,-1.4067833778824486,-0.10917176793623935,-0.12541854887055803,4,0.4408271942828417,0,0,-0.036307668807606094,2
3200,8,0.6510132038105156,-0.21519020349247783,0.4089038810098559,-0.6381614806580438,3,2.0252338280782265,0,0,-1.4344174251516395,0
3201,12,-2.008165857670674,1.9735319804944969,-0.035743723203721905,-0.3533042963316628,1,-0.6682574493739278,1,0,0.8327875851359823,2
3202,14,0.9264151505071309,0.868367323790327,0.6903780524845061,-1.036961538714977,1,-0.6682574493739278,1,0,-1.4344174251516395,3
3203,5,-0.47612853829875046,-1.599647014570184,-1.2269097821978938,0.9000673147044134,3,-0.5098167859943894,0,0,-1.2454836742943378,1
3204,4,0.30995251485512954,0.3914099484132469,1.1758190148828158,-1.321818723041358,4,-0.5098167859943894,0,0,-0.5653221712080512,3
3205,11,-1.7838318216197984,-1.4067833778824486,-0.30905922304142575,0.7291530041085849,2,-0.6682574493739278,0,0,-1.585564425837481,1
3206,12,-2.008165857670674,1.9735319804944969,0.35587251536970443,0.10246719859054672,0,-0.6682574493739278,0,1,-1.169910173951417,2
3207,7,-0.383111986765481,-1.2515321516691895,1.306357761073958,-1.4357615967719104,3,1.3914711745600725,0,0,-0.338601670179289,3
3208,10,-0.17336878232770134,-0.10715455638531189,0.8045994554017555,-0.9799901018497009,3,1.7083525013191496,0,0,1.324015337364967,3
3209,6,0.23335064888652038,1.3893392220629235,-0.37432859613699676,0.786124440973861,1,-0.6682574493739278,0,0,-1.358843924808719,1
3210,0,0.6473654959072578,0.16733601367230244,-1.2840204836565183,1.640695993953004,2,-0.6682574493739278,0,0,0.9461478356503634,1
3211,8,0.6510132038105156,-0.21519020349247783,0.13150904535367894,-0.3533042963316628,4,0.7577085210419187,0,1,-1.6233511760089414,2
3212,1,-0.24814679434461676,0.6210857315226723,-1.5369393044018562,1.1849244990307943,3,0.7577085210419187,0,0,0.6816405844501409,1
3213,6,0.23335064888652038,1.3893392220629235,-1.638922699863686,1.982524615144661,0,-0.6682574493739278,0,1,-0.2630281698363683,1
3214,13,-0.12047701773033298,0.5410593262580249,1.4164998281727341,-1.4927330336371867,3,1.7083525013191496,1,0,0.15262608204969574,3
3215,13,-0.12047701773033298,0.5410593262580249,1.62862529073334,-1.4927330336371867,4,-0.35137612261485085,0,0,-0.5653221712080512,3
3216,13,-0.12047701773033298,0.5410593262580249,1.0779149552394593,-0.5811900437927676,2,-0.6682574493739278,0,0,0.908361085478903,3
3217,9,1.3623162449474802,-0.524092127813878,-1.5247012969464366,1.1849244990307943,3,-0.19293545923531236,0,0,-0.9431896729226549,1
3218,2,0.9902500388142728,-0.3176240022311628,-0.2641865290382206,-0.18238998573583423,0,-0.6682574493739278,1,0,-1.0943366736084963,2
3219,0,0.6473654959072578,0.16733601367230244,1.220691708886021,-0.69513291752332,0,-0.6682574493739278,0,0,-1.0943366736084963,3
3220,1,-0.24814679434461676,0.6210857315226723,0.5924739928411495,-0.12541854887055803,1,-0.6682574493739278,0,0,0.26598633256407683,2
3221,15,1.2547088618011146,0.6610989341549391,1.2492470596153333,-1.4927330336371867,1,-0.6682574493739278,1,0,-0.30081492000782867,3
3222,6,0.23335064888652038,1.3893392220629235,-1.4267972373030802,1.070981625300242,3,0.4408271942828417,0,0,-0.48974867086513046,1
3223,2,0.9902500388142728,-0.3176240022311628,-0.32537656631531847,0.7291530041085849,0,-0.6682574493739278,0,0,-1.2454836742943378,1
3224,6,0.23335064888652038,1.3893392220629235,1.1839776865197622,-0.6381614806580438,1,-0.6682574493739278,0,1,1.135081586507665,3
3225,11,-1.7838318216197984,-1.4067833778824486,0.5149666122901589,-0.011475675140005663,1,-0.6682574493739278,0,0,0.11483933187823536,2
3226,0,0.6473654959072578,0.16733601367230244,0.8209167986756483,-0.2963328594663866,2,-0.6682574493739278,0,0,-0.6031089213795116,2
3227,2,0.9902500388142728,-0.3176240022311628,-1.3533691925705627,1.6976674308182802,0,-0.6682574493739278,0,0,0.5682803339357597,1
3228,1,-0.24814679434461676,0.6210857315226723,-0.30905922304142575,0.7291530041085849,0,-0.6682574493739278,0,1,1.2484418370220463,1
3229,15,1.2547088618011146,0.6610989341549391,-1.3533691925705627,0.8430958778391372,2,-0.6682574493739278,1,1,0.7950008349645219,1
3230,4,0.30995251485512954,0.3914099484132469,-0.10509243211776616,-0.12541854887055803,4,0.4408271942828417,0,0,1.0217213359932842,2
3231,10,-0.17336878232770134,-0.10715455638531189,-0.14588579030249807,-0.12541854887055803,3,2.183674491457765,0,1,0.039265831535314634,2
3232,0,0.6473654959072578,0.16733601367230244,0.8127581270387019,-1.4927330336371867,4,1.3914711745600725,1,0,-0.754255922065353,3
3233,3,-1.4828959196003133,-1.3459633098813757,-0.19075848430570316,-0.06844711200528185,4,0.9161491844214572,0,0,1.0595080861647446,2
3234,15,1.2547088618011146,0.6610989341549391,-0.19891715594264955,-0.06844711200528185,4,2.0252338280782265,0,0,0.8327875851359823,2
3235,8,0.6510132038105156,-0.21519020349247783,-0.9168802599939312,1.2988673727613467,0,-0.6682574493739278,0,1,0.8327875851359823,1
3236,2,0.9902500388142728,-0.3176240022311628,1.7061326712843308,-1.1509044124455294,0,-0.6682574493739278,0,0,-0.7164691718938927,3
3237,3,-1.4828959196003133,-1.3459633098813757,-1.063736349458966,0.7291530041085849,3,2.183674491457765,0,0,0.6060670841072201,1
3238,14,0.9264151505071309,0.868367323790327,-1.4594319238508657,1.1279530621655183,3,-0.19293545923531236,0,0,-0.18745466949344755,1
3239,15,1.2547088618011146,0.6610989341549391,0.5394426272009981,-0.06844711200528185,2,-0.6682574493739278,0,1,-1.1321234237799567,2
3240,10,-0.17336878232770134,-0.10715455638531189,-0.6313267527008078,0.3303529460516515,4,0.2823865309033032,0,1,-0.6786824217224323,2
3241,2,0.9902500388142728,-0.3176240022311628,0.45785591083153426,0.04549576172527053,2,-0.6682574493739278,0,0,-1.3966306749801791,2
3242,2,0.9902500388142728,-0.3176240022311628,0.09071568716894703,0.38732438291692767,0,-0.6682574493739278,0,0,0.07705258170677501,2
3243,1,-0.24814679434461676,0.6210857315226723,0.9922489030515222,-0.4672471700622152,2,-0.6682574493739278,0,0,0.6060670841072201,3
3244,9,1.3623162449474802,-0.524092127813878,-0.2641865290382206,0.6721815672433087,1,-0.6682574493739278,0,1,0.3793465830784579,1
3245,12,-2.008165857670674,1.9735319804944969,-1.700112737140784,2.0394960520099374,1,-0.6682574493739278,0,1,0.7572140847930615,1
3246,6,0.23335064888652038,1.3893392220629235,1.1554223357904498,-1.4927330336371867,1,-0.6682574493739278,1,1,0.8327875851359823,3
3247,8,0.6510132038105156,-0.21519020349247783,1.6163872832779205,-1.036961538714977,0,-0.6682574493739278,0,0,0.5682803339357597,3
3248,8,0.6510132038105156,-0.21519020349247783,-0.25194852158280107,-0.011475675140005663,4,2.183674491457765,0,0,1.7018828390795706,2
3249,12,-2.008165857670674,1.9735319804944969,1.518483223634564,-1.4927330336371867,3,0.12394586752376466,0,0,-0.30081492000782867,3
3250,9,1.3623162449474802,-0.524092127813878,-1.1126883792806443,-0.06844711200528185,3,0.5992678576623801,1,1,-0.036307668807606094,2
3251,11,-1.7838318216197984,-1.4067833778824486,0.04176365734726873,-0.2963328594663866,3,1.3914711745600725,0,1,0.8705743353074427,2
3252,9,1.3623162449474802,-0.524092127813878,-0.6150094094269151,1.0140101884349657,1,-0.6682574493739278,0,0,0.8327875851359823,1
3253,10,-0.17336878232770134,-0.10715455638531189,0.8902655075896925,-1.0939329755802534,3,0.4408271942828417,0,0,0.6060670841072201,3
3254,8,0.6510132038105156,-0.21519020349247783,-0.4967086706911925,0.9000673147044134,1,-0.6682574493739278,0,0,1.324015337364967,1
3255,4,0.30995251485512954,0.3914099484132469,0.19677841844925,-0.410275733196939,4,-0.03449479585577385,0,0,0.8705743353074427,0
3256,14,0.9264151505071309,0.868367323790327,-0.14996512612097126,0.5582386935127562,0,-0.6682574493739278,0,0,-0.5275354210365908,1
3257,7,-0.383111986765481,-1.2515321516691895,-1.6430020356821593,1.982524615144661,0,-0.6682574493739278,0,1,1.2106550868505859,1
3258,10,-0.17336878232770134,-0.10715455638531189,-1.4145592298476606,1.7546388676835563,2,-0.6682574493739278,0,0,0.15262608204969574,1
3259,9,1.3623162449474802,-0.524092127813878,-1.341131185115143,0.1594386354558229,4,0.7577085210419187,1,1,-0.5653221712080512,2
3260,13,-0.12047701773033298,0.5410593262580249,-0.4069632826847823,0.8430958778391372,0,-0.6682574493739278,0,0,0.4171333332499183,1
3261,7,-0.383111986765481,-1.2515321516691895,0.20901642590466957,0.27338150918637527,1,-0.6682574493739278,0,0,0.8327875851359823,2
3262,9,1.3623162449474802,-0.524092127813878,-1.1126883792806443,-0.06844711200528185,4,0.4408271942828417,1,1,1.324015337364967,2
3263,8,0.6510132038105156,-0.21519020349247783,0.2946824780926066,-1.3787901599066343,3,0.5992678576623801,1,1,-1.056549923437036,3
3264,2,0.9902500388142728,-0.3176240022311628,0.5843153212042032,-0.12541854887055803,1,-0.6682574493739278,0,0,0.9461478356503634,2
3265,10,-0.17336878232770134,-0.10715455638531189,0.27428579900024064,-0.4672471700622152,3,0.4408271942828417,0,0,-1.6611379261804018,0
3266,6,0.23335064888652038,1.3893392220629235,0.4170625526468023,0.04549576172527053,2,-0.6682574493739278,0,0,1.5885225885651897,2
3267,1,-0.24814679434461676,0.6210857315226723,0.3966658735544364,-0.5811900437927676,4,-0.5098167859943894,0,1,0.3793465830784579,0
3268,12,-2.008165857670674,1.9735319804944969,-0.04390239484066829,-0.3533042963316628,1,-0.6682574493739278,1,0,0.26598633256407683,2
3269,7,-0.383111986765481,-1.2515321516691895,1.7387673578321163,-1.4927330336371867,4,0.5992678576623801,1,0,1.3995888377078878,3
3270,8,0.6510132038105156,-0.21519020349247783,0.2416511124524551,0.2164100723210991,0,-0.6682574493739278,0,0,0.7950008349645219,2
3271,2,0.9902500388142728,-0.3176240022311628,0.6169500077519887,-0.12541854887055803,2,-0.6682574493739278,0,0,0.11483933187823536,2
3272,15,1.2547088618011146,0.6610989341549391,1.5225625594530372,-0.9799901018497009,1,-0.6682574493739278,0,0,0.22819958239261645,3
3273,14,0.9264151505071309,0.868367323790327,1.649021969825706,-1.4927330336371867,4,1.866793164698688,0,1,0.492706833592839,3
3274,0,0.6473654959072578,0.16733601367230244,1.6857359921919648,-1.1509044124455294,0,-0.6682574493739278,0,0,1.512949088222269,3
3275,6,0.23335064888652038,1.3893392220629235,-1.230989118016367,0.7291530041085849,2,-0.6682574493739278,1,1,1.1728683366791255,1
3276,11,-1.7838318216197984,-1.4067833778824486,0.033604985710322346,0.38732438291692767,1,-0.6682574493739278,0,0,-0.6786824217224323,2
3277,3,-1.4828959196003133,-1.3459633098813757,0.6822193808475597,-0.8660472281191486,4,2.3421151548373036,0,0,-0.4519619206936701,0
3278,14,0.9264151505071309,0.868367323790327,1.0656769477840398,-1.2078758493108057,3,1.3914711745600725,0,0,1.4751623380508085,3
3279,4,0.30995251485512954,0.3914099484132469,1.326754440166324,-1.4927330336371867,3,2.183674491457765,1,0,-1.5099909254945603,3
3280,12,-2.008165857670674,1.9735319804944969,-0.8148968645321014,0.5012672566474801,3,2.0252338280782265,0,0,0.7572140847930615,1
3281,2,0.9902500388142728,-0.3176240022311628,0.7638060972170236,-1.0939329755802534,2,-0.6682574493739278,1,0,0.9839345858218238,3
3282,15,1.2547088618011146,0.6610989341549391,-0.6476440959747006,1.070981625300242,2,-0.6682574493739278,0,1,-0.7164691718938927,1
3283,13,-0.12047701773033298,0.5410593262580249,-1.7123507445962036,1.355838809626623,4,0.2823865309033032,0,0,-1.0187631732655755,1
3284,4,0.30995251485512954,0.3914099484132469,1.3961031490803681,-1.4927330336371867,3,0.4408271942828417,1,1,-0.9431896729226549,3
3285,1,-0.24814679434461676,0.6210857315226723,0.6455053584813011,-0.8660472281191486,4,-0.03449479585577385,0,1,0.6060670841072201,0
3286,12,-2.008165857670674,1.9735319804944969,0.8168374628571751,-0.2963328594663866,1,-0.6682574493739278,0,0,1.5507358383937293,2
3287,3,-1.4828959196003133,-1.3459633098813757,-0.6925167899779057,0.2164100723210991,1,-0.6682574493739278,1,0,0.07705258170677501,2
3288,0,0.6473654959072578,0.16733601367230244,0.27428579900024064,0.2164100723210991,1,-0.6682574493739278,0,0,-1.6611379261804018,2
3289,9,1.3623162449474802,-0.524092127813878,1.3226751043478508,-1.4927330336371867,3,1.7083525013191496,1,0,-1.6989246763518622,3
3290,11,-1.7838318216197984,-1.4067833778824486,1.200295029793655,-1.4927330336371867,0,-0.6682574493739278,1,0,-1.169910173951417,3
3291,11,-1.7838318216197984,-1.4067833778824486,0.4782525899239002,-0.011475675140005663,1,-0.6682574493739278,0,0,0.0014790813638542722,2
3292,14,0.9264151505071309,0.868367323790327,1.261485067070753,-0.7521043543885961,1,-0.6682574493739278,0,0,1.6640960889081102,3
3293,0,0.6473654959072578,0.16733601367230244,-0.2152344992165423,-0.18238998573583423,0,-0.6682574493739278,1,0,-1.6233511760089414,2
3294,2,0.9902500388142728,-0.3176240022311628,-1.4390352447584998,0.27338150918637527,3,0.2823865309033032,1,0,-1.056549923437036,2
3295,10,-0.17336878232770134,-0.10715455638531189,-0.5334226930574513,0.9570387515696896,1,-0.6682574493739278,0,0,-1.6611379261804018,1
3296,9,1.3623162449474802,-0.524092127813878,0.8290754703125947,-1.036961538714977,3,2.500555818216842,0,1,-0.48974867086513046,3
3297,1,-0.24814679434461676,0.6210857315226723,0.45785591083153426,0.04549576172527053,0,-0.6682574493739278,0,0,-1.5477776756660206,2
3298,10,-0.17336878232770134,-0.10715455638531189,-1.6919540655038376,0.5012672566474801,3,0.9161491844214572,1,0,-1.358843924808719,1
3299,3,-1.4828959196003133,-1.3459633098813757,1.2900404178000653,-1.4357615967719104,4,2.183674491457765,0,0,-0.2252414196649079,3
3300,8,0.6510132038105156,-0.21519020349247783,-0.8638488943537798,0.5582386935127562,4,2.500555818216842,0,0,0.26598633256407683,1
3301,10,-0.17336878232770134,-0.10715455638531189,1.6204666190963937,-1.4927330336371867,3,2.3421151548373036,1,1,0.908361085478903,3
3302,14,0.9264151505071309,0.868367323790327,-1.1861164240131619,0.8430958778391372,4,-0.35137612261485085,0,0,1.7018828390795706,1
3303,3,-1.4828959196003133,-1.3459633098813757,-0.443677305051041,0.1594386354558229,4,1.7083525013191496,0,0,1.2106550868505859,2
3304,1,-0.24814679434461676,0.6210857315226723,0.6291880152074083,-1.4927330336371867,3,1.7083525013191496,1,1,-1.4722041753230999,3
3305,4,0.30995251485512954,0.3914099484132469,1.3389924476217436,-0.8090757912538723,1,-0.6682574493739278,0,1,0.5304935837642993,3
3306,7,-0.383111986765481,-1.2515321516691895,0.6373466868443547,-0.8090757912538723,4,2.183674491457765,0,0,-0.754255922065353,0
3307,1,-0.24814679434461676,0.6210857315226723,0.984090231414576,-0.4672471700622152,2,-0.6682574493739278,0,0,-1.5099909254945603,3
3308,6,0.23335064888652038,1.3893392220629235,0.3844278660990168,-0.7521043543885961,2,-0.6682574493739278,1,0,-0.7920426722368133,0
3309,10,-0.17336878232770134,-0.10715455638531189,-0.6965961257963789,0.38732438291692767,3,1.7083525013191496,0,1,-1.585564425837481,2
3310,5,-0.47612853829875046,-1.599647014570184,0.3803485302805436,0.10246719859054672,0,-0.6682574493739278,0,0,-0.4519619206936701,2
3311,10,-0.17336878232770134,-0.10715455638531189,-1.084133028551332,1.4697816833571753,2,-0.6682574493739278,0,0,-1.3966306749801791,1
3312,5,-0.47612853829875046,-1.599647014570184,1.0452802686916738,-1.2078758493108057,4,2.183674491457765,0,1,0.5304935837642993,3
3313,8,0.6510132038105156,-0.21519020349247783,0.28244447063718703,-0.5242186069274913,3,1.2330305111805342,0,0,-1.585564425837481,0
3314,14,0.9264151505071309,0.868367323790327,0.8780275001342729,-0.3533042963316628,0,-0.6682574493739278,0,1,-0.48974867086513046,2
3315,8,0.6510132038105156,-0.21519020349247783,-0.11733043957318573,-0.9799901018497009,3,2.183674491457765,1,1,0.6060670841072201,3
3316,10,-0.17336878232770134,-0.10715455638531189,-0.2805038723121134,0.7291530041085849,2,-0.6682574493739278,0,0,-1.3210571746372586,1
3317,6,0.23335064888652038,1.3893392220629235,-1.6062880133159005,1.2418959358960706,4,1.7083525013191496,0,1,1.4751623380508085,1
3318,9,1.3623162449474802,-0.524092127813878,-1.487987274580178,1.1279530621655183,3,1.0745898478009956,0,0,0.9839345858218238,1
3319,6,0.23335064888652038,1.3893392220629235,-0.7741035063473696,1.1849244990307943,1,-0.6682574493739278,0,1,1.6640960889081102,1
3320,1,-0.24814679434461676,0.6210857315226723,-0.4518359766879874,0.1594386354558229,4,-0.19293545923531236,0,0,0.26598633256407683,2
3321,8,0.6510132038105156,-0.21519020349247783,0.6740607092106133,-0.18238998573583423,0,-0.6682574493739278,0,0,1.5885225885651897,2
3322,5,-0.47612853829875046,-1.599647014570184,0.8494721494049606,-0.3533042963316628,0,-0.6682574493739278,0,0,1.2106550868505859,2
3323,9,1.3623162449474802,-0.524092127813878,-0.33353523795226486,0.7291530041085849,2,-0.6682574493739278,0,0,0.6816405844501409,1
3324,10,-0.17336878232770134,-0.10715455638531189,-1.2350684538348402,0.9000673147044134,3,-0.19293545923531236,0,0,-0.6408956715509719,1
3325,0,0.6473654959072578,0.16733601367230244,-0.5252640214205049,0.27338150918637527,4,2.500555818216842,0,0,0.9461478356503634,2
3326,14,0.9264151505071309,0.868367323790327,1.114628977605718,-0.5811900437927676,2,-0.6682574493739278,0,0,-0.9431896729226549,3
3327,0,0.6473654959072578,0.16733601367230244,-0.786341513802789,0.3303529460516515,2,-0.6682574493739278,1,0,-1.4722041753230999,2
3328,9,1.3623162449474802,-0.524092127813878,1.5837525967301351,-1.4927330336371867,4,0.9161491844214572,0,0,0.1904128322211561,3
3329,8,0.6510132038105156,-0.21519020349247783,0.6699813733921401,-0.18238998573583423,0,-0.6682574493739278,0,1,-1.2076969241228774,2
3330,7,-0.383111986765481,-1.2515321516691895,0.4700939182869538,-0.8660472281191486,0,-0.6682574493739278,1,0,-0.07409441897906646,0
3331,14,0.9264151505071309,0.868367323790327,1.5470385743638764,-1.4927330336371867,2,-0.6682574493739278,1,1,-0.48974867086513046,3
3332,5,-0.47612853829875046,-1.599647014570184,-0.7985795212582086,0.5012672566474801,4,1.2330305111805342,0,1,-1.3210571746372586,1
3333,0,0.6473654959072578,0.16733601367230244,1.1513429999719769,-1.4927330336371867,1,-0.6682574493739278,1,0,-1.585564425837481,3
3334,9,1.3623162449474802,-0.524092127813878,1.2941197536185385,-0.7521043543885961,1,-0.6682574493739278,0,1,-1.358843924808719,3
3335,3,-1.4828959196003133,-1.3459633098813757,-0.6027714019714955,0.3303529460516515,4,1.866793164698688,0,1,-1.0943366736084963,2
3336,2,0.9902500388142728,-0.3176240022311628,0.31507915718497254,0.1594386354558229,0,-0.6682574493739278,0,1,-0.4519619206936701,2
3337,6,0.23335064888652038,1.3893392220629235,1.1391049925165573,-1.321818723041358,4,2.0252338280782265,0,0,-0.4519619206936701,3
3338,7,-0.383111986765481,-1.2515321516691895,1.6571806414626524,-1.4927330336371867,3,0.5992678576623801,1,0,-0.9431896729226549,3
3339,15,1.2547088618011146,0.6610989341549391,1.2288503805229674,-1.3787901599066343,3,0.4408271942828417,0,0,-1.6989246763518622,3
3340,8,0.6510132038105156,-0.21519020349247783,0.17638173935688403,-1.2648472861760818,3,1.7083525013191496,1,0,-0.9431896729226549,3
3341,9,1.3623162449474802,-0.524092127813878,-1.6837953938668913,2.0394960520099374,1,-0.6682574493739278,0,0,0.11483933187823536,1
3342,4,0.30995251485512954,0.3914099484132469,1.412420492354261,-0.8660472281191486,0,-0.6682574493739278,0,0,1.3618020875364274,3
3343,10,-0.17336878232770134,-0.10715455638531189,0.8086787912202287,-0.2963328594663866,2,-0.6682574493739278,0,1,0.3793465830784579,2
3344,12,-2.008165857670674,1.9735319804944969,0.559839306293364,-0.06844711200528185,1,-0.6682574493739278,0,0,-0.036307668807606094,2
3345,6,0.23335064888652038,1.3893392220629235,0.7026160599399257,-1.4927330336371867,4,0.2823865309033032,1,0,1.6640960889081102,3
3346,4,0.30995251485512954,0.3914099484132469,0.21309576172314276,-1.2648472861760818,3,0.4408271942828417,1,0,-0.7164691718938927,3
3347,0,0.6473654959072578,0.16733601367230244,-1.0311016629111807,0.7291530041085849,3,1.3914711745600725,0,0,-0.5653221712080512,1
3348,15,1.2547088618011146,0.6610989341549391,-1.6960334013223108,1.355838809626623,3,1.2330305111805342,0,0,-0.18745466949344755,1
3349,14,0.9264151505071309,0.868367323790327,1.6653393130995988,-1.4927330336371867,2,-0.6682574493739278,1,0,-1.0943366736084963,3
3350,2,0.9902500388142728,-0.3176240022311628,-1.1738784165577423,0.8430958778391372,3,1.866793164698688,0,0,-0.11188116915052682,1
3351,7,-0.383111986765481,-1.2515321516691895,0.9677728881406832,-0.4672471700622152,0,-0.6682574493739278,0,0,-0.6031089213795116,3
3352,14,0.9264151505071309,0.868367323790327,-0.7455481556180572,0.27338150918637527,1,-0.6682574493739278,1,1,1.135081586507665,2
3353,4,0.30995251485512954,0.3914099484132469,-1.0882123643698052,1.4697816833571753,2,-0.6682574493739278,0,0,-0.7164691718938927,1
3354,2,0.9902500388142728,-0.3176240022311628,-1.3696865358444554,1.6976674308182802,0,-0.6682574493739278,0,0,-0.8298294224082737,1
3355,8,0.6510132038105156,-0.21519020349247783,0.11927103789825937,-1.2078758493108057,4,2.183674491457765,1,0,-1.0943366736084963,3
3356,8,0.6510132038105156,-0.21519020349247783,-0.892404245083092,0.6152101303780324,4,1.3914711745600725,0,1,-1.0943366736084963,1
3357,7,-0.383111986765481,-1.2515321516691895,-1.0433396703666002,0.7291530041085849,3,1.3914711745600725,0,0,1.3995888377078878,1
3358,10,-0.17336878232770134,-0.10715455638531189,1.0044869105069418,-1.1509044124455294,3,1.2330305111805342,0,0,0.7950008349645219,3
3359,3,-1.4828959196003133,-1.3459633098813757,-0.01942637992982914,-0.23936142260111043,3,0.5992678576623801,0,1,1.512949088222269,2
3360,3,-1.4828959196003133,-1.3459633098813757,-0.7577861630734768,0.4442958197822039,4,-0.5098167859943894,0,0,-1.2832704244657982,2
3361,15,1.2547088618011146,0.6610989341549391,-1.251385797108733,0.9000673147044134,3,1.3914711745600725,0,0,0.11483933187823536,1
3362,4,0.30995251485512954,0.3914099484132469,1.5144038878160908,-1.4927330336371867,3,-0.03449479585577385,0,0,-0.9809764230941153,3
3363,5,-0.47612853829875046,-1.599647014570184,-0.003109036655936375,0.4442958197822039,2,-0.6682574493739278,0,0,-0.7920426722368133,2
3364,1,-0.24814679434461676,0.6210857315226723,1.3430717834402168,-0.8090757912538723,2,-0.6682574493739278,0,1,0.5682803339357597,3
3365,1,-0.24814679434461676,0.6210857315226723,1.3308337759847972,-0.8090757912538723,2,-0.6682574493739278,0,1,1.6640960889081102,3
3366,9,1.3623162449474802,-0.524092127813878,-1.4104798940291874,1.7546388676835563,2,-0.6682574493739278,0,0,-0.754255922065353,1
3367,0,0.6473654959072578,0.16733601367230244,-0.04798173065914148,-0.3533042963316628,0,-0.6682574493739278,1,1,1.0217213359932842,2
3368,10,-0.17336878232770134,-0.10715455638531189,-0.7496274914365304,0.4442958197822039,3,-0.03449479585577385,0,0,-1.5099909254945603,2
3369,9,1.3623162449474802,-0.524092127813878,1.0575182761470934,-0.5242186069274913,1,-0.6682574493739278,0,0,1.7018828390795706,3
3370,10,-0.17336878232770134,-0.10715455638531189,-0.03166438738524872,0.5012672566474801,2,-0.6682574493739278,0,0,-0.5275354210365908,1
3371,3,-1.4828959196003133,-1.3459633098813757,0.20085775426772318,0.27338150918637527,2,-0.6682574493739278,0,1,-0.8298294224082737,2
3372,2,0.9902500388142728,-0.3176240022311628,1.710212007102804,-1.1509044124455294,2,-0.6682574493739278,0,1,-1.6989246763518622,3
3373,13,-0.12047701773033298,0.5410593262580249,-1.1820370881946887,1.5267531202224516,2,-0.6682574493739278,0,0,1.135081586507665,1
3374,6,0.23335064888652038,1.3893392220629235,0.029525649891849155,-0.23936142260111043,3,1.2330305111805342,0,0,-0.8298294224082737,2
3375,11,-1.7838318216197984,-1.4067833778824486,0.20085775426772318,0.27338150918637527,1,-0.6682574493739278,0,0,0.0014790813638542722,2
3376,0,0.6473654959072578,0.16733601367230244,-0.14180645448402487,-0.12541854887055803,3,-0.19293545923531236,0,0,-0.754255922065353,2
3377,0,0.6473654959072578,0.16733601367230244,-0.05614040229608786,0.5012672566474801,2,-0.6682574493739278,0,0,0.1904128322211561,1
3378,9,1.3623162449474802,-0.524092127813878,-1.1779577523762155,1.5267531202224516,0,-0.6682574493739278,0,0,1.0217213359932842,1
3379,0,0.6473654959072578,0.16733601367230244,-0.05614040229608786,0.5012672566474801,1,-0.6682574493739278,0,0,-0.3763884203507494,1
3380,4,0.30995251485512954,0.3914099484132469,0.6128706719335155,-0.9799901018497009,1,-0.6682574493739278,1,1,-0.07409441897906646,3
3381,0,0.6473654959072578,0.16733601367230244,-0.9943876405449219,1.355838809626623,0,-0.6682574493739278,0,0,-0.6031089213795116,1
3382,11,-1.7838318216197984,-1.4067833778824486,-0.6843581183409593,1.070981625300242,2,-0.6682574493739278,0,0,-0.3763884203507494,1
3383,12,-2.008165857670674,1.9735319804944969,0.5720773137487836,-0.7521043543885961,4,1.3914711745600725,0,0,0.6816405844501409,0
3384,12,-2.008165857670674,1.9735319804944969,-1.6837953938668913,2.0394960520099374,1,-0.6682574493739278,0,0,0.34155983290699754,1
3385,10,-0.17336878232770134,-0.10715455638531189,0.0009702991625368165,-0.23936142260111043,4,1.0745898478009956,0,0,-0.2630281698363683,2
3386,1,-0.24814679434461676,0.6210857315226723,-1.659319378956052,1.982524615144661,1,-0.6682574493739278,0,1,-0.11188116915052682,1
3387,7,-0.383111986765481,-1.2515321516691895,0.4252212242837487,0.04549576172527053,2,-0.6682574493739278,0,0,-1.358843924808719,2
3388,12,-2.008165857670674,1.9735319804944969,1.7469260294690627,-1.4927330336371867,4,-0.03449479585577385,0,0,-1.2076969241228774,3
3389,13,-0.12047701773033298,0.5410593262580249,0.6169500077519887,-0.12541854887055803,1,-0.6682574493739278,0,0,1.5885225885651897,2
3390,2,0.9902500388142728,-0.3176240022311628,-0.9046422525385116,1.2988673727613467,1,-0.6682574493739278,0,0,-0.754255922065353,1
3391,9,1.3623162449474802,-0.524092127813878,1.3185957685293777,-0.8090757912538723,1,-0.6682574493739278,0,0,1.0595080861647446,3
3392,12,-2.008165857670674,1.9735319804944969,0.27836513481871383,0.1594386354558229,2,-0.6682574493739278,0,0,1.4373755878793482,2
3393,4,0.30995251485512954,0.3914099484132469,-0.36209058868157723,-0.06844711200528185,1,-0.6682574493739278,1,1,1.0595080861647446,2
3394,13,-0.12047701773033298,0.5410593262580249,-1.1942750956501083,1.5837245570877276,1,-0.6682574493739278,0,0,-1.2454836742943378,1
3395,12,-2.008165857670674,1.9735319804944969,-0.6639614392485934,0.38732438291692767,3,1.2330305111805342,0,1,-0.5275354210365908,2
3396,12,-2.008165857670674,1.9735319804944969,0.04584299316574192,-0.2963328594663866,3,1.866793164698688,0,1,1.135081586507665,2
3397,10,-0.17336878232770134,-0.10715455638531189,-0.5864540586976027,0.1594386354558229,2,-0.6682574493739278,1,0,-0.036307668807606094,2
3398,1,-0.24814679434461676,0.6210857315226723,-0.11325110375471253,-0.2963328594663866,1,-0.6682574493739278,1,1,-0.8298294224082737,2
3399,13,-0.12047701773033298,0.5410593262580249,-0.7169928048887448,1.1279530621655183,1,-0.6682574493739278,0,1,-1.6233511760089414,1
3400,5,-0.47612853829875046,-1.599647014570184,-0.19483782012417636,-0.9230186649844248,3,2.183674491457765,1,0,0.8327875851359823,0
3401,4,0.30995251485512954,0.3914099484132469,-0.9250389316308776,1.2988673727613467,2,-0.6682574493739278,0,0,0.3037730827355372,1
3402,10,-0.17336878232770134,-0.10715455638531189,0.04176365734726873,-0.2963328594663866,4,1.549911837939611,0,0,0.3037730827355372,2
3403,13,-0.12047701773033298,0.5410593262580249,-0.08061641720692701,0.5012672566474801,0,-0.6682574493739278,0,0,1.0595080861647446,1
3404,4,0.30995251485512954,0.3914099484132469,1.0452802686916738,-0.5242186069274913,0,-0.6682574493739278,0,1,0.22819958239261645,3
3405,10,-0.17336878232770134,-0.10715455638531189,1.4858485370867784,-0.9230186649844248,2,-0.6682574493739278,0,0,-1.4722041753230999,3
3406,8,0.6510132038105156,-0.21519020349247783,-0.5089466781466121,0.9000673147044134,1,-0.6682574493739278,0,1,1.62630933873665,1
3407,5,-0.47612853829875046,-1.599647014570184,-0.6313267527008078,0.3303529460516515,4,0.9161491844214572,0,0,-1.5477776756660206,2
3408,10,-0.17336878232770134,-0.10715455638531189,-0.37432859613699676,0.786124440973861,1,-0.6682574493739278,0,0,-1.3966306749801791,1
3409,10,-0.17336878232770134,-0.10715455638531189,0.30284114972955295,-0.69513291752332,2,-0.6682574493739278,1,1,1.1728683366791255,0
3410,1,-0.24814679434461676,0.6210857315226723,-0.4599946483249338,0.9000673147044134,0,-0.6682574493739278,0,0,-0.6408956715509719,1
3411,0,0.6473654959072578,0.16733601367230244,0.7474887539431309,-0.23936142260111043,2,-0.6682574493739278,0,1,0.22819958239261645,2
3412,10,-0.17336878232770134,-0.10715455638531189,-1.341131185115143,1.6976674308182802,1,-0.6682574493739278,0,0,-0.5653221712080512,1
3413,15,1.2547088618011146,0.6610989341549391,-1.296258491111938,1.640695993953004,2,-0.6682574493739278,0,0,-0.11188116915052682,1
3414,3,-1.4828959196003133,-1.3459633098813757,0.6414260226628279,-0.12541854887055803,2,-0.6682574493739278,0,0,-0.11188116915052682,2
3415,15,1.2547088618011146,0.6610989341549391,-1.483907938761705,1.8116103045488325,1,-0.6682574493739278,0,1,-0.6408956715509719,1
3416,11,-1.7838318216197984,-1.4067833778824486,0.7842027763093895,-0.9799901018497009,4,2.183674491457765,0,0,-0.5275354210365908,3
3417,3,-1.4828959196003133,-1.3459633098813757,-0.6476440959747006,1.070981625300242,1,-0.6682574493739278,0,0,-1.056549923437036,1
3418,1,-0.24814679434461676,0.6210857315226723,1.2288503805229674,-1.4927330336371867,1,-0.6682574493739278,1,0,0.9839345858218238,3
3419,12,-2.008165857670674,1.9735319804944969,-1.6511607073191057,1.2988673727613467,3,-0.35137612261485085,0,0,-1.2832704244657982,1
3420,13,-0.12047701773033298,0.5410593262580249,-1.4145592298476606,0.9000673147044134,0,-0.6682574493739278,1,0,-0.5275354210365908,1
3421,10,-0.17336878232770134,-0.10715455638531189,0.3232378288219189,-0.5242186069274913,3,-0.35137612261485085,0,0,-0.4519619206936701,0
3422,4,0.30995251485512954,0.3914099484132469,1.2043743656121282,-1.3787901599066343,3,-0.5098167859943894,0,1,1.7018828390795706,3
3423,7,-0.383111986765481,-1.2515321516691895,1.3389924476217436,-0.8090757912538723,2,-0.6682574493739278,0,0,1.3995888377078878,3
3424,6,0.23335064888652038,1.3893392220629235,-0.2764245364936402,-0.8090757912538723,3,1.3914711745600725,1,0,1.0217213359932842,0
3425,11,-1.7838318216197984,-1.4067833778824486,-0.37432859613699676,-0.7521043543885961,4,2.183674491457765,1,0,1.7018828390795706,0
3426,6,0.23335064888652038,1.3893392220629235,-0.8434522152614138,1.2418959358960706,2,-0.6682574493739278,0,0,-1.1321234237799567,1
3427,7,-0.383111986765481,-1.2515321516691895,1.7142913429212772,-1.4927330336371867,2,-0.6682574493739278,1,0,0.3037730827355372,3
3428,9,1.3623162449474802,-0.524092127813878,-1.1004503718252248,0.786124440973861,3,1.2330305111805342,0,1,1.2106550868505859,1
3429,7,-0.383111986765481,-1.2515321516691895,0.3966658735544364,-0.5811900437927676,3,0.12394586752376466,0,1,-1.0187631732655755,0
3430,2,0.9902500388142728,-0.3176240022311628,1.4899278729052516,-0.9230186649844248,0,-0.6682574493739278,0,0,-0.7920426722368133,3
3431,7,-0.383111986765481,-1.2515321516691895,-1.3125758343858307,1.640695993953004,2,-0.6682574493739278,0,0,-0.1496679193219872,1
3432,14,0.9264151505071309,0.868367323790327,1.4736105296313589,-1.4927330336371867,0,-0.6682574493739278,1,0,0.8327875851359823,3
3433,4,0.30995251485512954,0.3914099484132469,1.1472636641535037,-1.4927330336371867,1,-0.6682574493739278,1,0,0.6816405844501409,3
3434,13,-0.12047701773033298,0.5410593262580249,-0.37840793195546996,0.10246719859054672,4,0.4408271942828417,0,0,0.15262608204969574,2
3435,6,0.23335064888652038,1.3893392220629235,-1.3696865358444554,1.6976674308182802,0,-0.6682574493739278,0,1,1.4751623380508085,1
3436,9,1.3623162449474802,-0.524092127813878,-1.7041920729592572,2.0394960520099374,2,-0.6682574493739278,0,0,-1.4722041753230999,1
3437,2,0.9902500388142728,-0.3176240022311628,-0.23971051412738148,0.6721815672433087,1,-0.6682574493739278,0,0,-0.2630281698363683,1
3438,9,1.3623162449474802,-0.524092127813878,-0.6598821034301202,1.070981625300242,2,-0.6682574493739278,0,0,-0.9054029227511945,1
3439,6,0.23335064888652038,1.3893392220629235,-1.0270223270927075,0.7291530041085849,3,1.2330305111805342,0,0,1.0595080861647446,1
3440,12,-2.008165857670674,1.9735319804944969,-1.0311016629111807,0.7291530041085849,3,0.4408271942828417,0,0,-1.3966306749801791,1
3441,5,-0.47612853829875046,-1.599647014570184,1.5144038878160908,-1.4927330336371867,4,0.12394586752376466,0,0,0.34155983290699754,3
3442,2,0.9902500388142728,-0.3176240022311628,-0.3172178946783721,-0.12541854887055803,1,-0.6682574493739278,1,0,-1.3210571746372586,2
3443,12,-2.008165857670674,1.9735319804944969,-1.6878747296853644,2.0394960520099374,1,-0.6682574493739278,0,0,-0.036307668807606094,1
3444,14,0.9264151505071309,0.868367323790327,0.1029536946243666,0.3303529460516515,2,-0.6682574493739278,0,0,0.11483933187823536,2
3445,5,-0.47612853829875046,-1.599647014570184,0.16822306771993767,-0.410275733196939,4,-0.03449479585577385,0,0,0.5682803339357597,0
3446,15,1.2547088618011146,0.6610989341549391,0.18861974681230362,-1.2648472861760818,3,-0.03449479585577385,1,0,-1.0943366736084963,3
3447,8,0.6510132038105156,-0.21519020349247783,1.5878319325486083,-1.036961538714977,2,-0.6682574493739278,0,1,-1.169910173951417,3
3448,14,0.9264151505071309,0.868367323790327,0.7066953957583989,-1.0939329755802534,2,-0.6682574493739278,1,0,1.1728683366791255,3
3449,14,0.9264151505071309,0.868367323790327,-0.4967086706911925,0.2164100723210991,4,2.0252338280782265,0,0,0.8327875851359823,2
3450,13,-0.12047701773033298,0.5410593262580249,-1.0963710360067516,-0.06844711200528185,3,0.2823865309033032,1,0,0.34155983290699754,2
3451,7,-0.383111986765481,-1.2515321516691895,1.4287378356281537,-1.4927330336371867,3,1.549911837939611,0,1,-1.2076969241228774,3
3452,0,0.6473654959072578,0.16733601367230244,-0.30497988722295255,-0.8090757912538723,4,-0.5098167859943894,1,0,0.5304935837642993,0
3453,1,-0.24814679434461676,0.6210857315226723,0.8902655075896925,-0.410275733196939,2,-0.6682574493739278,0,0,1.324015337364967,0
3454,14,0.9264151505071309,0.868367323790327,0.7393300823061845,-0.23936142260111043,1,-0.6682574493739278,0,0,1.097294836336205,2
3455,0,0.6473654959072578,0.16733601367230244,-1.4798286029432317,0.9570387515696896,1,-0.6682574493739278,1,1,-1.0943366736084963,1
3456,9,1.3623162449474802,-0.524092127813878,0.12742970953520574,-0.5242186069274913,2,-0.6682574493739278,1,0,1.1728683366791255,0
3457,10,-0.17336878232770134,-0.10715455638531189,-0.2193138350350155,-0.011475675140005663,3,2.183674491457765,0,0,1.135081586507665,2
3458,15,1.2547088618011146,0.6610989341549391,-0.7047547974333253,0.27338150918637527,0,-0.6682574493739278,1,0,1.324015337364967,2
3459,10,-0.17336878232770134,-0.10715455638531189,0.6128706719335155,-0.9799901018497009,0,-0.6682574493739278,1,0,0.5304935837642993,3
3460,2,0.9902500388142728,-0.3176240022311628,0.16006439608299128,0.27338150918637527,1,-0.6682574493739278,0,0,-1.1321234237799567,2
3461,0,0.6473654959072578,0.16733601367230244,-0.32945590213379167,0.04549576172527053,3,2.0252338280782265,0,0,-0.11188116915052682,2
3462,2,0.9902500388142728,-0.3176240022311628,-1.2758618120195722,1.640695993953004,2,-0.6682574493739278,0,0,1.4373755878793482,1
3463,3,-1.4828959196003133,-1.3459633098813757,-0.08061641720692701,-0.18238998573583423,4,1.866793164698688,0,0,-0.4519619206936701,2
3464,2,0.9902500388142728,-0.3176240022311628,-0.14996512612097126,-0.2963328594663866,0,-0.6682574493739278,1,0,0.26598633256407683,2
3465,3,-1.4828959196003133,-1.3459633098813757,0.38850720191749,-0.5811900437927676,3,0.9161491844214572,0,1,0.1904128322211561,0
3466,4,0.30995251485512954,0.3914099484132469,-1.6185260207713201,1.2418959358960706,3,0.12394586752376466,0,0,1.135081586507665,1
3467,5,-0.47612853829875046,-1.599647014570184,1.2329297163414406,-0.69513291752332,2,-0.6682574493739278,0,0,0.8327875851359823,3
3468,14,0.9264151505071309,0.868367323790327,1.3430717834402168,-1.4927330336371867,3,0.12394586752376466,0,0,1.0595080861647446,3
3469,4,0.30995251485512954,0.3914099484132469,0.9677728881406832,-1.321818723041358,2,-0.6682574493739278,1,0,1.512949088222269,3
3470,12,-2.008165857670674,1.9735319804944969,1.2941197536185385,-0.7521043543885961,1,-0.6682574493739278,0,1,-1.2454836742943378,3
3471,14,0.9264151505071309,0.868367323790327,1.0330422612362542,-1.3787901599066343,0,-0.6682574493739278,1,0,-1.2832704244657982,3
3472,1,-0.24814679434461676,0.6210857315226723,0.988169567233049,-0.4672471700622152,1,-0.6682574493739278,0,0,-0.2630281698363683,3
3473,3,-1.4828959196003133,-1.3459633098813757,-1.2065131031055278,0.04549576172527053,4,1.549911837939611,1,0,-1.169910173951417,2
3474,14,0.9264151505071309,0.868367323790327,-0.04798173065914148,0.5012672566474801,2,-0.6682574493739278,0,0,1.4751623380508085,1
3475,6,0.23335064888652038,1.3893392220629235,1.1717396790643426,-1.4927330336371867,2,-0.6682574493739278,1,0,1.3995888377078878,3
3476,14,0.9264151505071309,0.868367323790327,1.7061326712843308,-1.1509044124455294,1,-0.6682574493739278,0,1,-0.6408956715509719,3
3477,4,0.30995251485512954,0.3914099484132469,1.1023909701502985,-1.4927330336371867,3,1.2330305111805342,1,0,0.9461478356503634,3
3478,12,-2.008165857670674,1.9735319804944969,0.6822193808475597,-0.8660472281191486,3,2.500555818216842,0,1,1.6640960889081102,0
3479,1,-0.24814679434461676,0.6210857315226723,0.13150904535367894,-0.3533042963316628,4,2.0252338280782265,0,0,0.7194273346216012,2
3480,8,0.6510132038105156,-0.21519020349247783,-1.3492898567520895,1.6976674308182802,1,-0.6682574493739278,0,1,0.8327875851359823,1
3481,7,-0.383111986765481,-1.2515321516691895,0.7842027763093895,-1.1509044124455294,1,-0.6682574493739278,1,0,0.7572140847930615,3
3482,8,0.6510132038105156,-0.21519020349247783,1.0126455821438882,-1.3787901599066343,0,-0.6682574493739278,1,0,1.0217213359932842,3
3483,13,-0.12047701773033298,0.5410593262580249,-1.634843364045213,1.2988673727613467,4,-0.19293545923531236,0,0,1.0595080861647446,1
3484,1,-0.24814679434461676,0.6210857315226723,-0.6965961257963789,-0.4672471700622152,4,2.0252338280782265,1,0,-0.036307668807606094,0
3485,12,-2.008165857670674,1.9735319804944969,-0.39064593941088954,0.10246719859054672,3,-0.5098167859943894,0,0,0.5682803339357597,2
3486,5,-0.47612853829875046,-1.599647014570184,-0.9046422525385116,1.2988673727613467,0,-0.6682574493739278,0,0,1.0217213359932842,1
3487,13,-0.12047701773033298,0.5410593262580249,-1.2473064612902598,0.04549576172527053,3,1.549911837939611,1,0,-1.4722041753230999,2
3488,5,-0.47612853829875046,-1.599647014570184,0.9800108955961028,-1.1509044124455294,3,0.12394586752376466,0,0,1.3995888377078878,3
3489,1,-0.24814679434461676,0.6210857315226723,0.7474887539431309,-0.9230186649844248,3,1.549911837939611,0,1,1.4373755878793482,0
3490,14,0.9264151505071309,0.868367323790327,-1.6226053565897933,1.982524615144661,1,-0.6682574493739278,0,1,0.6060670841072201,1
3491,11,-1.7838318216197984,-1.4067833778824486,-1.634843364045213,1.982524615144661,2,-0.6682574493739278,0,1,1.7018828390795706,1
3492,7,-0.383111986765481,-1.2515321516691895,0.7638060972170236,-0.23936142260111043,2,-0.6682574493739278,0,0,0.9839345858218238,2
3493,10,-0.17336878232770134,-0.10715455638531189,-0.4885499990542461,0.9000673147044134,2,-0.6682574493739278,0,1,-0.7920426722368133,1
3494,15,1.2547088618011146,0.6610989341549391,0.5924739928411495,-0.8090757912538723,4,0.2823865309033032,0,0,0.26598633256407683,0
3495,13,-0.12047701773033298,0.5410593262580249,-0.7169928048887448,1.1279530621655183,1,-0.6682574493739278,0,0,0.492706833592839,1
3496,5,-0.47612853829875046,-1.599647014570184,1.5225625594530372,-1.4927330336371867,3,2.500555818216842,0,0,0.5304935837642993,3
3497,3,-1.4828959196003133,-1.3459633098813757,-0.6150094094269151,0.3303529460516515,3,0.5992678576623801,0,1,1.0217213359932842,2
3498,9,1.3623162449474802,-0.524092127813878,-1.1330850583730103,0.6721815672433087,2,-0.6682574493739278,1,0,1.62630933873665,1
3499,1,-0.24814679434461676,0.6210857315226723,0.2946824780926066,-0.5242186069274913,4,-0.35137612261485085,0,1,-0.8676161725797341,0
3500,7,-0.383111986765481,-1.2515321516691895,-0.06837840975150744,-0.18238998573583423,4,-0.35137612261485085,0,0,1.5885225885651897,2
3501,9,1.3623162449474802,-0.524092127813878,1.392023813261895,-0.8660472281191486,1,-0.6682574493739278,0,0,-0.3763884203507494,3
3502,1,-0.24814679434461676,0.6210857315226723,1.3104370968924313,-0.7521043543885961,2,-0.6682574493739278,0,0,1.5507358383937293,3
3503,9,1.3623162449474802,-0.524092127813878,0.6332673510258815,-0.12541854887055803,0,-0.6682574493739278,0,0,-0.9809764230941153,2
3504,10,-0.17336878232770134,-0.10715455638531189,0.4456179033761147,0.04549576172527053,0,-0.6682574493739278,0,0,0.22819958239261645,2
3505,0,0.6473654959072578,0.16733601367230244,0.4456179033761147,0.04549576172527053,2,-0.6682574493739278,0,0,-0.6408956715509719,2
3506,9,1.3623162449474802,-0.524092127813878,-1.463511259669339,1.1279530621655183,4,1.866793164698688,0,1,-0.9809764230941153,1
3507,7,-0.383111986765481,-1.2515321516691895,-1.14532306582843,1.5267531202224516,1,-0.6682574493739278,0,0,-0.036307668807606094,1
3508,15,1.2547088618011146,0.6610989341549391,-0.25194852158280107,0.6721815672433087,0,-0.6682574493739278,0,0,-0.41417517052220976,1
3509,8,0.6510132038105156,-0.21519020349247783,1.1758190148828158,-1.4927330336371867,2,-0.6682574493739278,1,0,0.11483933187823536,3
3510,1,-0.24814679434461676,0.6210857315226723,0.11519170207978617,0.3303529460516515,1,-0.6682574493739278,0,0,-1.169910173951417,2
3511,9,1.3623162449474802,-0.524092127813878,-0.7129134690702716,0.27338150918637527,0,-0.6682574493739278,1,0,-1.2832704244657982,2
3512,6,0.23335064888652038,1.3893392220629235,-0.01534704411135595,0.4442958197822039,2,-0.6682574493739278,0,0,1.512949088222269,2
3513,6,0.23335064888652038,1.3893392220629235,-1.2473064612902598,0.9000673147044134,3,1.2330305111805342,0,1,0.908361085478903,1
3514,8,0.6510132038105156,-0.21519020349247783,0.2865238064556602,0.1594386354558229,2,-0.6682574493739278,0,0,-1.1321234237799567,2
3515,4,0.30995251485512954,0.3914099484132469,1.7142913429212772,-1.1509044124455294,1,-0.6682574493739278,0,0,-1.6233511760089414,3
3516,15,1.2547088618011146,0.6610989341549391,0.13150904535367894,-0.5242186069274913,0,-0.6682574493739278,1,0,1.5885225885651897,0
3517,10,-0.17336878232770134,-0.10715455638531189,-1.6307640282267397,1.2988673727613467,4,2.500555818216842,0,0,0.34155983290699754,1
3518,13,-0.12047701773033298,0.5410593262580249,1.4899278729052516,-0.9230186649844248,2,-0.6682574493739278,0,0,-0.6031089213795116,3
3519,3,-1.4828959196003133,-1.3459633098813757,1.1472636641535037,-0.6381614806580438,2,-0.6682574493739278,0,1,0.0014790813638542722,3
3520,10,-0.17336878232770134,-0.10715455638531189,1.4164998281727341,-1.4927330336371867,4,1.0745898478009956,1,0,1.4373755878793482,3
3521,13,-0.12047701773033298,0.5410593262580249,-1.063736349458966,1.4128102464918992,0,-0.6682574493739278,0,1,-0.5653221712080512,1
3522,1,-0.24814679434461676,0.6210857315226723,0.4007452093729096,-0.6381614806580438,3,1.0745898478009956,0,0,0.3793465830784579,0
3523,4,0.30995251485512954,0.3914099484132469,0.3313965004588653,0.1594386354558229,1,-0.6682574493739278,0,1,-1.3210571746372586,2
3524,2,0.9902500388142728,-0.3176240022311628,-0.6109300736084419,1.0140101884349657,0,-0.6682574493739278,0,0,1.0595080861647446,1
3525,9,1.3623162449474802,-0.524092127813878,0.1926990826307768,-0.410275733196939,4,0.7577085210419187,0,1,-1.3966306749801791,0
3526,12,-2.008165857670674,1.9735319804944969,-0.9291182674493508,1.2988673727613467,0,-0.6682574493739278,0,0,-1.4722041753230999,1
3527,12,-2.008165857670674,1.9735319804944969,1.3185957685293777,-0.8090757912538723,1,-0.6682574493739278,0,0,-0.7164691718938927,3
3528,14,0.9264151505071309,0.868367323790327,-0.29274187976753296,0.7291530041085849,2,-0.6682574493739278,0,1,-0.41417517052220976,1
3529,13,-0.12047701773033298,0.5410593262580249,-1.3737658716629286,1.6976674308182802,2,-0.6682574493739278,0,0,0.3037730827355372,1
3530,14,0.9264151505071309,0.868367323790327,1.3879444774434218,-1.4927330336371867,4,0.4408271942828417,0,0,0.039265831535314634,3
3531,6,0.23335064888652038,1.3893392220629235,-1.0351809987296539,1.4128102464918992,2,-0.6682574493739278,0,0,-0.5653221712080512,1
3532,0,0.6473654959072578,0.16733601367230244,-1.0922917001882784,1.4697816833571753,1,-0.6682574493739278,0,0,1.6640960889081102,1
3533,6,0.23335064888652038,1.3893392220629235,0.49864926901626616,-0.011475675140005663,1,-0.6682574493739278,0,1,0.6438538342786805,2
3534,13,-0.12047701773033298,0.5410593262580249,-1.149402401646903,0.8430958778391372,4,1.3914711745600725,0,0,-0.7920426722368133,1
3535,4,0.30995251485512954,0.3914099484132469,-1.4553525880323925,1.8116103045488325,1,-0.6682574493739278,0,0,-0.5275354210365908,1
3536,7,-0.383111986765481,-1.2515321516691895,-0.06021973811456105,-0.18238998573583423,4,0.2823865309033032,0,0,1.3618020875364274,2
3537,2,0.9902500388142728,-0.3176240022311628,-1.3452105209336163,1.0140101884349657,4,2.3421151548373036,0,0,-0.4519619206936701,1
3538,5,-0.47612853829875046,-1.599647014570184,-1.1657197449207959,0.6721815672433087,2,-0.6682574493739278,1,0,0.0014790813638542722,1
3539,1,-0.24814679434461676,0.6210857315226723,0.7107747315768721,-0.23936142260111043,0,-0.6682574493739278,0,0,-0.2630281698363683,2
3540,6,0.23335064888652038,1.3893392220629235,-1.6511607073191057,1.982524615144661,0,-0.6682574493739278,0,0,-0.338601670179289,1
3541,4,0.30995251485512954,0.3914099484132469,-0.23563117830890828,0.6721815672433087,2,-0.6682574493739278,0,1,0.492706833592839,1
3542,15,1.2547088618011146,0.6610989341549391,-1.3329725134781967,1.6976674308182802,0,-0.6682574493739278,0,1,-1.6233511760089414,1
3543,6,0.23335064888652038,1.3893392220629235,-0.9413562749047704,0.4442958197822039,1,-0.6682574493739278,1,0,0.6060670841072201,2
3544,4,0.30995251485512954,0.3914099484132469,0.9596142165037368,-0.4672471700622152,1,-0.6682574493739278,0,1,1.5885225885651897,3
3545,1,-0.24814679434461676,0.6210857315226723,0.27428579900024064,-0.4672471700622152,4,0.7577085210419187,0,0,-1.0943366736084963,0
3546,9,1.3623162449474802,-0.524092127813878,0.4782525899239002,-0.8660472281191486,2,-0.6682574493739278,1,0,0.908361085478903,0
3547,3,-1.4828959196003133,-1.3459633098813757,-1.3656072000259822,1.6976674308182802,2,-0.6682574493739278,0,0,-0.2630281698363683,1
3548,6,0.23335064888652038,1.3893392220629235,-0.6476440959747006,1.070981625300242,2,-0.6682574493739278,0,0,0.5682803339357597,1
3549,9,1.3623162449474802,-0.524092127813878,-0.08877508884387339,-0.18238998573583423,3,0.9161491844214572,0,0,1.2862285871935066,2
3550,13,-0.12047701773033298,0.5410593262580249,0.017287642436429582,0.4442958197822039,0,-0.6682574493739278,0,1,0.9839345858218238,2
3551,6,0.23335064888652038,1.3893392220629235,-0.741468819799584,1.1279530621655183,0,-0.6682574493739278,0,0,1.7018828390795706,1
3552,9,1.3623162449474802,-0.524092127813878,0.2498097840894015,0.2164100723210991,0,-0.6682574493739278,0,0,-1.585564425837481,2
3553,2,0.9902500388142728,-0.3176240022311628,-0.6435647601562274,0.2164100723210991,0,-0.6682574493739278,1,1,0.34155983290699754,2
3554,3,-1.4828959196003133,-1.3459633098813757,-1.1412437300099567,0.8430958778391372,4,-0.5098167859943894,0,0,-0.9054029227511945,1
3555,4,0.30995251485512954,0.3914099484132469,-0.35801125286310403,0.10246719859054672,4,2.183674491457765,0,0,-0.5653221712080512,2
3556,6,0.23335064888652038,1.3893392220629235,-0.8352935436244674,1.2418959358960706,2,-0.6682574493739278,0,0,1.512949088222269,1
3557,7,-0.383111986765481,-1.2515321516691895,1.477689865449832,-1.4927330336371867,4,1.2330305111805342,1,0,-1.3966306749801791,3
3558,1,-0.24814679434461676,0.6210857315226723,1.2533263954338065,-0.69513291752332,2,-0.6682574493739278,0,1,-1.0943366736084963,3
3559,5,-0.47612853829875046,-1.599647014570184,0.13966771699062533,0.3303529460516515,2,-0.6682574493739278,0,0,0.9461478356503634,2
3560,0,0.6473654959072578,0.16733601367230244,1.5470385743638764,-1.4927330336371867,3,2.0252338280782265,0,0,1.512949088222269,3
3561,10,-0.17336878232770134,-0.10715455638531189,0.09071568716894703,0.38732438291692767,1,-0.6682574493739278,0,0,0.3793465830784579,2
3562,3,-1.4828959196003133,-1.3459633098813757,-0.9413562749047704,0.6152101303780324,4,2.3421151548373036,0,1,0.15262608204969574,1
3563,7,-0.383111986765481,-1.2515321516691895,-0.8842455734461457,1.2418959358960706,1,-0.6682574493739278,0,0,0.0014790813638542722,1
3564,10,-0.17336878232770134,-0.10715455638531189,0.7066953957583989,-1.4927330336371867,3,-0.03449479585577385,1,0,0.3793465830784579,3
3565,8,0.6510132038105156,-0.21519020349247783,-0.15404446193944446,-0.9230186649844248,3,2.500555818216842,1,0,-0.036307668807606094,0
3566,10,-0.17336878232770134,-0.10715455638531189,-0.9454356107232436,0.6152101303780324,4,1.3914711745600725,0,1,1.6640960889081102,1
3567,10,-0.17336878232770134,-0.10715455638531189,1.689815328010438,-1.4927330336371867,1,-0.6682574493739278,1,0,-1.2454836742943378,3
3568,10,-0.17336878232770134,-0.10715455638531189,-0.43551863341409464,0.8430958778391372,1,-0.6682574493739278,0,1,-1.585564425837481,1
3569,4,0.30995251485512954,0.3914099484132469,-1.0311016629111807,1.4128102464918992,2,-0.6682574493739278,0,0,0.1904128322211561,1
3570,4,0.30995251485512954,0.3914099484132469,0.3803485302805436,-0.5811900437927676,3,0.9161491844214572,0,0,0.1904128322211561,0
3571,4,0.30995251485512954,0.3914099484132469,1.0983116343318253,-1.2648472861760818,3,-0.35137612261485085,0,1,-0.6031089213795116,3
3572,3,-1.4828959196003133,-1.3459633098813757,1.4817692012683052,-0.9230186649844248,0,-0.6682574493739278,0,0,-1.2076969241228774,3
3573,12,-2.008165857670674,1.9735319804944969,0.3925865377359632,-0.5811900437927676,4,2.3421151548373036,0,0,0.908361085478903,0
3574,8,0.6510132038105156,-0.21519020349247783,-1.4594319238508657,1.8116103045488325,0,-0.6682574493739278,0,0,-1.585564425837481,1
3575,15,1.2547088618011146,0.6610989341549391,-1.5858913342235346,0.38732438291692767,4,0.7577085210419187,1,0,-0.5653221712080512,2
3576,11,-1.7838318216197984,-1.4067833778824486,0.017287642436429582,0.4442958197822039,0,-0.6682574493739278,0,0,0.22819958239261645,2
3577,11,-1.7838318216197984,-1.4067833778824486,-1.402321222392241,1.7546388676835563,2,-0.6682574493739278,0,0,1.2484418370220463,1
3578,0,0.6473654959072578,0.16733601367230244,-0.42735996177714825,0.8430958778391372,1,-0.6682574493739278,0,0,1.4373755878793482,1
3579,5,-0.47612853829875046,-1.599647014570184,0.13966771699062533,0.3303529460516515,2,-0.6682574493739278,0,1,-0.2630281698363683,2
3580,13,-0.12047701773033298,0.5410593262580249,1.0004075746884686,-1.1509044124455294,3,2.3421151548373036,0,0,0.22819958239261645,3
3581,0,0.6473654959072578,0.16733601367230244,-1.3941625507552946,1.7546388676835563,1,-0.6682574493739278,0,0,-1.2076969241228774,1
3582,6,0.23335064888652038,1.3893392220629235,-1.3329725134781967,1.0140101884349657,3,-0.5098167859943894,0,0,-0.338601670179289,1
3583,9,1.3623162449474802,-0.524092127813878,-0.36209058868157723,0.786124440973861,1,-0.6682574493739278,0,1,1.5885225885651897,1
3584,6,0.23335064888652038,1.3893392220629235,1.3961031490803681,-1.4927330336371867,4,0.2823865309033032,0,0,-0.5653221712080512,3
3585,14,0.9264151505071309,0.868367323790327,-0.7822621779843159,1.1849244990307943,0,-0.6682574493739278,0,0,-0.7920426722368133,1
3586,8,0.6510132038105156,-0.21519020349247783,1.6857359921919648,-1.4927330336371867,4,0.2823865309033032,0,0,-1.3210571746372586,3
3587,0,0.6473654959072578,0.16733601367230244,-0.8638488943537798,-0.2963328594663866,3,-0.35137612261485085,1,0,0.492706833592839,2
3588,3,-1.4828959196003133,-1.3459633098813757,1.649021969825706,-1.4927330336371867,0,-0.6682574493739278,1,0,-1.2076969241228774,3
3589,9,1.3623162449474802,-0.524092127813878,-0.11733043957318573,-0.12541854887055803,4,1.7083525013191496,0,0,-1.0943366736084963,2
3590,10,-0.17336878232770134,-0.10715455638531189,-0.6231680810638615,0.3303529460516515,4,0.4408271942828417,0,0,-0.9054029227511945,2
3591,13,-0.12047701773033298,0.5410593262580249,1.6408632981887596,-1.4927330336371867,3,2.0252338280782265,0,0,-1.4344174251516395,3
3592,12,-2.008165857670674,1.9735319804944969,0.26612712736329425,0.2164100723210991,2,-0.6682574493739278,0,0,-0.754255922065353,2
3593,0,0.6473654959072578,0.16733601367230244,0.3232378288219189,0.1594386354558229,2,-0.6682574493739278,0,0,0.039265831535314634,2
3594,15,1.2547088618011146,0.6610989341549391,-0.4559153125064606,0.8430958778391372,2,-0.6682574493739278,0,0,-0.754255922065353,1
3595,14,0.9264151505071309,0.868367323790327,-0.13364778284707848,0.5582386935127562,2,-0.6682574493739278,0,1,1.4373755878793482,1
3596,13,-0.12047701773033298,0.5410593262580249,0.20493709008619637,0.27338150918637527,0,-0.6682574493739278,0,0,0.6060670841072201,2
3597,1,-0.24814679434461676,0.6210857315226723,-0.6761994467040129,0.38732438291692767,3,0.5992678576623801,0,0,-0.5653221712080512,2
3598,2,0.9902500388142728,-0.3176240022311628,1.2288503805229674,-0.69513291752332,2,-0.6682574493739278,0,0,-1.585564425837481,3
3599,14,0.9264151505071309,0.868367323790327,1.392023813261895,-0.8660472281191486,2,-0.6682574493739278,0,0,1.0595080861647446,3
3600,3,-1.4828959196003133,-1.3459633098813757,-1.4186385656661338,1.070981625300242,3,0.2823865309033032,0,0,-0.338601670179289,1
3601,11,-1.7838318216197984,-1.4067833778824486,0.0988743588058934,-0.3533042963316628,4,1.866793164698688,0,1,1.2484418370220463,2
3602,3,-1.4828959196003133,-1.3459633098813757,-0.19075848430570316,-0.9230186649844248,4,0.5992678576623801,1,1,1.4373755878793482,0
3603,4,0.30995251485512954,0.3914099484132469,0.3640311870066508,0.10246719859054672,1,-0.6682574493739278,0,0,0.7572140847930615,2
3604,6,0.23335064888652038,1.3893392220629235,0.9473762090483172,-1.0939329755802534,3,2.500555818216842,0,0,0.26598633256407683,3
3605,11,-1.7838318216197984,-1.4067833778824486,0.1029536946243666,-0.5242186069274913,2,-0.6682574493739278,1,0,0.3037730827355372,0
3606,9,1.3623162449474802,-0.524092127813878,-0.08877508884387339,0.5012672566474801,1,-0.6682574493739278,0,0,-0.5653221712080512,1
3607,3,-1.4828959196003133,-1.3459633098813757,-0.8720075659907262,0.5582386935127562,4,-0.03449479585577385,0,0,-1.4344174251516395,1
3608,8,0.6510132038105156,-0.21519020349247783,-1.1983544314685814,1.5837245570877276,1,-0.6682574493739278,0,0,1.5885225885651897,1
3609,5,-0.47612853829875046,-1.599647014570184,1.4001824848988413,-0.8660472281191486,2,-0.6682574493739278,0,0,0.5304935837642993,3
3610,0,0.6473654959072578,0.16733601367230244,-0.02758505156677552,-0.410275733196939,0,-0.6682574493739278,1,0,-0.7164691718938927,0
3611,8,0.6510132038105156,-0.21519020349247783,-1.2921791552934647,0.9570387515696896,4,-0.03449479585577385,0,0,-0.2630281698363683,1
3612,4,0.30995251485512954,0.3914099484132469,-0.5211846856020317,0.9570387515696896,2,-0.6682574493739278,0,0,0.45492008342137863,1
3613,12,-2.008165857670674,1.9735319804944969,-0.6150094094269151,1.0140101884349657,0,-0.6682574493739278,0,0,0.6816405844501409,1
3614,10,-0.17336878232770134,-0.10715455638531189,-1.2880998194749915,1.640695993953004,0,-0.6682574493739278,0,1,-1.169910173951417,1
3615,15,1.2547088618011146,0.6610989341549391,0.13150904535367894,-0.3533042963316628,4,0.5992678576623801,0,0,1.2106550868505859,2
3616,5,-0.47612853829875046,-1.599647014570184,1.220691708886021,-0.69513291752332,1,-0.6682574493739278,0,0,-0.2630281698363683,3
3617,8,0.6510132038105156,-0.21519020349247783,-0.3131385588598989,0.04549576172527053,3,0.7577085210419187,0,0,0.8705743353074427,2
3618,12,-2.008165857670674,1.9735319804944969,-0.8883249092646189,0.4442958197822039,1,-0.6682574493739278,1,0,1.4373755878793482,2
3619,5,-0.47612853829875046,-1.599647014570184,0.7066953957583989,-0.9230186649844248,3,0.9161491844214572,0,0,-0.6786824217224323,0
3620,9,1.3623162449474802,-0.524092127813878,1.2370090521599137,-0.69513291752332,0,-0.6682574493739278,0,0,0.3037730827355372,3
3621,2,0.9902500388142728,-0.3176240022311628,0.5027286048347394,-0.011475675140005663,2,-0.6682574493739278,0,0,-0.5653221712080512,2
3622,13,-0.12047701773033298,0.5410593262580249,-1.2595444687456794,0.786124440973861,0,-0.6682574493739278,1,1,0.9839345858218238,1
3623,5,-0.47612853829875046,-1.599647014570184,0.7230127390322917,-1.4927330336371867,3,1.866793164698688,1,1,-0.9809764230941153,3
3624,9,1.3623162449474802,-0.524092127813878,1.457293186357466,-0.9230186649844248,0,-0.6682574493739278,0,0,-0.338601670179289,3
3625,15,1.2547088618011146,0.6610989341549391,-1.320734506022777,1.0140101884349657,4,0.9161491844214572,0,0,-0.6031089213795116,1
3626,1,-0.24814679434461676,0.6210857315226723,-0.8352935436244674,1.2418959358960706,1,-0.6682574493739278,0,1,-1.6989246763518622,1
3627,2,0.9902500388142728,-0.3176240022311628,-0.14588579030249807,0.5582386935127562,0,-0.6682574493739278,0,0,1.7018828390795706,1
3628,1,-0.24814679434461676,0.6210857315226723,1.3349131118032704,-1.4927330336371867,3,1.866793164698688,0,0,-1.585564425837481,3
3629,1,-0.24814679434461676,0.6210857315226723,-1.1657197449207959,0.6721815672433087,0,-0.6682574493739278,1,0,-0.3763884203507494,1
3630,9,1.3623162449474802,-0.524092127813878,0.11927103789825937,0.3303529460516515,2,-0.6682574493739278,0,0,-0.7920426722368133,2
3631,8,0.6510132038105156,-0.21519020349247783,0.4211418884652755,-0.6381614806580438,3,1.7083525013191496,0,1,1.4373755878793482,0
3632,7,-0.383111986765481,-1.2515321516691895,-0.7373894839811108,0.4442958197822039,4,0.7577085210419187,0,1,0.039265831535314634,2
3633,14,0.9264151505071309,0.868367323790327,0.009128970799483199,-1.0939329755802534,3,1.0745898478009956,1,0,0.492706833592839,3
3634,4,0.30995251485512954,0.3914099484132469,-0.6190887452453883,0.3303529460516515,3,1.866793164698688,0,0,0.7194273346216012,2
3635,13,-0.12047701773033298,0.5410593262580249,-0.5538193721498172,0.9570387515696896,1,-0.6682574493739278,0,0,1.097294836336205,1
3636,1,-0.24814679434461676,0.6210857315226723,0.8943448434081657,-1.4927330336371867,3,1.549911837939611,1,0,-0.6031089213795116,3
3637,0,0.6473654959072578,0.16733601367230244,-0.6598821034301202,-0.4672471700622152,3,1.549911837939611,1,0,-0.3763884203507494,0
3638,11,-1.7838318216197984,-1.4067833778824486,1.4858485370867784,-1.4927330336371867,4,1.2330305111805342,1,1,0.5304935837642993,3
3639,9,1.3623162449474802,-0.524092127813878,0.6862987166660329,-0.18238998573583423,0,-0.6682574493739278,0,0,0.4171333332499183,2
3640,10,-0.17336878232770134,-0.10715455638531189,-0.7455481556180572,0.4442958197822039,3,1.7083525013191496,0,0,-0.2252414196649079,2
3641,2,0.9902500388142728,-0.3176240022311628,-0.8883249092646189,0.6152101303780324,4,2.500555818216842,0,0,-0.18745466949344755,1
3642,6,0.23335064888652038,1.3893392220629235,0.5149666122901589,-0.011475675140005663,0,-0.6682574493739278,0,0,-1.2454836742943378,2
3643,9,1.3623162449474802,-0.524092127813878,-1.700112737140784,1.1849244990307943,1,-0.6682574493739278,1,0,-1.5099909254945603,1
3644,4,0.30995251485512954,0.3914099484132469,-0.38656660359241635,0.10246719859054672,4,1.866793164698688,0,0,0.22819958239261645,2
3645,4,0.30995251485512954,0.3914099484132469,0.8657894926788534,-1.4927330336371867,3,0.4408271942828417,1,0,1.1728683366791255,3
3646,6,0.23335064888652038,1.3893392220629235,-0.8434522152614138,0.5582386935127562,4,2.3421151548373036,0,0,1.2862285871935066,1
3647,10,-0.17336878232770134,-0.10715455638531189,-0.7904208496212622,0.3303529460516515,1,-0.6682574493739278,1,1,0.6438538342786805,2
3648,12,-2.008165857670674,1.9735319804944969,1.4450551789020465,-1.4927330336371867,4,-0.03449479585577385,0,0,1.62630933873665,3
3649,13,-0.12047701773033298,0.5410593262580249,1.261485067070753,-0.7521043543885961,1,-0.6682574493739278,0,0,1.2484418370220463,3
3650,12,-2.008165857670674,1.9735319804944969,0.5965533286596227,-0.8090757912538723,3,0.2823865309033032,0,0,1.2106550868505859,0
3651,3,-1.4828959196003133,-1.3459633098813757,0.009128970799483199,-0.410275733196939,0,-0.6682574493739278,1,0,-1.6233511760089414,0
3652,7,-0.383111986765481,-1.2515321516691895,-0.08877508884387339,0.5012672566474801,0,-0.6682574493739278,0,0,-1.5099909254945603,1
3653,8,0.6510132038105156,-0.21519020349247783,1.1513429999719769,-1.321818723041358,4,-0.19293545923531236,0,0,-1.3966306749801791,3
3654,0,0.6473654959072578,0.16733601367230244,0.09479502298742022,0.3303529460516515,1,-0.6682574493739278,0,1,-0.41417517052220976,2
3655,11,-1.7838318216197984,-1.4067833778824486,0.05808100062116149,-0.2963328594663866,4,-0.5098167859943894,0,0,-1.585564425837481,2
3656,5,-0.47612853829875046,-1.599647014570184,0.8331548061310678,-0.3533042963316628,0,-0.6682574493739278,0,1,-0.30081492000782867,2
3657,15,1.2547088618011146,0.6610989341549391,1.669418648918072,-1.0939329755802534,0,-0.6682574493739278,0,0,-0.9054029227511945,3
3658,5,-0.47612853829875046,-1.599647014570184,0.062160336439634686,-0.2963328594663866,3,2.3421151548373036,0,0,1.324015337364967,2
3659,9,1.3623162449474802,-0.524092127813878,-1.2432271254717866,0.9000673147044134,4,-0.03449479585577385,0,0,-1.2454836742943378,1
3660,12,-2.008165857670674,1.9735319804944969,0.13558838117215213,0.3303529460516515,1,-0.6682574493739278,0,0,-0.4519619206936701,2
3661,14,0.9264151505071309,0.868367323790327,0.4252212242837487,-0.6381614806580438,4,-0.03449479585577385,0,0,-1.056549923437036,0
3662,14,0.9264151505071309,0.868367323790327,0.2906031422741334,-0.69513291752332,1,-0.6682574493739278,1,1,0.07705258170677501,0
3663,9,1.3623162449474802,-0.524092127813878,0.17230240353841084,-0.410275733196939,3,-0.35137612261485085,0,0,-0.2252414196649079,0
3664,9,1.3623162449474802,-0.524092127813878,-0.0071883724744095665,-0.23936142260111043,4,2.500555818216842,0,1,1.4373755878793482,2
3665,15,1.2547088618011146,0.6610989341549391,0.7638060972170236,-0.23936142260111043,2,-0.6682574493739278,0,0,-0.9809764230941153,2
3666,8,0.6510132038105156,-0.21519020349247783,1.0983116343318253,-1.4357615967719104,1,-0.6682574493739278,1,0,-1.585564425837481,3
3667,13,-0.12047701773033298,0.5410593262580249,-0.0071883724744095665,0.4442958197822039,1,-0.6682574493739278,0,0,-1.585564425837481,2
3668,14,0.9264151505071309,0.868367323790327,-1.512463289491017,1.1849244990307943,3,2.500555818216842,0,0,0.5304935837642993,1
3669,7,-0.383111986765481,-1.2515321516691895,-0.7496274914365304,0.4442958197822039,3,1.3914711745600725,0,0,-1.358843924808719,2
3670,11,-1.7838318216197984,-1.4067833778824486,0.2906031422741334,0.1594386354558229,1,-0.6682574493739278,0,0,0.45492008342137863,2
3671,9,1.3623162449474802,-0.524092127813878,0.27836513481871383,0.1594386354558229,1,-0.6682574493739278,0,0,0.3037730827355372,2
3672,2,0.9902500388142728,-0.3176240022311628,-0.08061641720692701,-0.18238998573583423,3,-0.35137612261485085,0,0,-0.1496679193219872,2
3673,6,0.23335064888652038,1.3893392220629235,-1.2595444687456794,0.9570387515696896,3,2.0252338280782265,0,1,-1.358843924808719,1
3674,9,1.3623162449474802,-0.524092127813878,-0.04798173065914148,-0.18238998573583423,3,2.3421151548373036,0,0,-0.9054029227511945,2
3675,7,-0.383111986765481,-1.2515321516691895,0.58023598538573,-0.06844711200528185,1,-0.6682574493739278,0,0,-0.9809764230941153,2
3676,14,0.9264151505071309,0.868367323790327,1.2533263954338065,-1.3787901599066343,4,1.549911837939611,0,0,0.26598633256407683,3
3677,4,0.30995251485512954,0.3914099484132469,0.25796845572634786,0.2164100723210991,0,-0.6682574493739278,0,0,0.34155983290699754,2
3678,3,-1.4828959196003133,-1.3459633098813757,1.2900404178000653,-1.4357615967719104,4,1.0745898478009956,0,1,0.7572140847930615,3
3679,8,0.6510132038105156,-0.21519020349247783,-0.3661699245000504,0.10246719859054672,4,2.500555818216842,0,0,0.9839345858218238,2
3680,6,0.23335064888652038,1.3893392220629235,-0.9209595958124044,1.2988673727613467,0,-0.6682574493739278,0,1,-1.0187631732655755,1
3681,6,0.23335064888652038,1.3893392220629235,-0.8597695585353066,0.38732438291692767,0,-0.6682574493739278,1,0,-1.4722041753230999,2
3682,5,-0.47612853829875046,-1.599647014570184,-1.4064005582107142,1.070981625300242,3,-0.19293545923531236,0,0,0.7194273346216012,1
3683,12,-2.008165857670674,1.9735319804944969,0.49049059737931977,-0.011475675140005663,2,-0.6682574493739278,0,0,0.5682803339357597,2
3684,0,0.6473654959072578,0.16733601367230244,0.7352507464877113,-0.23936142260111043,2,-0.6682574493739278,0,0,1.324015337364967,2
3685,15,1.2547088618011146,0.6610989341549391,-0.8556902227168334,0.5582386935127562,3,2.183674491457765,0,0,1.0217213359932842,1
3686,0,0.6473654959072578,0.16733601367230244,1.179898350701289,-0.6381614806580438,0,-0.6682574493739278,0,0,-1.3210571746372586,3
3687,12,-2.008165857670674,1.9735319804944969,0.1926990826307768,0.27338150918637527,1,-0.6682574493739278,0,0,-0.2630281698363683,2
3688,15,1.2547088618011146,0.6610989341549391,0.2375717766339819,0.2164100723210991,1,-0.6682574493739278,0,0,-0.9431896729226549,2
3689,0,0.6473654959072578,0.16733601367230244,-0.7822621779843159,-0.3533042963316628,3,-0.35137612261485085,1,1,1.0595080861647446,2
3690,0,0.6473654959072578,0.16733601367230244,-0.3661699245000504,0.10246719859054672,3,0.7577085210419187,0,1,-0.6408956715509719,2
3691,2,0.9902500388142728,-0.3176240022311628,-0.8597695585353066,0.5582386935127562,3,2.500555818216842,0,0,-0.6786824217224323,1
3692,10,-0.17336878232770134,-0.10715455638531189,-1.4349559089400266,1.7546388676835563,0,-0.6682574493739278,0,1,1.62630933873665,1
3693,6,0.23335064888652038,1.3893392220629235,1.5674352534562424,-1.036961538714977,2,-0.6682574493739278,0,0,-1.585564425837481,3
3694,14,0.9264151505071309,0.868367323790327,1.3593891267141096,-1.4927330336371867,0,-0.6682574493739278,1,0,1.1728683366791255,3
3695,14,0.9264151505071309,0.868367323790327,-0.8312142078059942,0.38732438291692767,2,-0.6682574493739278,1,0,1.5885225885651897,2
3696,5,-0.47612853829875046,-1.599647014570184,-1.230989118016367,1.5837245570877276,0,-0.6682574493739278,0,0,0.492706833592839,1
3697,4,0.30995251485512954,0.3914099484132469,0.1478263886275717,-0.3533042963316628,3,1.549911837939611,0,0,-1.2076969241228774,2
3698,7,-0.383111986765481,-1.2515321516691895,0.1519057244460449,0.3303529460516515,1,-0.6682574493739278,0,0,-0.4519619206936701,2
3699,4,0.30995251485512954,0.3914099484132469,-1.4308765731215534,0.9000673147044134,2,-0.6682574493739278,1,0,1.0595080861647446,1
3700,13,-0.12047701773033298,0.5410593262580249,-0.9739909614525559,0.6721815672433087,3,0.12394586752376466,0,0,-0.7164691718938927,1
3701,9,1.3623162449474802,-0.524092127813878,-0.9984669763633951,1.355838809626623,1,-0.6682574493739278,0,0,-0.9431896729226549,1
3702,10,-0.17336878232770134,-0.10715455638531189,-1.1657197449207959,0.8430958778391372,4,0.4408271942828417,0,1,0.6060670841072201,1
3703,10,-0.17336878232770134,-0.10715455638531189,-1.0147843196372879,1.4128102464918992,2,-0.6682574493739278,0,0,0.5304935837642993,1
3704,4,0.30995251485512954,0.3914099484132469,-1.230989118016367,1.5837245570877276,0,-0.6682574493739278,0,1,-1.3210571746372586,1
3705,9,1.3623162449474802,-0.524092127813878,-1.5818119984050614,1.9255531782793849,2,-0.6682574493739278,0,0,-0.5275354210365908,1
3706,0,0.6473654959072578,0.16733601367230244,1.3512304550771632,-0.8090757912538723,1,-0.6682574493739278,0,1,-1.056549923437036,3
3707,9,1.3623162449474802,-0.524092127813878,0.5231252839271053,-0.06844711200528185,2,-0.6682574493739278,0,0,-0.338601670179289,2
3708,9,1.3623162449474802,-0.524092127813878,-1.6633987147745253,1.2988673727613467,4,1.3914711745600725,0,0,0.5304935837642993,1
3709,6,0.23335064888652038,1.3893392220629235,0.8249961344941215,-0.2963328594663866,0,-0.6682574493739278,0,0,-1.6989246763518622,2
3710,1,-0.24814679434461676,0.6210857315226723,1.3185957685293777,-1.4927330336371867,4,1.7083525013191496,0,0,1.3995888377078878,3
3711,2,0.9902500388142728,-0.3176240022311628,1.306357761073958,-1.4357615967719104,4,-0.03449479585577385,0,0,-0.036307668807606094,3
3712,15,1.2547088618011146,0.6610989341549391,-0.6231680810638615,0.3303529460516515,3,1.866793164698688,0,0,-1.0187631732655755,2
3713,8,0.6510132038105156,-0.21519020349247783,0.4293005601022219,-1.4927330336371867,3,1.866793164698688,1,1,-1.1321234237799567,3
3714,15,1.2547088618011146,0.6610989341549391,-1.3044171627488843,0.10246719859054672,4,1.3914711745600725,1,0,1.324015337364967,2
3715,3,-1.4828959196003133,-1.3459633098813757,1.1758190148828158,-0.6381614806580438,2,-0.6682574493739278,0,0,1.3618020875364274,3
3716,11,-1.7838318216197984,-1.4067833778824486,1.2329297163414406,-0.69513291752332,2,-0.6682574493739278,0,0,-0.6031089213795116,3
3717,5,-0.47612853829875046,-1.599647014570184,1.1880570223382354,-0.6381614806580438,0,-0.6682574493739278,0,0,-1.1321234237799567,3
3718,9,1.3623162449474802,-0.524092127813878,-0.0846957530254002,-0.18238998573583423,4,1.549911837939611,0,0,-1.6989246763518622,2
3719,12,-2.008165857670674,1.9735319804944969,0.2334924408155087,0.2164100723210991,2,-0.6682574493739278,0,1,-1.358843924808719,2
3720,2,0.9902500388142728,-0.3176240022311628,0.5068079406532126,-0.69513291752332,4,-0.19293545923531236,0,0,-1.2076969241228774,0
3721,4,0.30995251485512954,0.3914099484132469,-0.4681533199618802,-0.6381614806580438,4,1.866793164698688,1,0,-1.0187631732655755,0
3722,9,1.3623162449474802,-0.524092127813878,-0.9780702972710291,1.355838809626623,0,-0.6682574493739278,0,0,1.512949088222269,1
3723,12,-2.008165857670674,1.9735319804944969,0.559839306293364,-1.4927330336371867,4,0.7577085210419187,1,1,1.324015337364967,3
3724,3,-1.4828959196003133,-1.3459633098813757,-1.2636238045641526,1.640695993953004,0,-0.6682574493739278,0,0,1.3618020875364274,1
3725,9,1.3623162449474802,-0.524092127813878,-1.0107049838188147,1.4128102464918992,0,-0.6682574493739278,0,0,1.135081586507665,1
3726,7,-0.383111986765481,-1.2515321516691895,-0.9250389316308776,1.2988673727613467,1,-0.6682574493739278,0,0,-0.9054029227511945,1
3727,15,1.2547088618011146,0.6610989341549391,-0.721072140707218,1.1279530621655183,0,-0.6682574493739278,0,0,1.097294836336205,1
3728,0,0.6473654959072578,0.16733601367230244,-1.0107049838188147,0.7291530041085849,3,1.3914711745600725,0,0,-0.48974867086513046,1
3729,2,0.9902500388142728,-0.3176240022311628,0.7964407837648091,-0.9799901018497009,3,1.0745898478009956,0,1,-1.5477776756660206,3
3730,15,1.2547088618011146,0.6610989341549391,-1.634843364045213,1.2988673727613467,4,0.7577085210419187,0,0,-0.036307668807606094,1
3731,13,-0.12047701773033298,0.5410593262580249,-0.2193138350350155,-0.011475675140005663,4,0.5992678576623801,0,0,1.0595080861647446,2
3732,12,-2.008165857670674,1.9735319804944969,0.05808100062116149,-1.1509044124455294,4,0.7577085210419187,1,1,-1.4722041753230999,3
3733,2,0.9902500388142728,-0.3176240022311628,0.025446314073375963,0.4442958197822039,0,-0.6682574493739278,0,0,-1.5099909254945603,2
3734,2,0.9902500388142728,-0.3176240022311628,-0.039823059022195094,-0.18238998573583423,3,0.12394586752376466,0,0,1.324015337364967,2
3735,6,0.23335064888652038,1.3893392220629235,-0.7251514765256912,0.27338150918637527,1,-0.6682574493739278,1,1,1.6640960889081102,2
3736,5,-0.47612853829875046,-1.599647014570184,-0.34169390958921125,0.10246719859054672,4,-0.5098167859943894,0,1,1.3618020875364274,2
3737,4,0.30995251485512954,0.3914099484132469,-1.634843364045213,1.982524615144661,2,-0.6682574493739278,0,0,-0.1496679193219872,1
3738,4,0.30995251485512954,0.3914099484132469,1.3185957685293777,-0.8090757912538723,2,-0.6682574493739278,0,0,-1.2076969241228774,3
3739,8,0.6510132038105156,-0.21519020349247783,0.7026160599399257,-1.036961538714977,1,-0.6682574493739278,1,0,-0.07409441897906646,3
3740,1,-0.24814679434461676,0.6210857315226723,-1.5206219611279634,1.8685817414141086,1,-0.6682574493739278,0,1,0.6060670841072201,1
3741,0,0.6473654959072578,0.16733601367230244,-1.512463289491017,1.8685817414141086,2,-0.6682574493739278,0,0,-1.0187631732655755,1
3742,12,-2.008165857670674,1.9735319804944969,-0.721072140707218,1.1279530621655183,0,-0.6682574493739278,0,0,1.1728683366791255,1
3743,4,0.30995251485512954,0.3914099484132469,1.2981990894370117,-1.4927330336371867,2,-0.6682574493739278,1,0,-1.2832704244657982,3
3744,9,1.3623162449474802,-0.524092127813878,1.367547798351056,-1.4927330336371867,3,0.4408271942828417,0,0,-0.18745466949344755,3
3745,4,0.30995251485512954,0.3914099484132469,0.7474887539431309,-1.0939329755802534,0,-0.6682574493739278,1,0,0.5682803339357597,3
3746,6,0.23335064888652038,1.3893392220629235,-1.0596570136404928,0.7291530041085849,4,1.7083525013191496,0,0,0.039265831535314634,1
3747,14,0.9264151505071309,0.868367323790327,1.0575182761470934,-1.3787901599066343,2,-0.6682574493739278,1,0,1.135081586507665,3
3748,11,-1.7838318216197984,-1.4067833778824486,-1.0147843196372879,0.7291530041085849,4,-0.03449479585577385,0,0,-1.358843924808719,1
3749,1,-0.24814679434461676,0.6210857315226723,1.5959906041855545,-1.4927330336371867,4,1.7083525013191496,0,1,1.3618020875364274,3
3750,2,0.9902500388142728,-0.3176240022311628,0.5720773137487836,-0.9230186649844248,2,-0.6682574493739278,1,0,-0.8298294224082737,0
3751,15,1.2547088618011146,0.6610989341549391,0.9514555448667904,-0.4672471700622152,2,-0.6682574493739278,0,0,1.2862285871935066,3
3752,9,1.3623162449474802,-0.524092127813878,1.4368965072651,-1.4927330336371867,1,-0.6682574493739278,1,1,1.2484418370220463,3
3753,9,1.3623162449474802,-0.524092127813878,0.5557599704748908,-0.9230186649844248,2,-0.6682574493739278,1,0,0.6060670841072201,0
3754,12,-2.008165857670674,1.9735319804944969,-0.01942637992982914,0.4442958197822039,0,-0.6682574493739278,0,0,0.45492008342137863,2
3755,15,1.2547088618011146,0.6610989341549391,-0.33353523795226486,0.7291530041085849,1,-0.6682574493739278,0,0,-1.1321234237799567,1
3756,7,-0.383111986765481,-1.2515321516691895,1.6775773205550184,-1.0939329755802534,0,-0.6682574493739278,0,1,-0.2252414196649079,3
3757,0,0.6473654959072578,0.16733601367230244,1.1758190148828158,-1.321818723041358,4,0.9161491844214572,0,0,1.4373755878793482,3
3758,13,-0.12047701773033298,0.5410593262580249,-0.35801125286310403,0.10246719859054672,4,0.9161491844214572,0,1,0.3037730827355372,2
3759,5,-0.47612853829875046,-1.599647014570184,1.2166123730675478,-1.3787901599066343,3,0.9161491844214572,0,0,0.1904128322211561,3
3760,2,0.9902500388142728,-0.3176240022311628,-0.11325110375471253,-0.12541854887055803,4,2.183674491457765,0,0,1.5885225885651897,2
3761,13,-0.12047701773033298,0.5410593262580249,0.35995185118817763,-0.5811900437927676,3,0.12394586752376466,0,0,0.9461478356503634,0
3762,0,0.6473654959072578,0.16733601367230244,0.8617101568603802,-1.036961538714977,3,1.2330305111805342,0,0,1.097294836336205,3
3763,0,0.6473654959072578,0.16733601367230244,0.11927103789825937,-0.3533042963316628,4,0.12394586752376466,0,0,-0.6031089213795116,2
3764,14,0.9264151505071309,0.868367323790327,-1.6919540655038376,1.1849244990307943,1,-0.6682574493739278,1,0,1.0595080861647446,1
3765,7,-0.383111986765481,-1.2515321516691895,1.1023909701502985,-0.5811900437927676,0,-0.6682574493739278,0,0,0.7572140847930615,3
3766,10,-0.17336878232770134,-0.10715455638531189,0.4048245451913828,-0.6381614806580438,4,0.7577085210419187,0,0,-1.0187631732655755,0
3767,0,0.6473654959072578,0.16733601367230244,-1.4512732522139193,1.1279530621655183,4,0.5992678576623801,0,1,-0.30081492000782867,1
3768,1,-0.24814679434461676,0.6210857315226723,0.6455053584813011,-0.18238998573583423,1,-0.6682574493739278,0,0,0.15262608204969574,2
3769,0,0.6473654959072578,0.16733601367230244,0.368110522825124,-0.7521043543885961,1,-0.6682574493739278,1,0,1.2484418370220463,0
3770,8,0.6510132038105156,-0.21519020349247783,-1.6511607073191057,1.2988673727613467,4,1.3914711745600725,0,0,1.2862285871935066,1
3771,8,0.6510132038105156,-0.21519020349247783,1.306357761073958,-1.4927330336371867,2,-0.6682574493739278,1,0,-0.5275354210365908,3
3772,12,-2.008165857670674,1.9735319804944969,0.9147415225005316,-1.0939329755802534,3,1.549911837939611,0,1,-0.6408956715509719,3
3773,12,-2.008165857670674,1.9735319804944969,1.0044869105069418,-1.321818723041358,0,-0.6682574493739278,1,1,-1.358843924808719,3
3774,6,0.23335064888652038,1.3893392220629235,-1.2024337672870546,0.9000673147044134,3,1.0745898478009956,0,0,-0.18745466949344755,1
3775,5,-0.47612853829875046,-1.599647014570184,-0.9005629167200384,1.2988673727613467,0,-0.6682574493739278,0,0,-1.169910173951417,1
3776,5,-0.47612853829875046,-1.599647014570184,0.8984241792266389,-1.2648472861760818,0,-0.6682574493739278,1,0,-0.1496679193219872,3
3777,7,-0.383111986765481,-1.2515321516691895,0.021366978254902774,0.4442958197822039,2,-0.6682574493739278,0,0,-0.18745466949344755,2
3778,14,0.9264151505071309,0.868367323790327,0.21717509754161596,0.2164100723210991,2,-0.6682574493739278,0,1,-0.6031089213795116,2
3779,8,0.6510132038105156,-0.21519020349247783,0.6822193808475597,-0.18238998573583423,1,-0.6682574493739278,0,1,1.2106550868505859,2
3780,6,0.23335064888652038,1.3893392220629235,-1.5410186402203294,1.1849244990307943,3,0.9161491844214572,0,0,0.908361085478903,1
3781,9,1.3623162449474802,-0.524092127813878,-0.8597695585353066,1.2418959358960706,0,-0.6682574493739278,0,0,-1.4344174251516395,1
3782,13,-0.12047701773033298,0.5410593262580249,-0.04390239484066829,0.5012672566474801,0,-0.6682574493739278,0,1,-1.4722041753230999,1
3783,1,-0.24814679434461676,0.6210857315226723,-1.2350684538348402,0.9000673147044134,3,0.7577085210419187,0,0,-1.056549923437036,1
3784,4,0.30995251485512954,0.3914099484132469,1.3879444774434218,-0.8660472281191486,1,-0.6682574493739278,0,0,1.4751623380508085,3
3785,3,-1.4828959196003133,-1.3459633098813757,-0.07245774556998062,-0.18238998573583423,4,1.549911837939611,0,0,1.135081586507665,2
3786,9,1.3623162449474802,-0.524092127813878,1.5674352534562424,-1.4927330336371867,4,1.7083525013191496,0,1,-0.41417517052220976,3
3787,13,-0.12047701773033298,0.5410593262580249,1.1717396790643426,-0.6381614806580438,1,-0.6682574493739278,0,0,-0.9431896729226549,3
3788,6,0.23335064888652038,1.3893392220629235,-0.09285442466234659,-0.12541854887055803,3,0.2823865309033032,0,0,0.9461478356503634,2
3789,6,0.23335064888652038,1.3893392220629235,-0.933197603267824,1.2988673727613467,2,-0.6682574493739278,0,0,0.6816405844501409,1
3790,4,0.30995251485512954,0.3914099484132469,-1.0800536927328588,-0.06844711200528185,4,-0.35137612261485085,1,1,0.1904128322211561,2
3791,3,-1.4828959196003133,-1.3459633098813757,-1.5858913342235346,1.2418959358960706,4,0.9161491844214572,0,1,-1.4722041753230999,1
3792,2,0.9902500388142728,-0.3176240022311628,-0.912800924175458,1.2988673727613467,1,-0.6682574493739278,0,1,-0.30081492000782867,1
3793,8,0.6510132038105156,-0.21519020349247783,0.037684321528795535,0.38732438291692767,0,-0.6682574493739278,0,0,0.07705258170677501,2
3794,6,0.23335064888652038,1.3893392220629235,-1.6919540655038376,2.0394960520099374,2,-0.6682574493739278,0,0,-0.8676161725797341,1
3795,7,-0.383111986765481,-1.2515321516691895,-0.34985258122615764,0.10246719859054672,3,0.12394586752376466,0,0,-1.3210571746372586,2
3796,7,-0.383111986765481,-1.2515321516691895,1.7428466936505895,-1.4927330336371867,3,1.866793164698688,0,1,0.7194273346216012,3
3797,13,-0.12047701773033298,0.5410593262580249,-0.003109036655936375,-0.23936142260111043,3,0.5992678576623801,0,0,-1.5477776756660206,2
3798,4,0.30995251485512954,0.3914099484132469,0.27428579900024064,-0.4672471700622152,3,-0.03449479585577385,0,0,-1.0187631732655755,0
3799,11,-1.7838318216197984,-1.4067833778824486,-0.6476440959747006,0.2164100723210991,2,-0.6682574493739278,1,0,-1.056549923437036,2
3800,9,1.3623162449474802,-0.524092127813878,-0.34577324540768445,0.786124440973861,2,-0.6682574493739278,0,0,-1.585564425837481,1
3801,5,-0.47612853829875046,-1.599647014570184,1.689815328010438,-1.1509044124455294,1,-0.6682574493739278,0,0,-1.6611379261804018,3
3802,0,0.6473654959072578,0.16733601367230244,-1.402321222392241,1.7546388676835563,2,-0.6682574493739278,0,0,-0.5275354210365908,1
3803,4,0.30995251485512954,0.3914099484132469,-1.7082714087777304,2.0394960520099374,2,-0.6682574493739278,0,1,-0.6786824217224323,1
3804,9,1.3623162449474802,-0.524092127813878,0.5272046197455785,-0.7521043543885961,4,-0.5098167859943894,0,1,0.22819958239261645,0
3805,9,1.3623162449474802,-0.524092127813878,1.241088387978387,-1.3787901599066343,4,0.12394586752376466,0,0,-0.3763884203507494,3
3806,15,1.2547088618011146,0.6610989341549391,-0.4069632826847823,0.8430958778391372,2,-0.6682574493739278,0,1,-0.754255922065353,1
3807,13,-0.12047701773033298,0.5410593262580249,-0.5864540586976027,-0.5242186069274913,4,1.549911837939611,1,0,0.15262608204969574,0
3808,15,1.2547088618011146,0.6610989341549391,0.35179317955123124,0.10246719859054672,2,-0.6682574493739278,0,1,1.62630933873665,2
3809,13,-0.12047701773033298,0.5410593262580249,-1.5491773118572758,1.0140101884349657,2,-0.6682574493739278,1,0,0.7194273346216012,1
3810,7,-0.383111986765481,-1.2515321516691895,0.8494721494049606,-1.2078758493108057,1,-0.6682574493739278,1,0,1.3995888377078878,3
3811,0,0.6473654959072578,0.16733601367230244,-0.36209058868157723,0.786124440973861,0,-0.6682574493739278,0,0,-1.2454836742943378,1
3812,2,0.9902500388142728,-0.3176240022311628,0.2334924408155087,-0.4672471700622152,3,2.500555818216842,0,0,0.9461478356503634,0
3813,14,0.9264151505071309,0.868367323790327,1.6857359921919648,-1.4927330336371867,3,0.12394586752376466,0,1,-0.30081492000782867,3
3814,9,1.3623162449474802,-0.524092127813878,-1.0759743569143856,1.4697816833571753,0,-0.6682574493739278,0,0,-0.4519619206936701,1
3815,6,0.23335064888652038,1.3893392220629235,0.5679979779303104,-0.06844711200528185,1,-0.6682574493739278,0,0,1.5885225885651897,2
3816,7,-0.383111986765481,-1.2515321516691895,0.7923614479463359,-0.2963328594663866,1,-0.6682574493739278,0,0,0.45492008342137863,2
3817,11,-1.7838318216197984,-1.4067833778824486,0.984090231414576,-0.4672471700622152,0,-0.6682574493739278,0,0,-0.338601670179289,3
3818,2,0.9902500388142728,-0.3176240022311628,-1.0311016629111807,0.7291530041085849,3,1.866793164698688,0,0,-0.48974867086513046,1
3819,6,0.23335064888652038,1.3893392220629235,-0.42735996177714825,0.1594386354558229,4,1.0745898478009956,0,0,0.6438538342786805,2
3820,13,-0.12047701773033298,0.5410593262580249,-0.8964835809015652,0.4442958197822039,1,-0.6682574493739278,1,0,-0.5275354210365908,2
3821,8,0.6510132038105156,-0.21519020349247783,-0.39472527522936274,0.786124440973861,1,-0.6682574493739278,0,0,0.9839345858218238,1
3822,15,1.2547088618011146,0.6610989341549391,0.6291880152074083,-0.8090757912538723,3,2.500555818216842,0,0,-1.3210571746372586,0
3823,11,-1.7838318216197984,-1.4067833778824486,1.1227876492426645,-0.5811900437927676,0,-0.6682574493739278,0,0,0.34155983290699754,3
3824,1,-0.24814679434461676,0.6210857315226723,-1.3125758343858307,0.9570387515696896,3,0.7577085210419187,0,0,0.4171333332499183,1
3825,3,-1.4828959196003133,-1.3459633098813757,-1.6062880133159005,1.9255531782793849,2,-0.6682574493739278,0,1,-1.2454836742943378,1
3826,3,-1.4828959196003133,-1.3459633098813757,0.8902655075896925,-0.410275733196939,1,-0.6682574493739278,0,0,-1.5477776756660206,0
3827,2,0.9902500388142728,-0.3176240022311628,-0.4967086706911925,0.9000673147044134,1,-0.6682574493739278,0,0,0.7572140847930615,1
3828,14,0.9264151505071309,0.868367323790327,-0.24786918576432784,0.6721815672433087,0,-0.6682574493739278,0,1,0.15262608204969574,1
3829,11,-1.7838318216197984,-1.4067833778824486,-1.4308765731215534,1.7546388676835563,1,-0.6682574493739278,0,0,0.5682803339357597,1
3830,13,-0.12047701773033298,0.5410593262580249,-0.24378984994585465,0.6721815672433087,1,-0.6682574493739278,0,0,-0.48974867086513046,1
3831,1,-0.24814679434461676,0.6210857315226723,-1.3533691925705627,1.0140101884349657,3,2.3421151548373036,0,0,1.0217213359932842,1
3832,14,0.9264151505071309,0.868367323790327,0.9555348806852636,-0.4672471700622152,0,-0.6682574493739278,0,1,1.0217213359932842,3
3833,14,0.9264151505071309,0.868367323790327,0.8005201195832823,-0.9799901018497009,3,1.2330305111805342,0,0,-1.6611379261804018,3
3834,6,0.23335064888652038,1.3893392220629235,-1.422717901484607,1.7546388676835563,2,-0.6682574493739278,0,0,0.039265831535314634,1
3835,4,0.30995251485512954,0.3914099484132469,-0.15812379775791766,-0.9230186649844248,4,2.183674491457765,1,0,0.9461478356503634,0
3836,10,-0.17336878232770134,-0.10715455638531189,1.2655644028892261,-1.4927330336371867,3,0.2823865309033032,1,0,1.2106550868505859,3
3837,12,-2.008165857670674,1.9735319804944969,-0.9005629167200384,1.2988673727613467,0,-0.6682574493739278,0,0,-1.169910173951417,1
3838,8,0.6510132038105156,-0.21519020349247783,1.179898350701289,-0.6381614806580438,0,-0.6682574493739278,0,0,0.3037730827355372,3
3839,9,1.3623162449474802,-0.524092127813878,-0.011267708292882758,-0.23936142260111043,4,0.2823865309033032,0,1,-1.0187631732655755,2
3840,11,-1.7838318216197984,-1.4067833778824486,0.17638173935688403,0.27338150918637527,0,-0.6682574493739278,0,0,-1.1321234237799567,2
3841,10,-0.17336878232770134,-0.10715455638531189,0.8209167986756483,-0.2963328594663866,1,-0.6682574493739278,0,1,1.5885225885651897,2
3842,5,-0.47612853829875046,-1.599647014570184,0.5068079406532126,-1.4927330336371867,4,2.3421151548373036,1,1,-0.4519619206936701,3
3843,0,0.6473654959072578,0.16733601367230244,0.9677728881406832,-1.4927330336371867,3,2.500555818216842,1,0,-0.41417517052220976,3
3844,2,0.9902500388142728,-0.3176240022311628,0.922900194137478,-1.4927330336371867,4,1.549911837939611,1,0,0.15262608204969574,3
3845,2,0.9902500388142728,-0.3176240022311628,-0.24786918576432784,-0.18238998573583423,0,-0.6682574493739278,1,0,-1.4722041753230999,2
3846,13,-0.12047701773033298,0.5410593262580249,1.2778024103446457,-1.4357615967719104,4,-0.35137612261485085,0,0,-0.7164691718938927,3
3847,7,-0.383111986765481,-1.2515321516691895,0.25388911990787466,-0.4672471700622152,4,-0.35137612261485085,0,1,-1.6233511760089414,0
3848,11,-1.7838318216197984,-1.4067833778824486,-1.361527864207509,0.8430958778391372,1,-0.6682574493739278,1,0,1.0217213359932842,1
3849,1,-0.24814679434461676,0.6210857315226723,-1.320734506022777,1.0140101884349657,4,0.4408271942828417,0,1,1.135081586507665,1
3850,3,-1.4828959196003133,-1.3459633098813757,0.16414373190146447,-1.2648472861760818,4,-0.5098167859943894,1,1,-1.5477776756660206,3
3851,10,-0.17336878232770134,-0.10715455638531189,-0.8393728794429406,0.38732438291692767,1,-0.6682574493739278,1,0,0.6816405844501409,2
3852,7,-0.383111986765481,-1.2515321516691895,0.8086787912202287,-0.9799901018497009,3,1.866793164698688,0,0,0.5304935837642993,3
3853,7,-0.383111986765481,-1.2515321516691895,-0.5538193721498172,0.27338150918637527,3,1.2330305111805342,0,0,-1.169910173951417,2
3854,1,-0.24814679434461676,0.6210857315226723,0.18454041099383042,0.27338150918637527,1,-0.6682574493739278,0,0,1.2484418370220463,2
3855,4,0.30995251485512954,0.3914099484132469,1.2247710447044942,-1.3787901599066343,3,1.866793164698688,0,0,-1.2454836742943378,3
3856,4,0.30995251485512954,0.3914099484132469,0.13966771699062533,-0.3533042963316628,3,1.549911837939611,0,0,-0.3763884203507494,2
3857,12,-2.008165857670674,1.9735319804944969,0.3436345079142849,0.10246719859054672,0,-0.6682574493739278,0,0,-0.48974867086513046,2
3858,3,-1.4828959196003133,-1.3459633098813757,-1.6226053565897933,1.982524615144661,2,-0.6682574493739278,0,0,-1.358843924808719,1
3859,7,-0.383111986765481,-1.2515321516691895,-0.2682658648566938,0.6721815672433087,2,-0.6682574493739278,0,0,0.11483933187823536,1
3860,11,-1.7838318216197984,-1.4067833778824486,0.8861861717712193,-1.036961538714977,4,1.866793164698688,0,1,-0.036307668807606094,3
3861,8,0.6510132038105156,-0.21519020349247783,1.2288503805229674,-1.4927330336371867,4,0.5992678576623801,1,1,1.4751623380508085,3
3862,12,-2.008165857670674,1.9735319804944969,1.028962925417781,-1.2078758493108057,4,1.0745898478009956,0,0,0.492706833592839,3
3863,6,0.23335064888652038,1.3893392220629235,0.96369355232221,-0.4672471700622152,2,-0.6682574493739278,0,0,1.62630933873665,3
3864,15,1.2547088618011146,0.6610989341549391,-0.95359428236019,1.355838809626623,0,-0.6682574493739278,0,0,0.7194273346216012,1
3865,1,-0.24814679434461676,0.6210857315226723,-1.2432271254717866,0.9000673147044134,3,-0.5098167859943894,0,0,0.7572140847930615,1
3866,13,-0.12047701773033298,0.5410593262580249,-0.5252640214205049,0.9570387515696896,1,-0.6682574493739278,0,0,1.512949088222269,1
3867,13,-0.12047701773033298,0.5410593262580249,1.1268669850611377,-1.2648472861760818,4,1.3914711745600725,0,0,-0.9809764230941153,3
3868,11,-1.7838318216197984,-1.4067833778824486,-0.786341513802789,1.1849244990307943,1,-0.6682574493739278,0,1,1.135081586507665,1
3869,11,-1.7838318216197984,-1.4067833778824486,0.837234141949541,-1.036961538714977,4,0.2823865309033032,0,1,-0.30081492000782867,3
3870,12,-2.008165857670674,1.9735319804944969,0.6169500077519887,-0.8090757912538723,3,-0.19293545923531236,0,0,1.2106550868505859,0
3871,11,-1.7838318216197984,-1.4067833778824486,0.35179317955123124,0.10246719859054672,0,-0.6682574493739278,0,0,-1.2076969241228774,2
3872,0,0.6473654959072578,0.16733601367230244,0.16822306771993767,-0.410275733196939,3,1.0745898478009956,0,0,0.6816405844501409,0
3873,9,1.3623162449474802,-0.524092127813878,0.7964407837648091,-0.2963328594663866,2,-0.6682574493739278,0,1,-1.6611379261804018,2
3874,9,1.3623162449474802,-0.524092127813878,-0.9454356107232436,0.6152101303780324,4,0.12394586752376466,0,0,-1.4722041753230999,1
3875,0,0.6473654959072578,0.16733601367230244,-0.4559153125064606,0.1594386354558229,4,2.3421151548373036,0,0,-1.5477776756660206,2
3876,11,-1.7838318216197984,-1.4067833778824486,-0.19075848430570316,-0.06844711200528185,4,-0.5098167859943894,0,0,0.492706833592839,2
3877,4,0.30995251485512954,0.3914099484132469,-0.5252640214205049,-0.5811900437927676,4,-0.5098167859943894,1,0,-1.1321234237799567,0
3878,7,-0.383111986765481,-1.2515321516691895,-1.5043046178540707,1.8685817414141086,1,-0.6682574493739278,0,0,-1.3210571746372586,1
3879,2,0.9902500388142728,-0.3176240022311628,-0.09693376048081978,0.5582386935127562,0,-0.6682574493739278,0,0,0.34155983290699754,1
3880,5,-0.47612853829875046,-1.599647014570184,1.6531013056441792,-1.0939329755802534,0,-0.6682574493739278,0,0,-0.07409441897906646,3
3881,14,0.9264151505071309,0.868367323790327,0.06623967225810788,-0.2963328594663866,4,0.7577085210419187,0,0,0.6060670841072201,2
3882,9,1.3623162449474802,-0.524092127813878,0.38850720191749,0.10246719859054672,1,-0.6682574493739278,0,0,-1.6989246763518622,2
3883,0,0.6473654959072578,0.16733601367230244,-1.0718950210959124,1.4697816833571753,2,-0.6682574493739278,0,0,0.22819958239261645,1
3884,14,0.9264151505071309,0.868367323790327,0.6210293435704619,-0.12541854887055803,0,-0.6682574493739278,0,0,-0.1496679193219872,2
3885,0,0.6473654959072578,0.16733601367230244,-0.34577324540768445,0.786124440973861,1,-0.6682574493739278,0,0,1.2862285871935066,1
3886,12,-2.008165857670674,1.9735319804944969,1.3961031490803681,-1.4927330336371867,3,2.3421151548373036,0,0,-1.4722041753230999,3
3887,0,0.6473654959072578,0.16733601367230244,0.9555348806852636,-0.4672471700622152,1,-0.6682574493739278,0,1,1.5885225885651897,3
3888,8,0.6510132038105156,-0.21519020349247783,0.16822306771993767,-0.5811900437927676,1,-0.6682574493739278,1,1,0.8705743353074427,0
3889,0,0.6473654959072578,0.16733601367230244,-1.7164300804146768,1.355838809626623,4,0.2823865309033032,0,0,-1.4344174251516395,1
3890,11,-1.7838318216197984,-1.4067833778824486,0.9025035150451121,-1.0939329755802534,3,-0.5098167859943894,0,0,-1.5477776756660206,3
3891,0,0.6473654959072578,0.16733601367230244,-0.4763119915988266,0.04549576172527053,0,-0.6682574493739278,1,1,0.3793465830784579,2
3892,3,-1.4828959196003133,-1.3459633098813757,-1.3370518492966699,1.0140101884349657,3,-0.03449479585577385,0,0,0.9461478356503634,1
3893,3,-1.4828959196003133,-1.3459633098813757,1.1227876492426645,-1.4927330336371867,3,-0.03449479585577385,1,1,-1.6611379261804018,3
3894,6,0.23335064888652038,1.3893392220629235,1.7265293503766967,-1.1509044124455294,0,-0.6682574493739278,0,1,1.324015337364967,3
3895,11,-1.7838318216197984,-1.4067833778824486,-0.827134871987521,0.5582386935127562,4,2.0252338280782265,0,0,-0.2252414196649079,1
3896,6,0.23335064888652038,1.3893392220629235,0.6495846942997743,-0.8660472281191486,4,0.12394586752376466,0,1,0.039265831535314634,0
3897,5,-0.47612853829875046,-1.599647014570184,-0.8883249092646189,0.6152101303780324,4,0.9161491844214572,0,0,-1.6611379261804018,1
3898,4,0.30995251485512954,0.3914099484132469,0.3966658735544364,0.10246719859054672,2,-0.6682574493739278,0,1,0.07705258170677501,2
3899,4,0.30995251485512954,0.3914099484132469,0.7148540673953453,-0.23936142260111043,2,-0.6682574493739278,0,0,-0.5653221712080512,2
3900,6,0.23335064888652038,1.3893392220629235,0.08255701553200064,-0.2963328594663866,4,1.549911837939611,0,0,-1.056549923437036,2
3901,7,-0.383111986765481,-1.2515321516691895,-0.9495149465417168,0.5012672566474801,2,-0.6682574493739278,1,0,1.7018828390795706,1
3902,13,-0.12047701773033298,0.5410593262580249,-0.9046422525385116,1.2988673727613467,1,-0.6682574493739278,0,0,-0.41417517052220976,1
3903,13,-0.12047701773033298,0.5410593262580249,-0.7577861630734768,1.1279530621655183,0,-0.6682574493739278,0,0,0.22819958239261645,1
3904,11,-1.7838318216197984,-1.4067833778824486,-1.659319378956052,1.2988673727613467,3,0.4408271942828417,0,0,0.8705743353074427,1
3905,13,-0.12047701773033298,0.5410593262580249,1.2574057312522797,-0.7521043543885961,0,-0.6682574493739278,0,0,0.6060670841072201,3
3906,12,-2.008165857670674,1.9735319804944969,0.7474887539431309,-1.4927330336371867,3,1.866793164698688,1,1,-1.0187631732655755,3
3907,4,0.30995251485512954,0.3914099484132469,-1.4064005582107142,1.7546388676835563,0,-0.6682574493739278,0,0,-0.18745466949344755,1
3908,10,-0.17336878232770134,-0.10715455638531189,-1.6430020356821593,1.982524615144661,1,-0.6682574493739278,0,0,-0.48974867086513046,1
3909,5,-0.47612853829875046,-1.599647014570184,-0.7496274914365304,0.4442958197822039,3,2.3421151548373036,0,0,-1.2832704244657982,2
3910,7,-0.383111986765481,-1.2515321516691895,1.669418648918072,-1.4927330336371867,3,1.866793164698688,0,0,1.324015337364967,3
3911,10,-0.17336878232770134,-0.10715455638531189,-0.8801662376276725,0.5582386935127562,4,0.4408271942828417,0,0,-1.4344174251516395,1
3912,14,0.9264151505071309,0.868367323790327,-0.08061641720692701,0.5012672566474801,2,-0.6682574493739278,0,0,1.3995888377078878,1
3913,3,-1.4828959196003133,-1.3459633098813757,0.01320830661795639,0.4442958197822039,2,-0.6682574493739278,0,1,-0.6786824217224323,2
3914,9,1.3623162449474802,-0.524092127813878,-0.9250389316308776,1.2988673727613467,1,-0.6682574493739278,0,0,-1.3210571746372586,1
3915,14,0.9264151505071309,0.868367323790327,1.4205791639912073,-1.4927330336371867,0,-0.6682574493739278,1,1,-0.4519619206936701,3
3916,15,1.2547088618011146,0.6610989341549391,-0.39880461104783593,0.8430958778391372,2,-0.6682574493739278,0,0,0.7572140847930615,1
3917,12,-2.008165857670674,1.9735319804944969,1.6245459549148669,-1.4927330336371867,3,1.7083525013191496,0,0,1.324015337364967,3
3918,0,0.6473654959072578,0.16733601367230244,1.7346880220136431,-1.1509044124455294,0,-0.6682574493739278,0,0,0.34155983290699754,3
3919,5,-0.47612853829875046,-1.599647014570184,0.5149666122901589,-0.011475675140005663,2,-0.6682574493739278,0,0,0.11483933187823536,2
3920,14,0.9264151505071309,0.868367323790327,1.6449426340072328,-1.0939329755802534,2,-0.6682574493739278,0,1,-0.2252414196649079,3
3921,6,0.23335064888652038,1.3893392220629235,-1.3084964985673575,0.9570387515696896,4,0.7577085210419187,0,0,-1.6989246763518622,1
3922,13,-0.12047701773033298,0.5410593262580249,-0.6476440959747006,0.38732438291692767,4,2.0252338280782265,0,0,1.3995888377078878,2
3923,10,-0.17336878232770134,-0.10715455638531189,0.9025035150451121,-0.410275733196939,2,-0.6682574493739278,0,0,0.3037730827355372,0
3924,14,0.9264151505071309,0.868367323790327,0.6047120002965691,-0.12541854887055803,2,-0.6682574493739278,0,0,1.2862285871935066,2
3925,2,0.9902500388142728,-0.3176240022311628,0.8005201195832823,-1.4927330336371867,4,0.2823865309033032,1,0,0.15262608204969574,3
3926,11,-1.7838318216197984,-1.4067833778824486,0.8168374628571751,-0.2963328594663866,1,-0.6682574493739278,0,0,0.26598633256407683,2
3927,5,-0.47612853829875046,-1.599647014570184,-1.4145592298476606,1.070981625300242,3,0.2823865309033032,0,0,-0.30081492000782867,1
3928,13,-0.12047701773033298,0.5410593262580249,1.049359604510147,-0.5242186069274913,2,-0.6682574493739278,0,0,-1.0187631732655755,3
3929,9,1.3623162449474802,-0.524092127813878,0.017287642436429582,-0.23936142260111043,3,-0.19293545923531236,0,0,-0.8676161725797341,2
3930,0,0.6473654959072578,0.16733601367230244,1.3879444774434218,-1.4927330336371867,3,-0.19293545923531236,0,0,0.9461478356503634,3
3931,15,1.2547088618011146,0.6610989341549391,1.130946320879611,-0.5811900437927676,0,-0.6682574493739278,0,0,1.1728683366791255,3
3932,4,0.30995251485512954,0.3914099484132469,0.049922328984215114,-0.2963328594663866,4,2.500555818216842,0,0,-0.18745466949344755,2
3933,12,-2.008165857670674,1.9735319804944969,0.5190459481086321,-0.011475675140005663,2,-0.6682574493739278,0,0,0.3037730827355372,2
3934,7,-0.383111986765481,-1.2515321516691895,1.7265293503766967,-1.4927330336371867,1,-0.6682574493739278,1,0,-1.585564425837481,3
3935,8,0.6510132038105156,-0.21519020349247783,-0.15812379775791766,0.6152101303780324,0,-0.6682574493739278,0,0,0.15262608204969574,1
3936,14,0.9264151505071309,0.868367323790327,-0.8760869018091993,0.5582386935127562,3,1.3914711745600725,0,0,-0.6408956715509719,1
3937,14,0.9264151505071309,0.868367323790327,-1.1086090434621712,1.4697816833571753,1,-0.6682574493739278,0,0,-1.2076969241228774,1
3938,8,0.6510132038105156,-0.21519020349247783,1.5674352534562424,-1.4927330336371867,0,-0.6682574493739278,1,0,1.4373755878793482,3
3939,13,-0.12047701773033298,0.5410593262580249,0.8821068359527461,-1.036961538714977,4,0.2823865309033032,0,0,0.0014790813638542722,3
3940,10,-0.17336878232770134,-0.10715455638531189,-1.2921791552934647,0.10246719859054672,4,0.2823865309033032,1,1,-0.48974867086513046,2
3941,4,0.30995251485512954,0.3914099484132469,0.3477138437327581,-1.4357615967719104,4,1.7083525013191496,1,0,-1.169910173951417,3
3942,7,-0.383111986765481,-1.2515321516691895,1.0412009328732006,-0.5242186069274913,0,-0.6682574493739278,0,0,0.1904128322211561,3
3943,13,-0.12047701773033298,0.5410593262580249,0.58023598538573,-0.06844711200528185,1,-0.6682574493739278,0,0,1.512949088222269,2
3944,1,-0.24814679434461676,0.6210857315226723,0.8005201195832823,-0.2963328594663866,1,-0.6682574493739278,0,0,-0.6408956715509719,2
3945,10,-0.17336878232770134,-0.10715455638531189,0.6985367241214525,-0.18238998573583423,2,-0.6682574493739278,0,0,-1.5099909254945603,2
3946,5,-0.47612853829875046,-1.599647014570184,-1.4349559089400266,0.2164100723210991,4,2.183674491457765,1,0,-0.338601670179289,2
3947,14,0.9264151505071309,0.868367323790327,1.281881746163119,-1.4927330336371867,1,-0.6682574493739278,1,0,0.22819958239261645,3
3948,12,-2.008165857670674,1.9735319804944969,-1.5043046178540707,1.1849244990307943,4,2.3421151548373036,0,1,-0.8676161725797341,1
3949,3,-1.4828959196003133,-1.3459633098813757,-0.9291182674493508,1.2988673727613467,0,-0.6682574493739278,0,1,-0.7920426722368133,1
3950,2,0.9902500388142728,-0.3176240022311628,-0.5048673423281389,0.9000673147044134,0,-0.6682574493739278,0,1,-1.6233511760089414,1
3951,12,-2.008165857670674,1.9735319804944969,-0.42735996177714825,0.8430958778391372,2,-0.6682574493739278,0,0,-0.07409441897906646,1
3952,14,0.9264151505071309,0.868367323790327,0.5557599704748908,-0.06844711200528185,0,-0.6682574493739278,0,1,0.4171333332499183,2
3953,7,-0.383111986765481,-1.2515321516691895,-1.553256647675749,1.1849244990307943,3,2.3421151548373036,0,1,-0.6408956715509719,1
3954,8,0.6510132038105156,-0.21519020349247783,1.6367839623702864,-1.0939329755802534,0,-0.6682574493739278,0,0,0.45492008342137863,3
3955,0,0.6473654959072578,0.16733601367230244,-1.1167677150991175,1.4697816833571753,0,-0.6682574493739278,0,0,-1.2076969241228774,1
3956,8,0.6510132038105156,-0.21519020349247783,0.8331548061310678,-1.036961538714977,4,1.3914711745600725,0,0,-0.8298294224082737,3
3957,5,-0.47612853829875046,-1.599647014570184,-1.2595444687456794,1.640695993953004,1,-0.6682574493739278,0,1,-0.11188116915052682,1
3958,8,0.6510132038105156,-0.21519020349247783,1.3185957685293777,-0.8090757912538723,1,-0.6682574493739278,0,1,-0.30081492000782867,3
3959,2,0.9902500388142728,-0.3176240022311628,-0.32945590213379167,0.7291530041085849,2,-0.6682574493739278,0,0,-1.6611379261804018,1
3960,1,-0.24814679434461676,0.6210857315226723,0.35179317955123124,0.10246719859054672,1,-0.6682574493739278,0,0,-1.2076969241228774,2
3961,4,0.30995251485512954,0.3914099484132469,-1.0555776778220198,-0.12541854887055803,4,1.866793164698688,1,1,1.5885225885651897,2
3962,4,0.30995251485512954,0.3914099484132469,-1.6470813715006325,0.4442958197822039,4,2.3421151548373036,1,0,1.2862285871935066,2
3963,9,1.3623162449474802,-0.524092127813878,1.6857359921919648,-1.4927330336371867,4,0.7577085210419187,0,0,-1.358843924808719,3
3964,13,-0.12047701773033298,0.5410593262580249,1.7142913429212772,-1.4927330336371867,4,1.7083525013191496,0,0,1.1728683366791255,3
3965,9,1.3623162449474802,-0.524092127813878,-0.30905922304142575,0.7291530041085849,0,-0.6682574493739278,0,0,0.15262608204969574,1
3966,15,1.2547088618011146,0.6610989341549391,0.3232378288219189,0.1594386354558229,0,-0.6682574493739278,0,0,-0.2630281698363683,2
3967,0,0.6473654959072578,0.16733601367230244,-0.8638488943537798,0.38732438291692767,1,-0.6682574493739278,1,0,0.9461478356503634,2
3968,15,1.2547088618011146,0.6610989341549391,1.6734979847365452,-1.4927330336371867,0,-0.6682574493739278,1,0,0.8705743353074427,3
3969,4,0.30995251485512954,0.3914099484132469,-0.5538193721498172,0.9570387515696896,1,-0.6682574493739278,0,1,-0.2252414196649079,1
3970,1,-0.24814679434461676,0.6210857315226723,1.3226751043478508,-0.8090757912538723,2,-0.6682574493739278,0,0,-0.48974867086513046,3
3971,13,-0.12047701773033298,0.5410593262580249,1.2370090521599137,-1.3787901599066343,3,-0.03449479585577385,0,0,-1.4344174251516395,3
3972,2,0.9902500388142728,-0.3176240022311628,0.4415385675576415,0.04549576172527053,1,-0.6682574493739278,0,0,0.6816405844501409,2
3973,1,-0.24814679434461676,0.6210857315226723,1.1880570223382354,-1.4927330336371867,4,1.866793164698688,1,0,0.3793465830784579,3
3974,10,-0.17336878232770134,-0.10715455638531189,0.1519057244460449,-0.3533042963316628,4,2.3421151548373036,0,0,0.45492008342137863,2
3975,12,-2.008165857670674,1.9735319804944969,-0.806738192895155,1.1849244990307943,2,-0.6682574493739278,0,0,1.5507358383937293,1
3976,7,-0.383111986765481,-1.2515321516691895,-0.48039132741729973,0.2164100723210991,4,-0.5098167859943894,0,1,1.0217213359932842,2
3977,0,0.6473654959072578,0.16733601367230244,0.1029536946243666,-0.3533042963316628,3,2.0252338280782265,0,0,0.34155983290699754,2
3978,11,-1.7838318216197984,-1.4067833778824486,-0.3661699245000504,0.786124440973861,2,-0.6682574493739278,0,0,0.22819958239261645,1
3979,14,0.9264151505071309,0.868367323790327,0.45785591083153426,-0.8090757912538723,1,-0.6682574493739278,1,0,-0.8298294224082737,0
3980,4,0.30995251485512954,0.3914099484132469,1.1023909701502985,-0.5811900437927676,1,-0.6682574493739278,0,0,-0.5653221712080512,3
3981,5,-0.47612853829875046,-1.599647014570184,-1.3778452074814018,1.070981625300242,4,2.0252338280782265,0,0,-0.2252414196649079,1
3982,11,-1.7838318216197984,-1.4067833778824486,-0.2682658648566938,-0.011475675140005663,4,-0.35137612261485085,0,1,-0.3763884203507494,2
3983,13,-0.12047701773033298,0.5410593262580249,-1.3778452074814018,1.070981625300242,4,0.5992678576623801,0,0,-0.754255922065353,1
3984,15,1.2547088618011146,0.6610989341549391,0.8861861717712193,-1.4927330336371867,3,-0.03449479585577385,1,0,0.5682803339357597,3
3985,3,-1.4828959196003133,-1.3459633098813757,-0.13772711866555168,-0.2963328594663866,2,-0.6682574493739278,1,0,-1.5099909254945603,2
3986,13,-0.12047701773033298,0.5410593262580249,-1.0270223270927075,0.7291530041085849,3,0.9161491844214572,0,0,1.324015337364967,1
3987,10,-0.17336878232770134,-0.10715455638531189,0.20493709008619637,0.27338150918637527,1,-0.6682574493739278,0,1,-0.6031089213795116,2
3988,11,-1.7838318216197984,-1.4067833778824486,-0.08061641720692701,-0.3533042963316628,2,-0.6682574493739278,1,0,1.097294836336205,2
3989,5,-0.47612853829875046,-1.599647014570184,1.5266418952715104,-0.9799901018497009,2,-0.6682574493739278,0,0,-1.6611379261804018,3
3990,1,-0.24814679434461676,0.6210857315226723,-1.4308765731215534,1.7546388676835563,0,-0.6682574493739278,0,0,-0.7164691718938927,1
3991,8,0.6510132038105156,-0.21519020349247783,1.2247710447044942,-1.3787901599066343,4,1.549911837939611,0,0,-0.9431896729226549,3
3992,4,0.30995251485512954,0.3914099484132469,1.1513429999719769,-1.321818723041358,4,0.4408271942828417,0,0,-0.9054029227511945,3
3993,4,0.30995251485512954,0.3914099484132469,-0.8760869018091993,-0.2963328594663866,3,0.4408271942828417,1,1,0.8705743353074427,2
3994,9,1.3623162449474802,-0.524092127813878,1.6449426340072328,-1.0939329755802534,0,-0.6682574493739278,0,0,0.26598633256407683,3
3995,12,-2.008165857670674,1.9735319804944969,0.4374592317391683,0.04549576172527053,1,-0.6682574493739278,0,0,0.45492008342137863,2
3996,8,0.6510132038105156,-0.21519020349247783,-1.0229429912742343,1.4128102464918992,0,-0.6682574493739278,0,0,0.9839345858218238,1
3997,7,-0.383111986765481,-1.2515321516691895,-0.5171053497835585,0.2164100723210991,3,1.3914711745600725,0,1,0.15262608204969574,2
3998,12,-2.008165857670674,1.9735319804944969,1.6612599772811256,-1.4927330336371867,3,2.500555818216842,0,1,0.3793465830784579,3
3999,12,-2.008165857670674,1.9735319804944969,-0.039823059022195094,0.5012672566474801,1,-0.6682574493739278,0,1,1.7018828390795706,1
4000,12,-2.008165857670674,1.9735319804944969,1.2492470596153333,-0.69513291752332,1,-0.6682574493739278,0,0,-0.7920426722368133,3
4001,2,0.9902500388142728,-0.3176240022311628,-0.9413562749047704,1.2988673727613467,2,-0.6682574493739278,0,0,0.1904128322211561,1
4002,5,-0.47612853829875046,-1.599647014570184,1.6367839623702864,-1.0939329755802534,0,-0.6682574493739278,0,0,1.324015337364967,3
4003,9,1.3623162449474802,-0.524092127813878,-0.24378984994585465,0.6721815672433087,2,-0.6682574493739278,0,0,-1.585564425837481,1
4004,13,-0.12047701773033298,0.5410593262580249,1.1513429999719769,-1.321818723041358,3,2.183674491457765,0,0,0.039265831535314634,3
4005,15,1.2547088618011146,0.6610989341549391,-1.3125758343858307,1.640695993953004,2,-0.6682574493739278,0,0,1.62630933873665,1
4006,4,0.30995251485512954,0.3914099484132469,-0.16220313357639082,-0.9230186649844248,3,-0.35137612261485085,1,0,-0.4519619206936701,0
4007,13,-0.12047701773033298,0.5410593262580249,0.9514555448667904,-1.1509044124455294,4,1.3914711745600725,0,0,0.9839345858218238,3
4008,2,0.9902500388142728,-0.3176240022311628,-1.5450979760388026,1.8685817414141086,2,-0.6682574493739278,0,0,-1.2454836742943378,1
4009,8,0.6510132038105156,-0.21519020349247783,1.028962925417781,-0.5242186069274913,1,-0.6682574493739278,0,1,-0.5275354210365908,3
4010,15,1.2547088618011146,0.6610989341549391,-0.5660573796052367,0.27338150918637527,4,1.866793164698688,0,1,-0.6408956715509719,2
4011,4,0.30995251485512954,0.3914099484132469,1.4613725221759393,-1.4927330336371867,1,-0.6682574493739278,1,0,-1.5477776756660206,3
4012,9,1.3623162449474802,-0.524092127813878,-0.892404245083092,1.2988673727613467,1,-0.6682574493739278,0,0,1.6640960889081102,1
4013,13,-0.12047701773033298,0.5410593262580249,-1.659319378956052,1.982524615144661,0,-0.6682574493739278,0,1,-0.9054029227511945,1
4014,15,1.2547088618011146,0.6610989341549391,-1.039260334548127,0.7291530041085849,4,1.7083525013191496,0,1,0.7572140847930615,1
4015,2,0.9902500388142728,-0.3176240022311628,-0.12548911121013212,0.5582386935127562,2,-0.6682574493739278,0,0,-0.9054029227511945,1
4016,15,1.2547088618011146,0.6610989341549391,0.6210293435704619,-0.8090757912538723,3,-0.5098167859943894,0,1,0.26598633256407683,0
4017,2,0.9902500388142728,-0.3176240022311628,-0.9576736181786631,0.6721815672433087,3,2.183674491457765,0,0,-0.18745466949344755,1
4018,14,0.9264151505071309,0.868367323790327,-1.4186385656661338,1.7546388676835563,0,-0.6682574493739278,0,0,-0.6031089213795116,1
4019,13,-0.12047701773033298,0.5410593262580249,-0.5007880065096657,0.9000673147044134,1,-0.6682574493739278,0,0,-1.6233511760089414,1
4020,0,0.6473654959072578,0.16733601367230244,0.7066953957583989,-0.9230186649844248,4,0.7577085210419187,0,0,-1.5477776756660206,0
4021,7,-0.383111986765481,-1.2515321516691895,-0.8597695585353066,1.2418959358960706,1,-0.6682574493739278,0,0,-1.6611379261804018,1
4022,10,-0.17336878232770134,-0.10715455638531189,-0.827134871987521,-0.2963328594663866,3,1.0745898478009956,1,0,1.135081586507665,2
4023,14,0.9264151505071309,0.868367323790327,1.0615976119655666,-1.3787901599066343,2,-0.6682574493739278,1,1,1.5507358383937293,3
4024,7,-0.383111986765481,-1.2515321516691895,1.6163872832779205,-1.036961538714977,0,-0.6682574493739278,0,1,-0.41417517052220976,3
4025,13,-0.12047701773033298,0.5410593262580249,-1.3125758343858307,1.640695993953004,2,-0.6682574493739278,0,0,-0.3763884203507494,1
4026,6,0.23335064888652038,1.3893392220629235,1.0004075746884686,-1.1509044124455294,4,2.500555818216842,0,0,1.4751623380508085,3
4027,10,-0.17336878232770134,-0.10715455638531189,-1.6511607073191057,1.2988673727613467,4,1.549911837939611,0,0,-1.358843924808719,1
4028,5,-0.47612853829875046,-1.599647014570184,1.028962925417781,-1.4927330336371867,4,0.2823865309033032,1,0,-0.9054029227511945,3
4029,10,-0.17336878232770134,-0.10715455638531189,1.0819942910579325,-1.2648472861760818,4,2.183674491457765,0,0,1.324015337364967,3
4030,14,0.9264151505071309,0.868367323790327,-0.8597695585353066,1.2418959358960706,1,-0.6682574493739278,0,0,-0.4519619206936701,1
4031,14,0.9264151505071309,0.868367323790327,1.5144038878160908,-0.9799901018497009,1,-0.6682574493739278,0,0,-1.1321234237799567,3
4032,13,-0.12047701773033298,0.5410593262580249,-0.5782953870606563,0.9570387515696896,1,-0.6682574493739278,0,0,-0.48974867086513046,1
4033,8,0.6510132038105156,-0.21519020349247783,-1.6919540655038376,2.0394960520099374,2,-0.6682574493739278,0,1,0.6438538342786805,1
4034,1,-0.24814679434461676,0.6210857315226723,-1.4267972373030802,1.070981625300242,3,-0.19293545923531236,0,0,-1.169910173951417,1
4035,8,0.6510132038105156,-0.21519020349247783,-0.5334226930574513,0.10246719859054672,2,-0.6682574493739278,1,0,1.512949088222269,2
4036,13,-0.12047701773033298,0.5410593262580249,1.5225625594530372,-1.4927330336371867,2,-0.6682574493739278,1,0,0.492706833592839,3
4037,1,-0.24814679434461676,0.6210857315226723,-0.10509243211776616,-0.12541854887055803,3,1.549911837939611,0,0,-0.11188116915052682,2
4038,10,-0.17336878232770134,-0.10715455638531189,-0.10509243211776616,-0.2963328594663866,0,-0.6682574493739278,1,0,0.26598633256407683,2
4039,15,1.2547088618011146,0.6610989341549391,0.984090231414576,-1.4927330336371867,4,-0.19293545923531236,1,0,-1.6989246763518622,3
4040,7,-0.383111986765481,-1.2515321516691895,-0.9576736181786631,0.6721815672433087,4,0.5992678576623801,0,0,0.7572140847930615,1
4041,10,-0.17336878232770134,-0.10715455638531189,0.12742970953520574,-0.5242186069274913,2,-0.6682574493739278,1,1,-1.5099909254945603,0
4042,12,-2.008165857670674,1.9735319804944969,0.8535514852234338,-0.3533042963316628,2,-0.6682574493739278,0,0,-0.8676161725797341,2
4043,1,-0.24814679434461676,0.6210857315226723,0.45785591083153426,0.04549576172527053,1,-0.6682574493739278,0,0,-1.056549923437036,2
4044,15,1.2547088618011146,0.6610989341549391,-0.12956844702860532,0.5582386935127562,2,-0.6682574493739278,0,0,-0.338601670179289,1
4045,15,1.2547088618011146,0.6610989341549391,-1.638922699863686,1.982524615144661,0,-0.6682574493739278,0,0,-1.6233511760089414,1
4046,13,-0.12047701773033298,0.5410593262580249,-0.549740036331344,0.9570387515696896,0,-0.6682574493739278,0,0,0.3037730827355372,1
4047,0,0.6473654959072578,0.16733601367230244,1.200295029793655,-1.4927330336371867,3,0.2823865309033032,1,0,1.7018828390795706,3
4048,4,0.30995251485512954,0.3914099484132469,-0.1785204768502836,-0.06844711200528185,4,1.866793164698688,0,0,1.0217213359932842,2
4049,7,-0.383111986765481,-1.2515321516691895,1.0452802686916738,-0.5242186069274913,2,-0.6682574493739278,0,0,0.22819958239261645,3
4050,11,-1.7838318216197984,-1.4067833778824486,0.6618227017551938,-0.18238998573583423,2,-0.6682574493739278,0,0,-0.1496679193219872,2
4051,4,0.30995251485512954,0.3914099484132469,1.4940072087237248,-0.9230186649844248,0,-0.6682574493739278,0,0,-1.3966306749801791,3
4052,3,-1.4828959196003133,-1.3459633098813757,-1.5654946551311686,1.9255531782793849,0,-0.6682574493739278,0,1,0.3793465830784579,1
4053,3,-1.4828959196003133,-1.3459633098813757,0.4089038810098559,0.04549576172527053,2,-0.6682574493739278,0,0,1.4373755878793482,2
4054,10,-0.17336878232770134,-0.10715455638531189,-1.6022086774974273,1.2418959358960706,3,1.549911837939611,0,0,1.2862285871935066,1
4055,6,0.23335064888652038,1.3893392220629235,-1.5369393044018562,1.1849244990307943,3,-0.03449479585577385,0,1,1.1728683366791255,1
4056,4,0.30995251485512954,0.3914099484132469,-1.5654946551311686,1.2418959358960706,4,1.0745898478009956,0,0,0.039265831535314634,1
4057,2,0.9902500388142728,-0.3176240022311628,-1.0229429912742343,1.4128102464918992,0,-0.6682574493739278,0,0,0.1904128322211561,1
4058,9,1.3623162449474802,-0.524092127813878,-0.04798173065914148,0.5012672566474801,0,-0.6682574493739278,0,0,0.9839345858218238,1
4059,3,-1.4828959196003133,-1.3459633098813757,1.2981990894370117,-1.4357615967719104,4,1.2330305111805342,0,0,0.7194273346216012,3
4060,6,0.23335064888652038,1.3893392220629235,1.367547798351056,-1.4927330336371867,2,-0.6682574493739278,1,0,-0.4519619206936701,3
4061,11,-1.7838318216197984,-1.4067833778824486,-0.9699116256340827,0.5012672566474801,0,-0.6682574493739278,1,0,1.3618020875364274,1
4062,6,0.23335064888652038,1.3893392220629235,1.220691708886021,-1.3787901599066343,3,0.2823865309033032,0,0,1.5885225885651897,3
4063,13,-0.12047701773033298,0.5410593262580249,0.8984241792266389,-0.410275733196939,1,-0.6682574493739278,0,0,0.3793465830784579,0
4064,0,0.6473654959072578,0.16733601367230244,-1.5858913342235346,1.9255531782793849,2,-0.6682574493739278,0,1,0.26598633256407683,1
4065,9,1.3623162449474802,-0.524092127813878,0.8535514852234338,-1.2078758493108057,2,-0.6682574493739278,1,1,-0.6786824217224323,3
4066,0,0.6473654959072578,0.16733601367230244,-1.084133028551332,1.4697816833571753,1,-0.6682574493739278,0,0,-0.7164691718938927,1
4067,4,0.30995251485512954,0.3914099484132469,1.5551972460008228,-0.9799901018497009,2,-0.6682574493739278,0,0,-0.5653221712080512,3
4068,3,-1.4828959196003133,-1.3459633098813757,-1.1371643941914835,0.8430958778391372,3,2.3421151548373036,0,0,0.26598633256407683,1
4069,11,-1.7838318216197984,-1.4067833778824486,-0.14996512612097126,0.5582386935127562,1,-0.6682574493739278,0,1,0.15262608204969574,1
4070,11,-1.7838318216197984,-1.4067833778824486,0.474173254105427,-0.011475675140005663,0,-0.6682574493739278,0,1,1.4751623380508085,2
4071,4,0.30995251485512954,0.3914099484132469,0.5516806346564176,-0.06844711200528185,1,-0.6682574493739278,0,0,-1.6233511760089414,2
4072,12,-2.008165857670674,1.9735319804944969,-1.5654946551311686,1.9255531782793849,2,-0.6682574493739278,0,0,1.2484418370220463,1
4073,1,-0.24814679434461676,0.6210857315226723,-1.6103673491343737,1.9255531782793849,1,-0.6682574493739278,0,1,1.512949088222269,1
4074,6,0.23335064888652038,1.3893392220629235,-1.4716699313062853,1.8116103045488325,2,-0.6682574493739278,0,0,-0.1496679193219872,1
4075,5,-0.47612853829875046,-1.599647014570184,1.669418648918072,-1.0939329755802534,1,-0.6682574493739278,0,0,1.5507358383937293,3
4076,7,-0.383111986765481,-1.2515321516691895,1.0412009328732006,-1.4927330336371867,3,1.866793164698688,1,0,1.5507358383937293,3
4077,13,-0.12047701773033298,0.5410593262580249,1.0044869105069418,-1.1509044124455294,4,1.0745898478009956,0,0,-1.4722041753230999,3
4078,15,1.2547088618011146,0.6610989341549391,0.7923614479463359,-0.2963328594663866,2,-0.6682574493739278,0,1,-0.9054029227511945,2
4079,13,-0.12047701773033298,0.5410593262580249,-0.8801662376276725,1.2418959358960706,0,-0.6682574493739278,0,0,1.0217213359932842,1
4080,11,-1.7838318216197984,-1.4067833778824486,0.5190459481086321,-0.69513291752332,4,-0.19293545923531236,0,0,0.07705258170677501,0
4081,11,-1.7838318216197984,-1.4067833778824486,-0.38656660359241635,0.786124440973861,2,-0.6682574493739278,0,0,-0.2252414196649079,1
4082,5,-0.47612853829875046,-1.599647014570184,-0.08877508884387339,-0.18238998573583423,4,2.500555818216842,0,0,0.5304935837642993,2
4083,13,-0.12047701773033298,0.5410593262580249,-0.20299649176112275,-0.06844711200528185,3,0.12394586752376466,0,0,-1.2076969241228774,2
4084,5,-0.47612853829875046,-1.599647014570184,0.7066953957583989,-0.23936142260111043,1,-0.6682574493739278,0,1,-0.1496679193219872,2
4085,3,-1.4828959196003133,-1.3459633098813757,-0.9903083047264487,1.355838809626623,2,-0.6682574493739278,0,0,-1.6233511760089414,1
4086,3,-1.4828959196003133,-1.3459633098813757,-1.1004503718252248,0.786124440973861,4,2.3421151548373036,0,0,1.2106550868505859,1
4087,4,0.30995251485512954,0.3914099484132469,1.2981990894370117,-0.7521043543885961,1,-0.6682574493739278,0,0,1.1728683366791255,3
4088,10,-0.17336878232770134,-0.10715455638531189,1.0860736268764057,-1.4927330336371867,4,1.549911837939611,1,0,0.1904128322211561,3
4089,9,1.3623162449474802,-0.524092127813878,-0.8230555361690478,1.1849244990307943,2,-0.6682574493739278,0,0,-0.07409441897906646,1
4090,6,0.23335064888652038,1.3893392220629235,-1.6266846924082665,1.1279530621655183,0,-0.6682574493739278,1,0,1.4751623380508085,1
4091,0,0.6473654959072578,0.16733601367230244,0.13558838117215213,0.3303529460516515,1,-0.6682574493739278,0,1,-0.9431896729226549,2
4092,7,-0.383111986765481,-1.2515321516691895,-0.6272474168823347,0.3303529460516515,4,-0.03449479585577385,0,0,-0.11188116915052682,2
4093,6,0.23335064888652038,1.3893392220629235,1.5103245519976176,-0.9799901018497009,2,-0.6682574493739278,0,0,1.5507358383937293,3
4094,13,-0.12047701773033298,0.5410593262580249,1.0167249179623614,-0.5242186069274913,1,-0.6682574493739278,0,0,-0.6786824217224323,3
4095,14,0.9264151505071309,0.868367323790327,-0.38656660359241635,-0.7521043543885961,4,-0.03449479585577385,1,0,-1.4344174251516395,0
4096,10,-0.17336878232770134,-0.10715455638531189,1.392023813261895,-1.4927330336371867,3,-0.03449479585577385,0,0,-0.2252414196649079,3
4097,2,0.9902500388142728,-0.3176240022311628,1.6816566563734916,-1.4927330336371867,4,2.3421151548373036,0,0,0.6816405844501409,3
4098,8,0.6510132038105156,-0.21519020349247783,-0.9739909614525559,0.5012672566474801,1,-0.6682574493739278,1,0,-1.0187631732655755,1
4099,2,0.9902500388142728,-0.3176240022311628,0.9759315597776296,-0.4672471700622152,1,-0.6682574493739278,0,0,-0.036307668807606094,3
4100,6,0.23335064888652038,1.3893392220629235,1.669418648918072,-1.0939329755802534,0,-0.6682574493739278,0,0,0.9839345858218238,3
4101,2,0.9902500388142728,-0.3176240022311628,0.8290754703125947,-1.036961538714977,3,1.549911837939611,0,0,-1.056549923437036,3
4102,12,-2.008165857670674,1.9735319804944969,-0.7781828421658428,1.1849244990307943,1,-0.6682574493739278,0,0,-1.169910173951417,1
4103,0,0.6473654959072578,0.16733601367230244,-0.37840793195546996,0.786124440973861,1,-0.6682574493739278,0,0,-0.9431896729226549,1
4104,7,-0.383111986765481,-1.2515321516691895,0.5149666122901589,-0.011475675140005663,0,-0.6682574493739278,0,0,-1.4344174251516395,2
4105,4,0.30995251485512954,0.3914099484132469,-0.6639614392485934,0.38732438291692767,4,-0.19293545923531236,0,0,0.07705258170677501,2
4106,2,0.9902500388142728,-0.3176240022311628,-1.2065131031055278,0.7291530041085849,0,-0.6682574493739278,1,1,-1.056549923437036,1
4107,12,-2.008165857670674,1.9735319804944969,-0.7700241705288964,0.3303529460516515,2,-0.6682574493739278,1,0,-1.4722041753230999,2
4108,13,-0.12047701773033298,0.5410593262580249,0.7270920748507649,-0.23936142260111043,0,-0.6682574493739278,0,0,-1.169910173951417,2
4109,6,0.23335064888652038,1.3893392220629235,-1.2636238045641526,1.640695993953004,2,-0.6682574493739278,0,0,1.4373755878793482,1
4110,10,-0.17336878232770134,-0.10715455638531189,-0.5415813646943977,0.9570387515696896,2,-0.6682574493739278,0,0,0.11483933187823536,1
4111,5,-0.47612853829875046,-1.599647014570184,-0.8842455734461457,1.2418959358960706,0,-0.6682574493739278,0,0,1.3618020875364274,1
4112,12,-2.008165857670674,1.9735319804944969,1.53887990272693,-0.9799901018497009,0,-0.6682574493739278,0,1,-1.4722041753230999,3
4113,0,0.6473654959072578,0.16733601367230244,1.306357761073958,-0.7521043543885961,2,-0.6682574493739278,0,0,0.039265831535314634,3
4114,13,-0.12047701773033298,0.5410593262580249,-0.17036180521333721,0.6152101303780324,2,-0.6682574493739278,0,1,-1.4722041753230999,1
4115,4,0.30995251485512954,0.3914099484132469,-0.8312142078059942,1.2418959358960706,0,-0.6682574493739278,0,0,-0.7920426722368133,1
4116,7,-0.383111986765481,-1.2515321516691895,-0.5619780437867635,0.27338150918637527,4,0.5992678576623801,0,0,-0.1496679193219872,2
4117,8,0.6510132038105156,-0.21519020349247783,0.3762691944620704,-0.5811900437927676,3,2.183674491457765,0,0,1.2862285871935066,0
4118,0,0.6473654959072578,0.16733601367230244,0.8413134777680142,-0.3533042963316628,1,-0.6682574493739278,0,1,-0.9809764230941153,2
4119,2,0.9902500388142728,-0.3176240022311628,1.53887990272693,-1.4927330336371867,1,-0.6682574493739278,1,0,-0.11188116915052682,3
4120,9,1.3623162449474802,-0.524092127813878,-0.4477566408695142,0.1594386354558229,3,-0.03449479585577385,0,0,-1.5477776756660206,2
4121,12,-2.008165857670674,1.9735319804944969,-0.8801662376276725,0.38732438291692767,2,-0.6682574493739278,1,0,-0.2252414196649079,2
4122,11,-1.7838318216197984,-1.4067833778824486,0.3762691944620704,-0.5811900437927676,3,0.12394586752376466,0,0,-0.9431896729226549,0
4123,9,1.3623162449474802,-0.524092127813878,-1.5043046178540707,1.1849244990307943,3,0.4408271942828417,0,1,-1.4722041753230999,1
4124,9,1.3623162449474802,-0.524092127813878,1.135025656698084,-1.321818723041358,4,0.4408271942828417,0,0,-0.8676161725797341,3
4125,13,-0.12047701773033298,0.5410593262580249,-1.3125758343858307,1.640695993953004,0,-0.6682574493739278,0,0,0.9461478356503634,1
4126,14,0.9264151505071309,0.868367323790327,-0.4763119915988266,0.04549576172527053,1,-0.6682574493739278,1,0,1.135081586507665,2
4127,2,0.9902500388142728,-0.3176240022311628,-0.6476440959747006,1.070981625300242,2,-0.6682574493739278,0,0,-0.30081492000782867,1
4128,9,1.3623162449474802,-0.524092127813878,-0.5905333945160759,-0.5242186069274913,4,-0.5098167859943894,1,1,-1.4344174251516395,0
4129,11,-1.7838318216197984,-1.4067833778824486,1.608228611640974,-1.4927330336371867,4,1.3914711745600725,0,0,-1.3966306749801791,3
4130,7,-0.383111986765481,-1.2515321516691895,-0.20299649176112275,0.6152101303780324,0,-0.6682574493739278,0,1,-0.5275354210365908,1
4131,14,0.9264151505071309,0.868367323790327,0.9065828508635853,-1.0939329755802534,3,0.5992678576623801,0,0,-0.9809764230941153,3
4132,6,0.23335064888652038,1.3893392220629235,0.35587251536970443,-0.7521043543885961,1,-0.6682574493739278,1,1,-0.30081492000782867,0
4133,5,-0.47612853829875046,-1.599647014570184,0.9473762090483172,-0.410275733196939,0,-0.6682574493739278,0,1,-0.18745466949344755,3
4134,12,-2.008165857670674,1.9735319804944969,0.08663635135047383,0.38732438291692767,0,-0.6682574493739278,0,0,-1.2076969241228774,2
4135,3,-1.4828959196003133,-1.3459633098813757,0.9269795299559512,-0.410275733196939,0,-0.6682574493739278,0,0,1.3995888377078878,0
4136,3,-1.4828959196003133,-1.3459633098813757,0.4211418884652755,0.04549576172527053,0,-0.6682574493739278,0,1,-1.5099909254945603,2
4137,15,1.2547088618011146,0.6610989341549391,-0.09693376048081978,0.5582386935127562,2,-0.6682574493739278,0,1,0.9839345858218238,1
4138,2,0.9902500388142728,-0.3176240022311628,-0.10917176793623935,0.5582386935127562,1,-0.6682574493739278,0,0,-1.585564425837481,1
4139,4,0.30995251485512954,0.3914099484132469,-0.29682121558600616,-0.12541854887055803,2,-0.6682574493739278,1,0,1.2862285871935066,2
4140,8,0.6510132038105156,-0.21519020349247783,-1.3044171627488843,1.640695993953004,2,-0.6682574493739278,0,0,-1.585564425837481,1
4141,1,-0.24814679434461676,0.6210857315226723,1.5633559176377692,-1.4927330336371867,2,-0.6682574493739278,1,0,-0.11188116915052682,3
4142,7,-0.383111986765481,-1.2515321516691895,1.4083411565357877,-0.8660472281191486,2,-0.6682574493739278,0,0,-1.6611379261804018,3
4143,13,-0.12047701773033298,0.5410593262580249,-0.42328062595867505,-0.69513291752332,4,2.500555818216842,1,0,-1.585564425837481,0
4144,2,0.9902500388142728,-0.3176240022311628,1.6204666190963937,-1.4927330336371867,4,0.4408271942828417,0,0,0.07705258170677501,3
4145,3,-1.4828959196003133,-1.3459633098813757,0.27428579900024064,-0.4672471700622152,3,-0.19293545923531236,0,0,1.7018828390795706,0
4146,10,-0.17336878232770134,-0.10715455638531189,-1.0882123643698052,0.786124440973861,3,-0.35137612261485085,0,0,-0.07409441897906646,1
4147,7,-0.383111986765481,-1.2515321516691895,0.1029536946243666,0.3303529460516515,2,-0.6682574493739278,0,0,1.5507358383937293,2
4148,3,-1.4828959196003133,-1.3459633098813757,0.5679979779303104,-1.4927330336371867,3,1.3914711745600725,1,1,-1.358843924808719,3
4149,7,-0.383111986765481,-1.2515321516691895,-0.03166438738524872,-1.036961538714977,4,2.3421151548373036,1,0,-0.2252414196649079,3
4150,14,0.9264151505071309,0.868367323790327,-1.1004503718252248,1.4697816833571753,2,-0.6682574493739278,0,0,1.1728683366791255,1
4151,5,-0.47612853829875046,-1.599647014570184,1.0248835895993078,-1.2078758493108057,4,-0.19293545923531236,0,1,0.4171333332499183,3
4152,8,0.6510132038105156,-0.21519020349247783,-0.9943876405449219,1.355838809626623,2,-0.6682574493739278,0,0,0.26598633256407683,1
4153,5,-0.47612853829875046,-1.599647014570184,0.4782525899239002,-0.69513291752332,4,1.2330305111805342,0,1,-1.6233511760089414,0
4154,15,1.2547088618011146,0.6610989341549391,-0.7904208496212622,1.1849244990307943,2,-0.6682574493739278,0,0,1.135081586507665,1
4155,3,-1.4828959196003133,-1.3459633098813757,0.27020646318176744,-1.321818723041358,3,-0.03449479585577385,1,0,0.34155983290699754,3
4156,1,-0.24814679434461676,0.6210857315226723,0.8127581270387019,-0.9799901018497009,3,0.9161491844214572,0,0,0.15262608204969574,3
4157,12,-2.008165857670674,1.9735319804944969,-0.4599946483249338,0.2164100723210991,4,0.4408271942828417,0,0,-0.8298294224082737,2
4158,2,0.9902500388142728,-0.3176240022311628,-1.271782476201099,0.9570387515696896,4,1.3914711745600725,0,0,0.45492008342137863,1
4159,2,0.9902500388142728,-0.3176240022311628,1.3879444774434218,-1.4927330336371867,4,1.0745898478009956,1,0,0.9839345858218238,3
4160,9,1.3623162449474802,-0.524092127813878,1.1635810074273962,-0.6381614806580438,1,-0.6682574493739278,0,0,0.3037730827355372,3
4161,1,-0.24814679434461676,0.6210857315226723,-1.6062880133159005,1.070981625300242,1,-0.6682574493739278,1,0,0.8705743353074427,1
4162,13,-0.12047701773033298,0.5410593262580249,-0.867928230172253,0.5582386935127562,4,-0.19293545923531236,0,1,0.9461478356503634,1
4163,11,-1.7838318216197984,-1.4067833778824486,-1.0066256480003415,0.6721815672433087,3,1.866793164698688,0,1,-1.3966306749801791,1
4164,10,-0.17336878232770134,-0.10715455638531189,-0.5823747228791295,0.3303529460516515,4,-0.35137612261485085,0,1,-0.9431896729226549,2
4165,0,0.6473654959072578,0.16733601367230244,1.2329297163414406,-0.69513291752332,2,-0.6682574493739278,0,0,0.11483933187823536,3
4166,13,-0.12047701773033298,0.5410593262580249,1.2451677237968601,-0.69513291752332,1,-0.6682574493739278,0,0,0.6060670841072201,3
4167,4,0.30995251485512954,0.3914099484132469,-1.6307640282267397,1.2988673727613467,4,0.12394586752376466,0,0,1.3995888377078878,1
4168,0,0.6473654959072578,0.16733601367230244,-0.9413562749047704,0.4442958197822039,2,-0.6682574493739278,1,0,1.5507358383937293,2
4169,0,0.6473654959072578,0.16733601367230244,0.4089038810098559,0.04549576172527053,2,-0.6682574493739278,0,0,1.135081586507665,2
4170,12,-2.008165857670674,1.9735319804944969,-1.402321222392241,0.2164100723210991,4,0.9161491844214572,1,0,0.5304935837642993,2
4171,14,0.9264151505071309,0.868367323790327,-0.76186549889195,0.4442958197822039,4,2.183674491457765,0,1,-1.6611379261804018,2
4172,11,-1.7838318216197984,-1.4067833778824486,-1.0718950210959124,1.4697816833571753,0,-0.6682574493739278,0,0,1.0595080861647446,1
4173,2,0.9902500388142728,-0.3176240022311628,1.498086544542198,-0.9230186649844248,2,-0.6682574493739278,0,0,-0.9809764230941153,3
4174,12,-2.008165857670674,1.9735319804944969,0.7964407837648091,-0.9799901018497009,3,1.866793164698688,0,1,0.45492008342137863,3
4175,15,1.2547088618011146,0.6610989341549391,-0.10101309629929296,0.5582386935127562,1,-0.6682574493739278,0,0,-1.6611379261804018,1
4176,10,-0.17336878232770134,-0.10715455638531189,1.4001824848988413,-0.8660472281191486,1,-0.6682574493739278,0,0,0.15262608204969574,3
4177,11,-1.7838318216197984,-1.4067833778824486,-0.05614040229608786,-1.036961538714977,4,2.0252338280782265,1,0,-0.6408956715509719,3
4178,14,0.9264151505071309,0.868367323790327,1.367547798351056,-1.4927330336371867,4,0.4408271942828417,0,0,1.62630933873665,3
4179,6,0.23335064888652038,1.3893392220629235,1.0044869105069418,-1.1509044124455294,4,0.4408271942828417,0,0,-1.2832704244657982,3
4180,13,-0.12047701773033298,0.5410593262580249,1.2981990894370117,-0.7521043543885961,0,-0.6682574493739278,0,0,1.135081586507665,3
4181,1,-0.24814679434461676,0.6210857315226723,-0.6027714019714955,-0.5242186069274913,4,1.0745898478009956,1,0,-0.2252414196649079,0
4182,5,-0.47612853829875046,-1.599647014570184,0.837234141949541,-0.3533042963316628,0,-0.6682574493739278,0,0,0.1904128322211561,2
4183,2,0.9902500388142728,-0.3176240022311628,-0.23563117830890828,0.6721815672433087,2,-0.6682574493739278,0,0,1.512949088222269,1
4184,11,-1.7838318216197984,-1.4067833778824486,0.17638173935688403,0.27338150918637527,2,-0.6682574493739278,0,1,-1.1321234237799567,2
4185,8,0.6510132038105156,-0.21519020349247783,-0.9495149465417168,-0.18238998573583423,4,2.0252338280782265,1,1,1.2862285871935066,2
4186,14,0.9264151505071309,0.868367323790327,-1.6266846924082665,1.982524615144661,0,-0.6682574493739278,0,0,1.1728683366791255,1
4187,0,0.6473654959072578,0.16733601367230244,0.19677841844925,0.27338150918637527,2,-0.6682574493739278,0,0,-1.6233511760089414,2
4188,7,-0.383111986765481,-1.2515321516691895,-0.32537656631531847,0.7291530041085849,2,-0.6682574493739278,0,0,1.3618020875364274,1
4189,2,0.9902500388142728,-0.3176240022311628,1.4736105296313589,-1.4927330336371867,0,-0.6682574493739278,1,0,-1.4344174251516395,3
4190,5,-0.47612853829875046,-1.599647014570184,-0.6598821034301202,0.38732438291692767,4,-0.03449479585577385,0,0,0.3037730827355372,2
4191,12,-2.008165857670674,1.9735319804944969,1.34715111925869,-0.8090757912538723,0,-0.6682574493739278,0,1,-0.41417517052220976,3
4192,11,-1.7838318216197984,-1.4067833778824486,-0.5211846856020317,0.9570387515696896,0,-0.6682574493739278,0,0,1.7018828390795706,1
4193,5,-0.47612853829875046,-1.599647014570184,-1.1616404091023227,1.5267531202224516,2,-0.6682574493739278,0,0,-1.1321234237799567,1
4194,3,-1.4828959196003133,-1.3459633098813757,-1.3248138418412503,1.0140101884349657,4,-0.35137612261485085,0,0,-1.4344174251516395,1
4195,4,0.30995251485512954,0.3914099484132469,1.0412009328732006,-0.5242186069274913,2,-0.6682574493739278,0,0,0.7572140847930615,3
4196,6,0.23335064888652038,1.3893392220629235,1.53887990272693,-1.4927330336371867,1,-0.6682574493739278,1,0,-1.3966306749801791,3
4197,9,1.3623162449474802,-0.524092127813878,-1.4267972373030802,1.7546388676835563,2,-0.6682574493739278,0,1,-0.5275354210365908,1
4198,15,1.2547088618011146,0.6610989341549391,-1.0759743569143856,1.4697816833571753,2,-0.6682574493739278,0,0,-1.169910173951417,1
4199,5,-0.47612853829875046,-1.599647014570184,1.7387673578321163,-1.1509044124455294,0,-0.6682574493739278,0,0,1.0217213359932842,3
4200,7,-0.383111986765481,-1.2515321516691895,0.9310588657744244,-1.4927330336371867,4,1.2330305111805342,1,0,1.3618020875364274,3
4201,5,-0.47612853829875046,-1.599647014570184,1.3757064699880022,-0.8090757912538723,2,-0.6682574493739278,0,0,0.1904128322211561,3
4202,6,0.23335064888652038,1.3893392220629235,-0.6476440959747006,1.070981625300242,1,-0.6682574493739278,0,0,0.7572140847930615,1
4203,12,-2.008165857670674,1.9735319804944969,0.6740607092106133,-1.4927330336371867,3,1.866793164698688,1,0,0.7572140847930615,3
4204,8,0.6510132038105156,-0.21519020349247783,1.5837525967301351,-1.036961538714977,2,-0.6682574493739278,0,0,0.26598633256407683,3
4205,4,0.30995251485512954,0.3914099484132469,0.2416511124524551,0.2164100723210991,1,-0.6682574493739278,0,0,0.908361085478903,2
4206,8,0.6510132038105156,-0.21519020349247783,0.3477138437327581,0.10246719859054672,1,-0.6682574493739278,0,0,-1.2832704244657982,2
4207,0,0.6473654959072578,0.16733601367230244,-1.0474190061850734,0.7291530041085849,3,1.866793164698688,0,0,1.4373755878793482,1
4208,5,-0.47612853829875046,-1.599647014570184,0.29876181391107975,-0.69513291752332,2,-0.6682574493739278,1,0,0.6438538342786805,0
4209,7,-0.383111986765481,-1.2515321516691895,-0.6190887452453883,-0.5242186069274913,4,1.7083525013191496,1,0,-1.0187631732655755,0
4210,0,0.6473654959072578,0.16733601367230244,-0.02350571574830233,-1.0939329755802534,3,1.0745898478009956,1,1,-1.6233511760089414,3
4211,13,-0.12047701773033298,0.5410593262580249,-0.34169390958921125,-0.06844711200528185,2,-0.6682574493739278,1,0,-0.3763884203507494,2
4212,2,0.9902500388142728,-0.3176240022311628,1.6449426340072328,-1.4927330336371867,1,-0.6682574493739278,1,0,-1.3966306749801791,3
4213,14,0.9264151505071309,0.868367323790327,-0.035743723203721905,-0.18238998573583423,4,-0.19293545923531236,0,1,-0.4519619206936701,2
4214,3,-1.4828959196003133,-1.3459633098813757,-1.1657197449207959,1.5267531202224516,0,-0.6682574493739278,0,0,-0.9431896729226549,1
4215,7,-0.383111986765481,-1.2515321516691895,-0.8638488943537798,0.5582386935127562,4,-0.5098167859943894,0,1,0.45492008342137863,1
4216,10,-0.17336878232770134,-0.10715455638531189,-0.14588579030249807,-0.12541854887055803,4,2.0252338280782265,0,1,-0.036307668807606094,2
4217,14,0.9264151505071309,0.868367323790327,0.7556474255800772,-0.23936142260111043,2,-0.6682574493739278,0,0,-0.7920426722368133,2
4218,15,1.2547088618011146,0.6610989341549391,0.49456993319779297,-0.69513291752332,3,-0.5098167859943894,0,0,1.1728683366791255,0
4219,4,0.30995251485512954,0.3914099484132469,-0.34985258122615764,0.786124440973861,0,-0.6682574493739278,0,0,1.097294836336205,1
4220,1,-0.24814679434461676,0.6210857315226723,-1.1820370881946887,-0.011475675140005663,4,0.4408271942828417,1,0,-0.4519619206936701,2
4221,6,0.23335064888652038,1.3893392220629235,-1.251385797108733,1.5837245570877276,0,-0.6682574493739278,0,0,-1.0187631732655755,1
4222,11,-1.7838318216197984,-1.4067833778824486,-1.5491773118572758,1.1849244990307943,3,0.4408271942828417,0,1,-0.3763884203507494,1
4223,3,-1.4828959196003133,-1.3459633098813757,-0.08877508884387339,0.5012672566474801,2,-0.6682574493739278,0,1,-1.0187631732655755,1
4224,14,0.9264151505071309,0.868367323790327,0.16006439608299128,-1.2648472861760818,4,0.5992678576623801,1,0,-0.6408956715509719,3
4225,0,0.6473654959072578,0.16733601367230244,0.30284114972955295,-0.5242186069274913,4,2.3421151548373036,0,1,-1.6611379261804018,0
4226,2,0.9902500388142728,-0.3176240022311628,-0.4722326557803534,0.2164100723210991,3,0.5992678576623801,0,0,-0.48974867086513046,2
4227,7,-0.383111986765481,-1.2515321516691895,-1.5695739909496418,1.9255531782793849,0,-0.6682574493739278,0,0,-0.5275354210365908,1
4228,7,-0.383111986765481,-1.2515321516691895,1.3797858058064754,-0.8660472281191486,1,-0.6682574493739278,0,0,-0.9054029227511945,3
4229,13,-0.12047701773033298,0.5410593262580249,1.1717396790643426,-1.4927330336371867,1,-0.6682574493739278,1,1,-0.3763884203507494,3
4230,9,1.3623162449474802,-0.524092127813878,-1.3860038791183482,0.2164100723210991,4,1.2330305111805342,1,0,1.324015337364967,2
4231,14,0.9264151505071309,0.868367323790327,1.412420492354261,-0.8660472281191486,2,-0.6682574493739278,0,0,0.9839345858218238,3
4232,1,-0.24814679434461676,0.6210857315226723,1.73060868619517,-1.4927330336371867,3,1.3914711745600725,1,0,1.1728683366791255,3
4233,5,-0.47612853829875046,-1.599647014570184,1.0983116343318253,-1.4357615967719104,1,-0.6682574493739278,1,0,0.22819958239261645,3
4234,2,0.9902500388142728,-0.3176240022311628,-0.4518359766879874,0.1594386354558229,4,2.500555818216842,0,0,0.0014790813638542722,2
4235,15,1.2547088618011146,0.6610989341549391,1.4817692012683052,-0.9230186649844248,1,-0.6682574493739278,0,0,1.5507358383937293,3
4236,2,0.9902500388142728,-0.3176240022311628,-1.3696865358444554,1.6976674308182802,1,-0.6682574493739278,0,1,1.2106550868505859,1
4237,1,-0.24814679434461676,0.6210857315226723,-1.4716699313062853,1.8116103045488325,2,-0.6682574493739278,0,0,0.6060670841072201,1
4238,8,0.6510132038105156,-0.21519020349247783,0.9106621866820584,-0.410275733196939,2,-0.6682574493739278,0,0,-0.036307668807606094,0
4239,6,0.23335064888652038,1.3893392220629235,-0.9943876405449219,1.355838809626623,2,-0.6682574493739278,0,0,-0.9431896729226549,1
4240,2,0.9902500388142728,-0.3176240022311628,-1.573653326768115,1.9255531782793849,2,-0.6682574493739278,0,0,-0.6408956715509719,1
4241,5,-0.47612853829875046,-1.599647014570184,1.6123079474594473,-1.4927330336371867,3,0.5992678576623801,0,1,0.22819958239261645,3
4242,3,-1.4828959196003133,-1.3459633098813757,-1.2269097821978938,1.5837245570877276,0,-0.6682574493739278,0,1,0.3037730827355372,1
4243,15,1.2547088618011146,0.6610989341549391,0.9596142165037368,-0.4672471700622152,1,-0.6682574493739278,0,1,0.6816405844501409,3
4244,5,-0.47612853829875046,-1.599647014570184,-1.0800536927328588,1.4697816833571753,2,-0.6682574493739278,0,0,-1.169910173951417,1
4245,12,-2.008165857670674,1.9735319804944969,-0.9739909614525559,0.6721815672433087,3,0.4408271942828417,0,0,0.7572140847930615,1
4246,13,-0.12047701773033298,0.5410593262580249,-1.6633987147745253,1.1279530621655183,1,-0.6682574493739278,1,0,-1.1321234237799567,1
4247,12,-2.008165857670674,1.9735319804944969,-0.9250389316308776,-0.23936142260111043,3,0.2823865309033032,1,0,-1.2832704244657982,2
4248,7,-0.383111986765481,-1.2515321516691895,-1.1534817374653763,0.6721815672433087,0,-0.6682574493739278,1,0,1.6640960889081102,1
4249,2,0.9902500388142728,-0.3176240022311628,1.0004075746884686,-0.4672471700622152,2,-0.6682574493739278,0,0,0.4171333332499183,3
4250,13,-0.12047701773033298,0.5410593262580249,0.021366978254902774,-0.23936142260111043,3,0.7577085210419187,0,0,-0.9431896729226549,2
4251,15,1.2547088618011146,0.6610989341549391,-1.2228304463794206,1.5837245570877276,2,-0.6682574493739278,0,0,-1.6611379261804018,1
4252,10,-0.17336878232770134,-0.10715455638531189,-0.7006754616148521,1.070981625300242,0,-0.6682574493739278,0,1,1.135081586507665,1
4253,14,0.9264151505071309,0.868367323790327,-0.6476440959747006,0.38732438291692767,3,0.4408271942828417,0,0,-0.6786824217224323,2
4254,4,0.30995251485512954,0.3914099484132469,1.2370090521599137,-1.4927330336371867,0,-0.6682574493739278,1,1,-0.6786824217224323,3
4255,2,0.9902500388142728,-0.3176240022311628,0.49456993319779297,-0.69513291752332,4,0.5992678576623801,0,0,-0.07409441897906646,0
4256,12,-2.008165857670674,1.9735319804944969,-1.316655170204304,1.6976674308182802,0,-0.6682574493739278,0,0,1.3618020875364274,1
4257,5,-0.47612853829875046,-1.599647014570184,-1.463511259669339,1.8116103045488325,1,-0.6682574493739278,0,0,-0.4519619206936701,1
4258,3,-1.4828959196003133,-1.3459633098813757,-1.3044171627488843,0.786124440973861,0,-0.6682574493739278,1,0,1.4751623380508085,1
4259,1,-0.24814679434461676,0.6210857315226723,0.9718522239591564,-0.4672471700622152,0,-0.6682574493739278,0,0,1.0595080861647446,3
4260,11,-1.7838318216197984,-1.4067833778824486,1.5633559176377692,-1.4927330336371867,4,0.2823865309033032,0,0,0.7950008349645219,3
4261,9,1.3623162449474802,-0.524092127813878,-0.24786918576432784,0.6721815672433087,1,-0.6682574493739278,0,0,-0.9054029227511945,1
4262,9,1.3623162449474802,-0.524092127813878,0.7923614479463359,-1.4927330336371867,3,1.7083525013191496,1,0,-1.056549923437036,3
4263,10,-0.17336878232770134,-0.10715455638531189,1.6367839623702864,-1.0939329755802534,1,-0.6682574493739278,0,0,-0.4519619206936701,3
4264,5,-0.47612853829875046,-1.599647014570184,0.3477138437327581,-0.5811900437927676,4,-0.5098167859943894,0,0,1.62630933873665,0
4265,15,1.2547088618011146,0.6610989341549391,0.1478263886275717,-1.2078758493108057,3,0.12394586752376466,1,0,-0.2630281698363683,3
4266,4,0.30995251485512954,0.3914099484132469,0.7882821121278627,-0.2963328594663866,0,-0.6682574493739278,0,0,-1.6989246763518622,2
4267,10,-0.17336878232770134,-0.10715455638531189,-1.320734506022777,1.0140101884349657,4,1.866793164698688,0,1,-0.2630281698363683,1
4268,1,-0.24814679434461676,0.6210857315226723,-0.04390239484066829,0.5012672566474801,0,-0.6682574493739278,0,0,0.492706833592839,1
4269,7,-0.383111986765481,-1.2515321516691895,-0.8597695585353066,-0.2963328594663866,4,1.2330305111805342,1,0,0.34155983290699754,2
4270,8,0.6510132038105156,-0.21519020349247783,0.27020646318176744,0.2164100723210991,2,-0.6682574493739278,0,0,1.0595080861647446,2
4271,9,1.3623162449474802,-0.524092127813878,1.0575182761470934,-0.5242186069274913,2,-0.6682574493739278,0,0,0.22819958239261645,3
4272,6,0.23335064888652038,1.3893392220629235,-1.251385797108733,0.7291530041085849,1,-0.6682574493739278,1,0,-1.2076969241228774,1
4273,15,1.2547088618011146,0.6610989341549391,0.2457304482709283,-0.6381614806580438,2,-0.6682574493739278,1,0,1.4751623380508085,0
4274,7,-0.383111986765481,-1.2515321516691895,0.2865238064556602,0.1594386354558229,0,-0.6682574493739278,0,0,0.9461478356503634,2
4275,15,1.2547088618011146,0.6610989341549391,1.5715145892747155,-1.036961538714977,2,-0.6682574493739278,0,0,-0.1496679193219872,3
4276,2,0.9902500388142728,-0.3176240022311628,-1.124926386736064,0.786124440973861,4,0.4408271942828417,0,0,-1.0187631732655755,1
4277,11,-1.7838318216197984,-1.4067833778824486,0.9106621866820584,-1.2648472861760818,1,-0.6682574493739278,1,0,0.15262608204969574,3
4278,5,-0.47612853829875046,-1.599647014570184,-1.251385797108733,1.5837245570877276,1,-0.6682574493739278,0,0,1.2862285871935066,1
4279,5,-0.47612853829875046,-1.599647014570184,-0.10101309629929296,0.5582386935127562,1,-0.6682574493739278,0,0,0.1904128322211561,1
4280,1,-0.24814679434461676,0.6210857315226723,-0.15404446193944446,-0.06844711200528185,4,-0.5098167859943894,0,0,-1.4344174251516395,2
4281,3,-1.4828959196003133,-1.3459633098813757,-1.190195759831635,1.5267531202224516,2,-0.6682574493739278,0,0,1.4373755878793482,1
4282,15,1.2547088618011146,0.6610989341549391,-1.2473064612902598,0.9000673147044134,3,-0.5098167859943894,0,0,-0.41417517052220976,1
4283,2,0.9902500388142728,-0.3176240022311628,1.7469260294690627,-1.4927330336371867,1,-0.6682574493739278,1,0,-1.6233511760089414,3
4284,8,0.6510132038105156,-0.21519020349247783,-0.29274187976753296,0.7291530041085849,0,-0.6682574493739278,0,0,0.07705258170677501,1
4285,0,0.6473654959072578,0.16733601367230244,0.01320830661795639,0.4442958197822039,0,-0.6682574493739278,0,0,-1.358843924808719,2
4286,7,-0.383111986765481,-1.2515321516691895,-0.19891715594264955,-0.06844711200528185,3,0.9161491844214572,0,0,-1.056549923437036,2
4287,10,-0.17336878232770134,-0.10715455638531189,-0.05206106647761467,-0.3533042963316628,1,-0.6682574493739278,1,0,1.4373755878793482,2
4288,11,-1.7838318216197984,-1.4067833778824486,0.8127581270387019,-1.4927330336371867,4,-0.03449479585577385,1,0,1.5885225885651897,3
4289,7,-0.383111986765481,-1.2515321516691895,0.5231252839271053,-0.06844711200528185,0,-0.6682574493739278,0,1,-0.11188116915052682,2
4290,10,-0.17336878232770134,-0.10715455638531189,1.689815328010438,-1.1509044124455294,2,-0.6682574493739278,0,1,-0.5653221712080512,3
4291,8,0.6510132038105156,-0.21519020349247783,1.3553097908956364,-1.4927330336371867,4,0.9161491844214572,0,0,0.908361085478903,3
4292,10,-0.17336878232770134,-0.10715455638531189,-0.5986920661530223,0.3303529460516515,3,0.9161491844214572,0,0,-1.056549923437036,2
4293,7,-0.383111986765481,-1.2515321516691895,1.1758190148828158,-0.6381614806580438,0,-0.6682574493739278,0,0,-1.0187631732655755,3
4294,15,1.2547088618011146,0.6610989341549391,-1.0107049838188147,0.5582386935127562,1,-0.6682574493739278,1,0,0.9839345858218238,1
4295,8,0.6510132038105156,-0.21519020349247783,0.4864112615608466,-0.69513291752332,4,2.0252338280782265,0,0,-0.1496679193219872,0
4296,5,-0.47612853829875046,-1.599647014570184,0.9147415225005316,-1.2648472861760818,1,-0.6682574493739278,1,1,-1.0187631732655755,3
4297,7,-0.383111986765481,-1.2515321516691895,1.130946320879611,-1.4357615967719104,2,-0.6682574493739278,1,0,-0.30081492000782867,3
4298,14,0.9264151505071309,0.868367323790327,-1.316655170204304,1.6976674308182802,2,-0.6682574493739278,0,0,0.8327875851359823,1
4299,6,0.23335064888652038,1.3893392220629235,1.5348005669084568,-1.4927330336371867,3,2.0252338280782265,1,0,-1.5477776756660206,3
4300,2,0.9902500388142728,-0.3176240022311628,-0.43143929759562144,0.1594386354558229,3,0.2823865309033032,0,0,0.26598633256407683,2
4301,13,-0.12047701773033298,0.5410593262580249,-1.6266846924082665,1.982524615144661,2,-0.6682574493739278,0,0,1.6640960889081102,1
4302,11,-1.7838318216197984,-1.4067833778824486,1.0412009328732006,-1.2078758493108057,3,0.7577085210419187,0,0,1.3995888377078878,3
4303,11,-1.7838318216197984,-1.4067833778824486,-1.1167677150991175,-0.06844711200528185,3,1.866793164698688,1,0,-0.6031089213795116,2
4304,3,-1.4828959196003133,-1.3459633098813757,-1.2065131031055278,0.9000673147044134,3,0.2823865309033032,0,0,1.5885225885651897,1
4305,10,-0.17336878232770134,-0.10715455638531189,-1.0474190061850734,0.7291530041085849,3,0.5992678576623801,0,0,1.5507358383937293,1
4306,6,0.23335064888652038,1.3893392220629235,-1.1616404091023227,1.5267531202224516,0,-0.6682574493739278,0,0,0.6060670841072201,1
4307,11,-1.7838318216197984,-1.4067833778824486,-1.512463289491017,0.3303529460516515,4,0.9161491844214572,1,0,1.5507358383937293,2
4308,9,1.3623162449474802,-0.524092127813878,1.0452802686916738,-0.5242186069274913,0,-0.6682574493739278,0,0,-0.07409441897906646,3
4309,8,0.6510132038105156,-0.21519020349247783,-0.9780702972710291,1.355838809626623,1,-0.6682574493739278,0,0,-0.9809764230941153,1
4310,9,1.3623162449474802,-0.524092127813878,1.477689865449832,-0.9230186649844248,2,-0.6682574493739278,0,0,1.324015337364967,3
4311,10,-0.17336878232770134,-0.10715455638531189,-1.063736349458966,0.5582386935127562,1,-0.6682574493739278,1,0,-1.6233511760089414,1
4312,10,-0.17336878232770134,-0.10715455638531189,-0.6680407750670666,1.070981625300242,0,-0.6682574493739278,0,1,0.11483933187823536,1
4313,13,-0.12047701773033298,0.5410593262580249,0.6006326644780959,-0.8090757912538723,4,0.9161491844214572,0,0,-0.3763884203507494,0
4314,11,-1.7838318216197984,-1.4067833778824486,0.7923614479463359,-0.2963328594663866,1,-0.6682574493739278,0,0,0.5682803339357597,2
4315,11,-1.7838318216197984,-1.4067833778824486,1.2125330372490746,-0.69513291752332,1,-0.6682574493739278,0,0,-0.07409441897906646,3
4316,8,0.6510132038105156,-0.21519020349247783,-0.5211846856020317,0.27338150918637527,4,1.549911837939611,0,0,1.1728683366791255,2
4317,8,0.6510132038105156,-0.21519020349247783,1.7224500145582236,-1.4927330336371867,4,0.2823865309033032,0,0,1.5507358383937293,3
4318,9,1.3623162449474802,-0.524092127813878,-0.25194852158280107,0.6721815672433087,1,-0.6682574493739278,0,1,-0.18745466949344755,1
4319,11,-1.7838318216197984,-1.4067833778824486,-0.7333101481626376,1.1279530621655183,1,-0.6682574493739278,0,0,0.22819958239261645,1
4320,6,0.23335064888652038,1.3893392220629235,1.2288503805229674,-0.69513291752332,2,-0.6682574493739278,0,0,1.3618020875364274,3
4321,14,0.9264151505071309,0.868367323790327,1.0330422612362542,-0.5242186069274913,0,-0.6682574493739278,0,0,1.0217213359932842,3
4322,5,-0.47612853829875046,-1.599647014570184,0.4211418884652755,-0.6381614806580438,3,0.12394586752376466,0,0,0.5682803339357597,0
4323,15,1.2547088618011146,0.6610989341549391,-0.9903083047264487,1.355838809626623,0,-0.6682574493739278,0,0,0.3037730827355372,1
4324,10,-0.17336878232770134,-0.10715455638531189,-0.09693376048081978,-0.2963328594663866,2,-0.6682574493739278,1,1,0.45492008342137863,2
4325,4,0.30995251485512954,0.3914099484132469,-1.5491773118572758,1.8685817414141086,1,-0.6682574493739278,0,0,0.7572140847930615,1
4326,4,0.30995251485512954,0.3914099484132469,-0.2641865290382206,0.6721815672433087,0,-0.6682574493739278,0,0,-0.5275354210365908,1
4327,5,-0.47612853829875046,-1.599647014570184,-1.3860038791183482,1.070981625300242,3,-0.5098167859943894,0,0,0.3037730827355372,1
4328,14,0.9264151505071309,0.868367323790327,-1.1534817374653763,0.8430958778391372,3,-0.5098167859943894,0,0,-1.3210571746372586,1
4329,11,-1.7838318216197984,-1.4067833778824486,0.35587251536970443,0.10246719859054672,1,-0.6682574493739278,0,1,-0.9054029227511945,2
4330,2,0.9902500388142728,-0.3176240022311628,1.2655644028892261,-0.7521043543885961,0,-0.6682574493739278,0,0,1.512949088222269,3
4331,1,-0.24814679434461676,0.6210857315226723,0.5516806346564176,-0.7521043543885961,3,0.12394586752376466,0,1,-0.2252414196649079,0
4332,3,-1.4828959196003133,-1.3459633098813757,1.1023909701502985,-1.4927330336371867,3,-0.5098167859943894,1,0,0.7572140847930615,3
4333,6,0.23335064888652038,1.3893392220629235,-0.33353523795226486,0.7291530041085849,2,-0.6682574493739278,0,0,-0.754255922065353,1
4334,13,-0.12047701773033298,0.5410593262580249,1.412420492354261,-1.4927330336371867,4,2.183674491457765,0,0,1.2484418370220463,3
4335,1,-0.24814679434461676,0.6210857315226723,1.281881746163119,-1.4927330336371867,2,-0.6682574493739278,1,0,-0.2252414196649079,3
4336,0,0.6473654959072578,0.16733601367230244,-1.6430020356821593,1.982524615144661,0,-0.6682574493739278,0,0,1.324015337364967,1
4337,1,-0.24814679434461676,0.6210857315226723,-0.5089466781466121,0.2164100723210991,4,1.0745898478009956,0,0,-1.0943366736084963,2
4338,9,1.3623162449474802,-0.524092127813878,1.028962925417781,-0.5242186069274913,2,-0.6682574493739278,0,0,0.9461478356503634,3
4339,9,1.3623162449474802,-0.524092127813878,-0.4926293348727193,0.2164100723210991,4,1.2330305111805342,0,0,0.7950008349645219,2
4340,4,0.30995251485512954,0.3914099484132469,-0.43959796923256783,-0.69513291752332,4,2.3421151548373036,1,0,0.7950008349645219,0
4341,0,0.6473654959072578,0.16733601367230244,-1.5083839536725439,1.0140101884349657,1,-0.6682574493739278,1,0,1.6640960889081102,1
4342,4,0.30995251485512954,0.3914099484132469,-0.12956844702860532,0.5582386935127562,2,-0.6682574493739278,0,0,1.0217213359932842,1
4343,3,-1.4828959196003133,-1.3459633098813757,-0.42735996177714825,-0.011475675140005663,1,-0.6682574493739278,1,0,1.3618020875364274,2
4344,8,0.6510132038105156,-0.21519020349247783,0.4333798959206951,0.04549576172527053,1,-0.6682574493739278,0,0,-1.358843924808719,2
4345,15,1.2547088618011146,0.6610989341549391,1.4817692012683052,-1.4927330336371867,3,0.12394586752376466,0,0,0.6816405844501409,3
4346,0,0.6473654959072578,0.16733601367230244,1.3553097908956364,-0.8090757912538723,2,-0.6682574493739278,0,0,-1.1321234237799567,3
4347,15,1.2547088618011146,0.6610989341549391,-0.37840793195546996,0.786124440973861,1,-0.6682574493739278,0,1,0.908361085478903,1
4348,13,-0.12047701773033298,0.5410593262580249,1.3226751043478508,-0.8090757912538723,1,-0.6682574493739278,0,0,-0.9431896729226549,3
4349,8,0.6510132038105156,-0.21519020349247783,-0.011267708292882758,0.4442958197822039,1,-0.6682574493739278,0,0,-0.18745466949344755,2
4350,6,0.23335064888652038,1.3893392220629235,1.0412009328732006,-0.5242186069274913,2,-0.6682574493739278,0,1,0.15262608204969574,3
4351,12,-2.008165857670674,1.9735319804944969,0.5761566495672568,-0.7521043543885961,4,-0.5098167859943894,0,0,1.0217213359932842,0
4352,1,-0.24814679434461676,0.6210857315226723,1.4817692012683052,-0.9230186649844248,0,-0.6682574493739278,0,0,1.512949088222269,3
4353,8,0.6510132038105156,-0.21519020349247783,-1.532859968583383,1.1849244990307943,3,-0.5098167859943894,0,0,0.0014790813638542722,1
4354,10,-0.17336878232770134,-0.10715455638531189,0.4415385675576415,0.04549576172527053,1,-0.6682574493739278,0,0,0.9839345858218238,2
4355,10,-0.17336878232770134,-0.10715455638531189,-0.8842455734461457,0.5582386935127562,3,1.3914711745600725,0,0,-1.4344174251516395,1
4356,2,0.9902500388142728,-0.3176240022311628,-0.5742160512421831,0.9570387515696896,1,-0.6682574493739278,0,1,-1.5099909254945603,1
4357,4,0.30995251485512954,0.3914099484132469,0.49049059737931977,-0.69513291752332,4,-0.5098167859943894,0,0,-1.3966306749801791,0
4358,5,-0.47612853829875046,-1.599647014570184,-0.1744411410318104,-0.06844711200528185,3,1.2330305111805342,0,0,0.07705258170677501,2
4359,1,-0.24814679434461676,0.6210857315226723,-0.38248726777394315,0.786124440973861,0,-0.6682574493739278,0,1,1.4751623380508085,1
4360,4,0.30995251485512954,0.3914099484132469,-0.5293433572389781,0.27338150918637527,4,1.866793164698688,0,0,0.9461478356503634,2
4361,9,1.3623162449474802,-0.524092127813878,-1.4104798940291874,0.2164100723210991,3,2.500555818216842,1,0,-0.5653221712080512,2
4362,10,-0.17336878232770134,-0.10715455638531189,1.4083411565357877,-1.4927330336371867,4,1.549911837939611,0,0,1.135081586507665,3
4363,9,1.3623162449474802,-0.524092127813878,0.18861974681230362,-0.410275733196939,4,-0.19293545923531236,0,0,0.0014790813638542722,0
4364,0,0.6473654959072578,0.16733601367230244,0.6699813733921401,-1.036961538714977,0,-0.6682574493739278,1,0,0.3793465830784579,3
4365,4,0.30995251485512954,0.3914099484132469,-0.4967086706911925,-0.6381614806580438,4,1.0745898478009956,1,0,-0.7164691718938927,0
4366,1,-0.24814679434461676,0.6210857315226723,0.6006326644780959,-0.12541854887055803,1,-0.6682574493739278,0,1,-0.6031089213795116,2
4367,12,-2.008165857670674,1.9735319804944969,-1.316655170204304,0.1594386354558229,4,2.3421151548373036,1,0,0.6438538342786805,2
4368,1,-0.24814679434461676,0.6210857315226723,0.7026160599399257,-1.036961538714977,2,-0.6682574493739278,1,0,1.4751623380508085,3
4369,0,0.6473654959072578,0.16733601367230244,1.2533263954338065,-1.3787901599066343,3,-0.03449479585577385,0,1,-0.41417517052220976,3
4370,4,0.30995251485512954,0.3914099484132469,-1.5450979760388026,1.8685817414141086,0,-0.6682574493739278,0,1,-1.3210571746372586,1
4371,2,0.9902500388142728,-0.3176240022311628,0.8943448434081657,-1.4927330336371867,3,0.9161491844214572,1,1,-1.1321234237799567,3
4372,15,1.2547088618011146,0.6610989341549391,0.17638173935688403,0.27338150918637527,2,-0.6682574493739278,0,0,-1.2454836742943378,2
4373,10,-0.17336878232770134,-0.10715455638531189,0.0050496349810100075,0.4442958197822039,1,-0.6682574493739278,0,1,1.5885225885651897,2
4374,9,1.3623162449474802,-0.524092127813878,1.0534389403286202,-1.3787901599066343,1,-0.6682574493739278,1,0,0.6060670841072201,3
4375,0,0.6473654959072578,0.16733601367230244,1.649021969825706,-1.4927330336371867,3,0.5992678576623801,0,0,1.2862285871935066,3
4376,15,1.2547088618011146,0.6610989341549391,1.7387673578321163,-1.4927330336371867,4,0.2823865309033032,0,0,-1.3210571746372586,3
4377,1,-0.24814679434461676,0.6210857315226723,1.3022784252554849,-1.4357615967719104,3,0.2823865309033032,0,0,-0.11188116915052682,3
4378,13,-0.12047701773033298,0.5410593262580249,0.7882821121278627,-0.2963328594663866,0,-0.6682574493739278,0,0,-1.2076969241228774,2
4379,1,-0.24814679434461676,0.6210857315226723,-0.6802787825224861,-0.4672471700622152,3,0.7577085210419187,1,0,0.8705743353074427,0
4380,14,0.9264151505071309,0.868367323790327,-1.2554651329272062,1.640695993953004,0,-0.6682574493739278,0,1,0.45492008342137863,1
4381,15,1.2547088618011146,0.6610989341549391,0.8821068359527461,-0.3533042963316628,2,-0.6682574493739278,0,0,0.039265831535314634,2
4382,1,-0.24814679434461676,0.6210857315226723,1.559276581819296,-1.4927330336371867,3,2.0252338280782265,1,0,-1.056549923437036,3
4383,6,0.23335064888652038,1.3893392220629235,0.7066953957583989,-0.9230186649844248,3,1.866793164698688,0,0,0.11483933187823536,0
4384,1,-0.24814679434461676,0.6210857315226723,0.665902037573667,-1.036961538714977,0,-0.6682574493739278,1,0,1.324015337364967,3
4385,11,-1.7838318216197984,-1.4067833778824486,-0.7741035063473696,0.5012672566474801,3,2.183674491457765,0,0,0.9461478356503634,1
4386,5,-0.47612853829875046,-1.599647014570184,-0.21115516339806914,0.6152101303780324,2,-0.6682574493739278,0,0,0.4171333332499183,1
4387,14,0.9264151505071309,0.868367323790327,0.6495846942997743,-0.8660472281191486,4,0.9161491844214572,0,0,1.512949088222269,0
4388,15,1.2547088618011146,0.6610989341549391,-0.7659448347104232,0.5012672566474801,3,0.7577085210419187,0,0,1.0217213359932842,1
4389,15,1.2547088618011146,0.6610989341549391,0.11927103789825937,-0.5242186069274913,2,-0.6682574493739278,1,0,1.2862285871935066,0
4390,3,-1.4828959196003133,-1.3459633098813757,-1.6470813715006325,1.982524615144661,1,-0.6682574493739278,0,1,-0.5653221712080512,1
4391,9,1.3623162449474802,-0.524092127813878,0.17230240353841084,0.27338150918637527,1,-0.6682574493739278,0,0,0.492706833592839,2
4392,15,1.2547088618011146,0.6610989341549391,1.2574057312522797,-1.4357615967719104,4,2.0252338280782265,0,0,0.8327875851359823,3
4393,7,-0.383111986765481,-1.2515321516691895,1.392023813261895,-1.4927330336371867,4,2.183674491457765,1,0,1.2484418370220463,3
4394,1,-0.24814679434461676,0.6210857315226723,-0.9005629167200384,0.4442958197822039,0,-0.6682574493739278,1,1,-1.4344174251516395,2
4395,5,-0.47612853829875046,-1.599647014570184,-0.9291182674493508,0.4442958197822039,2,-0.6682574493739278,1,0,1.4751623380508085,2
4396,11,-1.7838318216197984,-1.4067833778824486,0.7311714106692381,-0.23936142260111043,1,-0.6682574493739278,0,0,0.6438538342786805,2
4397,13,-0.12047701773033298,0.5410593262580249,1.3104370968924313,-1.4927330336371867,4,0.7577085210419187,1,0,0.4171333332499183,3
4398,1,-0.24814679434461676,0.6210857315226723,1.069756283602513,-1.3787901599066343,0,-0.6682574493739278,1,0,1.324015337364967,3
4399,8,0.6510132038105156,-0.21519020349247783,-1.1657197449207959,0.8430958778391372,3,2.500555818216842,0,0,-1.5477776756660206,1
4400,12,-2.008165857670674,1.9735319804944969,0.19677841844925,0.27338150918637527,0,-0.6682574493739278,0,0,0.34155983290699754,2
4401,11,-1.7838318216197984,-1.4067833778824486,-0.4599946483249338,0.2164100723210991,4,1.0745898478009956,0,0,-0.7164691718938927,2
4402,14,0.9264151505071309,0.868367323790327,-0.9250389316308776,1.2988673727613467,0,-0.6682574493739278,0,0,-1.0187631732655755,1
4403,3,-1.4828959196003133,-1.3459633098813757,0.8617101568603802,-0.3533042963316628,1,-0.6682574493739278,0,0,1.512949088222269,2
4404,11,-1.7838318216197984,-1.4067833778824486,1.2329297163414406,-1.4927330336371867,1,-0.6682574493739278,1,1,1.324015337364967,3
4405,0,0.6473654959072578,0.16733601367230244,-1.0759743569143856,1.4697816833571753,0,-0.6682574493739278,0,0,-0.036307668807606094,1
4406,11,-1.7838318216197984,-1.4067833778824486,-0.42735996177714825,-0.011475675140005663,2,-0.6682574493739278,1,1,0.1904128322211561,2
4407,6,0.23335064888652038,1.3893392220629235,-0.06837840975150744,0.5012672566474801,0,-0.6682574493739278,0,1,0.9839345858218238,1
4408,3,-1.4828959196003133,-1.3459633098813757,-1.2391477896533134,0.9000673147044134,3,0.5992678576623801,0,0,-0.8298294224082737,1
4409,0,0.6473654959072578,0.16733601367230244,0.21309576172314276,-0.410275733196939,4,1.2330305111805342,0,1,0.7572140847930615,0
4410,12,-2.008165857670674,1.9735319804944969,1.7224500145582236,-1.4927330336371867,0,-0.6682574493739278,1,0,1.3618020875364274,3
4411,11,-1.7838318216197984,-1.4067833778824486,-0.32537656631531847,0.7291530041085849,2,-0.6682574493739278,0,0,-1.358843924808719,1
4412,12,-2.008165857670674,1.9735319804944969,0.22533376917856235,0.2164100723210991,0,-0.6682574493739278,0,1,0.1904128322211561,2
4413,12,-2.008165857670674,1.9735319804944969,1.4940072087237248,-0.9230186649844248,0,-0.6682574493739278,0,0,1.3995888377078878,3
4414,13,-0.12047701773033298,0.5410593262580249,-1.532859968583383,1.1849244990307943,3,2.500555818216842,0,1,0.8705743353074427,1
4415,15,1.2547088618011146,0.6610989341549391,-0.43143929759562144,0.1594386354558229,3,1.0745898478009956,0,0,-1.3210571746372586,2
4416,11,-1.7838318216197984,-1.4067833778824486,0.5476012988379444,-0.9230186649844248,2,-0.6682574493739278,1,0,0.908361085478903,0
4417,4,0.30995251485512954,0.3914099484132469,1.1391049925165573,-1.4927330336371867,4,-0.03449479585577385,1,0,0.34155983290699754,3
4418,12,-2.008165857670674,1.9735319804944969,0.9473762090483172,-0.410275733196939,2,-0.6682574493739278,0,0,0.26598633256407683,3
4419,4,0.30995251485512954,0.3914099484132469,-0.741468819799584,0.4442958197822039,4,2.183674491457765,0,0,-1.6989246763518622,2
4420,4,0.30995251485512954,0.3914099484132469,-0.6313267527008078,1.0140101884349657,2,-0.6682574493739278,0,0,1.4373755878793482,1
4421,9,1.3623162449474802,-0.524092127813878,0.4048245451913828,-0.6381614806580438,4,1.3914711745600725,0,0,-0.6408956715509719,0
4422,8,0.6510132038105156,-0.21519020349247783,0.5108872764716857,-0.69513291752332,4,-0.35137612261485085,0,1,-0.07409441897906646,0
4423,8,0.6510132038105156,-0.21519020349247783,1.6000699400040277,-1.4927330336371867,4,2.0252338280782265,0,0,1.6640960889081102,3
4424,15,1.2547088618011146,0.6610989341549391,0.6822193808475597,-0.8660472281191486,4,1.2330305111805342,0,1,0.5304935837642993,0
4425,7,-0.383111986765481,-1.2515321516691895,0.9188208583190048,-0.410275733196939,1,-0.6682574493739278,0,0,-1.2832704244657982,0
4426,0,0.6473654959072578,0.16733601367230244,0.984090231414576,-0.4672471700622152,2,-0.6682574493739278,0,1,-1.358843924808719,3
4427,14,0.9264151505071309,0.868367323790327,-0.655802767611647,0.38732438291692767,4,1.7083525013191496,0,0,0.34155983290699754,2
4428,15,1.2547088618011146,0.6610989341549391,0.5557599704748908,-0.7521043543885961,4,-0.03449479585577385,0,0,1.3618020875364274,0
4429,14,0.9264151505071309,0.868367323790327,1.7346880220136431,-1.4927330336371867,3,2.3421151548373036,0,0,-0.2252414196649079,3
4430,12,-2.008165857670674,1.9735319804944969,0.07031900807658106,0.38732438291692767,2,-0.6682574493739278,0,1,-0.41417517052220976,2
4431,0,0.6473654959072578,0.16733601367230244,0.6047120002965691,-0.8090757912538723,3,1.7083525013191496,0,0,1.2106550868505859,0
4432,11,-1.7838318216197984,-1.4067833778824486,-1.402321222392241,1.7546388676835563,2,-0.6682574493739278,0,1,0.6816405844501409,1
4433,6,0.23335064888652038,1.3893392220629235,-0.9046422525385116,0.6152101303780324,4,0.12394586752376466,0,1,1.3618020875364274,1
4434,3,-1.4828959196003133,-1.3459633098813757,-0.09285442466234659,0.5582386935127562,1,-0.6682574493739278,0,0,-0.18745466949344755,1
4435,5,-0.47612853829875046,-1.599647014570184,0.20901642590466957,-0.410275733196939,4,1.3914711745600725,0,0,0.15262608204969574,0
4436,15,1.2547088618011146,0.6610989341549391,-1.6878747296853644,2.0394960520099374,0,-0.6682574493739278,0,0,-0.6786824217224323,1
4437,10,-0.17336878232770134,-0.10715455638531189,-0.635406088519281,0.3303529460516515,4,-0.5098167859943894,0,0,0.3037730827355372,2
4438,0,0.6473654959072578,0.16733601367230244,1.5307212310899836,-0.9799901018497009,1,-0.6682574493739278,0,0,-0.9431896729226549,3
4439,1,-0.24814679434461676,0.6210857315226723,0.6047120002965691,-0.8090757912538723,3,2.500555818216842,0,0,-1.3966306749801791,0
4440,15,1.2547088618011146,0.6610989341549391,-1.5858913342235346,1.2418959358960706,3,-0.5098167859943894,0,0,-0.1496679193219872,1
4441,13,-0.12047701773033298,0.5410593262580249,-1.14532306582843,1.5267531202224516,0,-0.6682574493739278,0,1,0.908361085478903,1
4442,7,-0.383111986765481,-1.2515321516691895,1.049359604510147,-0.5242186069274913,2,-0.6682574493739278,0,0,0.0014790813638542722,3
4443,12,-2.008165857670674,1.9735319804944969,-1.3737658716629286,1.6976674308182802,0,-0.6682574493739278,0,0,-0.1496679193219872,1
4444,10,-0.17336878232770134,-0.10715455638531189,0.9963282388699954,-1.321818723041358,0,-0.6682574493739278,1,0,-0.2252414196649079,3
4445,7,-0.383111986765481,-1.2515321516691895,-0.9087215883569848,1.2988673727613467,1,-0.6682574493739278,0,0,1.0595080861647446,1
4446,3,-1.4828959196003133,-1.3459633098813757,1.0983116343318253,-1.2648472861760818,4,-0.5098167859943894,0,1,-0.7920426722368133,3
4447,6,0.23335064888652038,1.3893392220629235,1.220691708886021,-0.69513291752332,2,-0.6682574493739278,0,1,0.7572140847930615,3
4448,6,0.23335064888652038,1.3893392220629235,0.11519170207978617,-0.5242186069274913,0,-0.6682574493739278,1,0,0.6438538342786805,0
4449,6,0.23335064888652038,1.3893392220629235,-0.7781828421658428,-0.3533042963316628,3,1.0745898478009956,1,0,-0.4519619206936701,2
4450,1,-0.24814679434461676,0.6210857315226723,-0.15812379775791766,-0.23936142260111043,2,-0.6682574493739278,1,1,0.039265831535314634,2
4451,9,1.3623162449474802,-0.524092127813878,0.2865238064556602,0.1594386354558229,2,-0.6682574493739278,0,0,0.5682803339357597,2
4452,6,0.23335064888652038,1.3893392220629235,-1.659319378956052,1.982524615144661,2,-0.6682574493739278,0,0,1.512949088222269,1
4453,13,-0.12047701773033298,0.5410593262580249,0.25796845572634786,-0.4672471700622152,3,-0.35137612261485085,0,0,0.3793465830784579,0
4454,3,-1.4828959196003133,-1.3459633098813757,-0.039823059022195094,0.5012672566474801,1,-0.6682574493739278,0,0,-0.30081492000782867,1
4455,8,0.6510132038105156,-0.21519020349247783,-0.6394854243377542,1.0140101884349657,0,-0.6682574493739278,0,1,-0.754255922065353,1
4456,6,0.23335064888652038,1.3893392220629235,1.0044869105069418,-1.321818723041358,0,-0.6682574493739278,1,0,-0.9054029227511945,3
4457,10,-0.17336878232770134,-0.10715455638531189,-0.38656660359241635,0.786124440973861,0,-0.6682574493739278,0,1,1.4373755878793482,1
4458,8,0.6510132038105156,-0.21519020349247783,-1.5450979760388026,1.8685817414141086,2,-0.6682574493739278,0,0,-0.18745466949344755,1
4459,13,-0.12047701773033298,0.5410593262580249,0.5353632913825249,-0.9230186649844248,0,-0.6682574493739278,1,0,0.8327875851359823,0
4460,14,0.9264151505071309,0.868367323790327,1.6449426340072328,-1.4927330336371867,3,1.3914711745600725,0,0,0.4171333332499183,3
4461,15,1.2547088618011146,0.6610989341549391,0.2375717766339819,0.2164100723210991,1,-0.6682574493739278,0,0,1.097294836336205,2
4462,0,0.6473654959072578,0.16733601367230244,0.22941310499703552,0.2164100723210991,1,-0.6682574493739278,0,0,-0.9809764230941153,2
4463,7,-0.383111986765481,-1.2515321516691895,-1.4553525880323925,1.8116103045488325,0,-0.6682574493739278,0,0,1.2484418370220463,1
4464,5,-0.47612853829875046,-1.599647014570184,-0.15404446193944446,0.6152101303780324,1,-0.6682574493739278,0,0,0.6438538342786805,1
4465,2,0.9902500388142728,-0.3176240022311628,1.2329297163414406,-1.3787901599066343,3,1.866793164698688,0,0,0.11483933187823536,3
4466,2,0.9902500388142728,-0.3176240022311628,1.2533263954338065,-1.4927330336371867,4,2.183674491457765,1,0,1.1728683366791255,3
4467,8,0.6510132038105156,-0.21519020349247783,-1.5858913342235346,1.9255531782793849,1,-0.6682574493739278,0,1,0.7194273346216012,1
4468,13,-0.12047701773033298,0.5410593262580249,1.6857359921919648,-1.4927330336371867,4,0.5992678576623801,0,0,-1.0187631732655755,3
4469,5,-0.47612853829875046,-1.599647014570184,1.5103245519976176,-0.9799901018497009,2,-0.6682574493739278,0,0,0.15262608204969574,3
4470,13,-0.12047701773033298,0.5410593262580249,-0.6150094094269151,0.3303529460516515,3,1.549911837939611,0,0,1.097294836336205,2
4471,7,-0.383111986765481,-1.2515321516691895,0.4333798959206951,0.04549576172527053,0,-0.6682574493739278,0,0,0.1904128322211561,2
4472,7,-0.383111986765481,-1.2515321516691895,0.9963282388699954,-0.4672471700622152,2,-0.6682574493739278,0,1,1.5885225885651897,3
4473,3,-1.4828959196003133,-1.3459633098813757,0.31915849300344573,0.1594386354558229,0,-0.6682574493739278,0,0,0.15262608204969574,2
4474,8,0.6510132038105156,-0.21519020349247783,0.8290754703125947,-0.3533042963316628,2,-0.6682574493739278,0,0,-0.9431896729226549,2
4475,6,0.23335064888652038,1.3893392220629235,-0.29682121558600616,0.7291530041085849,1,-0.6682574493739278,0,0,-0.2252414196649079,1
4476,13,-0.12047701773033298,0.5410593262580249,0.7964407837648091,-0.9799901018497009,4,0.4408271942828417,0,0,-1.2832704244657982,3
4477,5,-0.47612853829875046,-1.599647014570184,-1.4594319238508657,1.8116103045488325,0,-0.6682574493739278,0,1,1.3618020875364274,1
4478,8,0.6510132038105156,-0.21519020349247783,-1.3533691925705627,0.8430958778391372,1,-0.6682574493739278,1,0,1.512949088222269,1
4479,12,-2.008165857670674,1.9735319804944969,1.1676603432458694,-0.6381614806580438,2,-0.6682574493739278,0,1,0.8327875851359823,3
4480,3,-1.4828959196003133,-1.3459633098813757,-0.4151219543217287,0.1594386354558229,3,1.0745898478009956,0,0,-0.8298294224082737,2
4481,9,1.3623162449474802,-0.524092127813878,-0.10917176793623935,-0.12541854887055803,4,-0.5098167859943894,0,0,-0.1496679193219872,2
4482,12,-2.008165857670674,1.9735319804944969,-1.381924543299875,1.7546388676835563,2,-0.6682574493739278,0,0,0.8327875851359823,1
4483,2,0.9902500388142728,-0.3176240022311628,1.4409758430835733,-1.4927330336371867,0,-0.6682574493739278,1,0,0.8705743353074427,3
4484,12,-2.008165857670674,1.9735319804944969,-0.827134871987521,1.2418959358960706,1,-0.6682574493739278,0,1,0.5304935837642993,1
4485,14,0.9264151505071309,0.868367323790327,-0.10917176793623935,-0.12541854887055803,3,2.3421151548373036,0,0,0.5304935837642993,2
4486,1,-0.24814679434461676,0.6210857315226723,0.5843153212042032,-0.8090757912538723,3,2.3421151548373036,0,0,1.1728683366791255,0
4487,4,0.30995251485512954,0.3914099484132469,1.1962156939751818,-0.69513291752332,2,-0.6682574493739278,0,1,-0.9431896729226549,3
4488,7,-0.383111986765481,-1.2515321516691895,-1.0800536927328588,0.6152101303780324,2,-0.6682574493739278,1,0,0.07705258170677501,1
4489,10,-0.17336878232770134,-0.10715455638531189,0.28244447063718703,-0.5242186069274913,4,2.0252338280782265,0,0,1.5507358383937293,0
4490,0,0.6473654959072578,0.16733601367230244,-0.11325110375471253,-0.9799901018497009,3,1.0745898478009956,1,0,-1.056549923437036,3
4491,7,-0.383111986765481,-1.2515321516691895,0.7189334032138185,-0.23936142260111043,0,-0.6682574493739278,0,0,0.7572140847930615,2
4492,7,-0.383111986765481,-1.2515321516691895,1.3879444774434218,-1.4927330336371867,4,2.500555818216842,0,0,-0.9431896729226549,3
4493,1,-0.24814679434461676,0.6210857315226723,0.0540016648026883,-0.4672471700622152,1,-0.6682574493739278,1,1,-0.9809764230941153,0
4494,5,-0.47612853829875046,-1.599647014570184,1.0044869105069418,-1.1509044124455294,3,0.7577085210419187,0,1,-1.4344174251516395,3
4495,15,1.2547088618011146,0.6610989341549391,-0.34577324540768445,0.786124440973861,1,-0.6682574493739278,0,0,1.2106550868505859,1
4496,15,1.2547088618011146,0.6610989341549391,1.5837525967301351,-1.4927330336371867,4,1.866793164698688,0,0,-0.9054029227511945,3
4497,5,-0.47612853829875046,-1.599647014570184,-0.5905333945160759,0.1594386354558229,2,-0.6682574493739278,1,1,0.6060670841072201,2
4498,2,0.9902500388142728,-0.3176240022311628,-0.6843581183409593,0.2164100723210991,2,-0.6682574493739278,1,0,0.908361085478903,2
4499,1,-0.24814679434461676,0.6210857315226723,0.49049059737931977,-0.011475675140005663,1,-0.6682574493739278,0,1,0.45492008342137863,2
4500,11,-1.7838318216197984,-1.4067833778824486,-1.1738784165577423,0.8430958778391372,3,-0.35137612261485085,0,0,-1.4722041753230999,1
4501,11,-1.7838318216197984,-1.4067833778824486,-0.38656660359241635,-0.06844711200528185,1,-0.6682574493739278,1,1,-1.585564425837481,2
4502,13,-0.12047701773033298,0.5410593262580249,-0.11325110375471253,-0.12541854887055803,4,0.12394586752376466,0,0,-0.9054029227511945,2
4503,3,-1.4828959196003133,-1.3459633098813757,1.1187083134241913,-1.4357615967719104,0,-0.6682574493739278,1,0,0.07705258170677501,3
4504,2,0.9902500388142728,-0.3176240022311628,-1.6470813715006325,1.982524615144661,1,-0.6682574493739278,0,0,-1.3966306749801791,1
4505,10,-0.17336878232770134,-0.10715455638531189,1.1554223357904498,-1.321818723041358,4,2.500555818216842,0,1,-0.9809764230941153,3
4506,3,-1.4828959196003133,-1.3459633098813757,0.6006326644780959,-0.9799901018497009,1,-0.6682574493739278,1,0,-0.7164691718938927,3
4507,4,0.30995251485512954,0.3914099484132469,0.09071568716894703,-0.2963328594663866,4,2.3421151548373036,0,0,0.11483933187823536,2
4508,7,-0.383111986765481,-1.2515321516691895,0.15598506026451808,-0.5811900437927676,1,-0.6682574493739278,1,1,-1.1321234237799567,0
4509,10,-0.17336878232770134,-0.10715455638531189,-0.272345200675167,-0.8660472281191486,4,1.2330305111805342,1,0,0.45492008342137863,0
4510,6,0.23335064888652038,1.3893392220629235,0.6087913361150423,-0.12541854887055803,1,-0.6682574493739278,0,0,-0.8298294224082737,2
4511,7,-0.383111986765481,-1.2515321516691895,-1.6878747296853644,0.5012672566474801,4,-0.35137612261485085,1,0,-0.6031089213795116,1
4512,6,0.23335064888652038,1.3893392220629235,1.2084537014306014,-1.3787901599066343,3,2.183674491457765,0,1,-1.6611379261804018,3
4513,3,-1.4828959196003133,-1.3459633098813757,0.7842027763093895,-0.2963328594663866,0,-0.6682574493739278,0,0,1.512949088222269,2
4514,15,1.2547088618011146,0.6610989341549391,0.368110522825124,-0.5811900437927676,4,-0.19293545923531236,0,0,-0.6786824217224323,0
4515,7,-0.383111986765481,-1.2515321516691895,-1.2065131031055278,1.5837245570877276,0,-0.6682574493739278,0,0,-0.7164691718938927,1
4516,14,0.9264151505071309,0.868367323790327,0.29876181391107975,-0.5242186069274913,3,1.2330305111805342,0,0,-0.1496679193219872,0
4517,10,-0.17336878232770134,-0.10715455638531189,-0.8108175287136282,1.1849244990307943,2,-0.6682574493739278,0,0,-0.9431896729226549,1
4518,8,0.6510132038105156,-0.21519020349247783,-0.8148968645321014,1.1849244990307943,2,-0.6682574493739278,0,0,-0.6786824217224323,1
4519,15,1.2547088618011146,0.6610989341549391,-1.6266846924082665,1.982524615144661,2,-0.6682574493739278,0,0,1.5885225885651897,1
4520,8,0.6510132038105156,-0.21519020349247783,-1.0107049838188147,0.5582386935127562,0,-0.6682574493739278,1,0,-1.6989246763518622,1
4521,6,0.23335064888652038,1.3893392220629235,-0.5089466781466121,0.04549576172527053,2,-0.6682574493739278,1,1,-0.07409441897906646,2
4522,8,0.6510132038105156,-0.21519020349247783,0.8821068359527461,-1.036961538714977,4,2.0252338280782265,0,0,-1.1321234237799567,3
4523,15,1.2547088618011146,0.6610989341549391,1.4654518579944125,-1.4927330336371867,3,0.2823865309033032,0,0,0.4171333332499183,3
4524,6,0.23335064888652038,1.3893392220629235,-0.8760869018091993,0.38732438291692767,0,-0.6682574493739278,1,0,-1.5477776756660206,2
4525,10,-0.17336878232770134,-0.10715455638531189,0.5068079406532126,-0.8660472281191486,0,-0.6682574493739278,1,0,0.3793465830784579,0
4526,12,-2.008165857670674,1.9735319804944969,-0.06021973811456105,0.5012672566474801,1,-0.6682574493739278,0,0,1.0595080861647446,1
4527,3,-1.4828959196003133,-1.3459633098813757,0.6985367241214525,-0.18238998573583423,0,-0.6682574493739278,0,0,-0.7920426722368133,2
4528,6,0.23335064888652038,1.3893392220629235,0.0988743588058934,-0.3533042963316628,3,2.500555818216842,0,0,0.34155983290699754,2
4529,1,-0.24814679434461676,0.6210857315226723,-0.5211846856020317,0.9570387515696896,2,-0.6682574493739278,0,0,1.6640960889081102,1
4530,12,-2.008165857670674,1.9735319804944969,-1.230989118016367,0.9000673147044134,3,1.2330305111805342,0,1,-1.585564425837481,1
4531,9,1.3623162449474802,-0.524092127813878,-0.741468819799584,-0.410275733196939,4,2.183674491457765,1,0,-0.036307668807606094,0
4532,12,-2.008165857670674,1.9735319804944969,0.3395551720958117,0.10246719859054672,2,-0.6682574493739278,0,0,-0.7164691718938927,2
4533,6,0.23335064888652038,1.3893392220629235,0.857630821041907,-1.036961538714977,4,-0.35137612261485085,0,0,-0.5275354210365908,3
4534,3,-1.4828959196003133,-1.3459633098813757,-0.8026588570766818,-0.3533042963316628,4,-0.03449479585577385,1,1,1.4373755878793482,2
4535,7,-0.383111986765481,-1.2515321516691895,-0.5171053497835585,0.9000673147044134,2,-0.6682574493739278,0,0,1.324015337364967,1
4536,6,0.23335064888652038,1.3893392220629235,-1.4145592298476606,1.070981625300242,3,2.183674491457765,0,0,-1.1321234237799567,1
4537,5,-0.47612853829875046,-1.599647014570184,-0.7333101481626376,1.1279530621655183,1,-0.6682574493739278,0,0,1.4751623380508085,1
4538,12,-2.008165857670674,1.9735319804944969,-0.4518359766879874,-0.011475675140005663,0,-0.6682574493739278,1,1,0.26598633256407683,2
4539,0,0.6473654959072578,0.16733601367230244,-0.1785204768502836,0.6152101303780324,2,-0.6682574493739278,0,0,-0.41417517052220976,1
4540,12,-2.008165857670674,1.9735319804944969,0.9025035150451121,-0.410275733196939,1,-0.6682574493739278,0,0,-0.754255922065353,0
4541,15,1.2547088618011146,0.6610989341549391,-1.0759743569143856,0.6152101303780324,2,-0.6682574493739278,1,0,0.9461478356503634,1
4542,8,0.6510132038105156,-0.21519020349247783,-1.7123507445962036,1.355838809626623,3,1.7083525013191496,0,0,-0.5653221712080512,1
4543,2,0.9902500388142728,-0.3176240022311628,1.5021658803606712,-1.4927330336371867,4,2.3421151548373036,0,0,-1.3966306749801791,3
4544,1,-0.24814679434461676,0.6210857315226723,-0.847531551079887,-0.2963328594663866,4,2.500555818216842,1,0,0.11483933187823536,2
4545,12,-2.008165857670674,1.9735319804944969,0.2498097840894015,-1.321818723041358,4,1.866793164698688,1,0,1.3995888377078878,3
4546,4,0.30995251485512954,0.3914099484132469,0.31507915718497254,-0.5242186069274913,4,0.4408271942828417,0,1,0.22819958239261645,0
4547,4,0.30995251485512954,0.3914099484132469,1.6653393130995988,-1.4927330336371867,3,1.549911837939611,0,1,1.1728683366791255,3
4548,13,-0.12047701773033298,0.5410593262580249,1.1676603432458694,-0.6381614806580438,0,-0.6682574493739278,0,0,-0.48974867086513046,3
4549,2,0.9902500388142728,-0.3176240022311628,0.8984241792266389,-0.410275733196939,2,-0.6682574493739278,0,0,0.4171333332499183,0
4550,4,0.30995251485512954,0.3914099484132469,1.4042618207173145,-1.4927330336371867,3,-0.35137612261485085,0,0,0.0014790813638542722,3
4551,3,-1.4828959196003133,-1.3459633098813757,1.5062452161791444,-1.4927330336371867,1,-0.6682574493739278,1,1,-0.9054029227511945,3
4552,15,1.2547088618011146,0.6610989341549391,1.0452802686916738,-0.5242186069274913,1,-0.6682574493739278,0,0,0.4171333332499183,3
4553,0,0.6473654959072578,0.16733601367230244,-1.2269097821978938,0.7291530041085849,1,-0.6682574493739278,1,0,1.1728683366791255,1
4554,6,0.23335064888652038,1.3893392220629235,1.2166123730675478,-0.69513291752332,1,-0.6682574493739278,0,0,-0.3763884203507494,3
4555,9,1.3623162449474802,-0.524092127813878,1.4246584998096805,-0.8660472281191486,2,-0.6682574493739278,0,0,-0.4519619206936701,3
4556,0,0.6473654959072578,0.16733601367230244,-0.39880461104783593,-0.69513291752332,4,1.7083525013191496,1,0,-0.5275354210365908,0
4557,13,-0.12047701773033298,0.5410593262580249,-0.741468819799584,-0.410275733196939,4,-0.35137612261485085,1,0,0.11483933187823536,0
4558,8,0.6510132038105156,-0.21519020349247783,0.9473762090483172,-0.410275733196939,0,-0.6682574493739278,0,0,0.45492008342137863,3
4559,5,-0.47612853829875046,-1.599647014570184,0.6577433659367206,-1.4927330336371867,4,1.3914711745600725,1,0,-0.6786824217224323,3
4560,11,-1.7838318216197984,-1.4067833778824486,0.6210293435704619,-0.12541854887055803,0,-0.6682574493739278,0,1,-0.3763884203507494,2
4561,1,-0.24814679434461676,0.6210857315226723,0.7352507464877113,-1.4927330336371867,3,1.7083525013191496,1,0,1.135081586507665,3
4562,8,0.6510132038105156,-0.21519020349247783,-1.1371643941914835,1.5267531202224516,2,-0.6682574493739278,0,0,1.2106550868505859,1
4563,11,-1.7838318216197984,-1.4067833778824486,-0.9454356107232436,1.2988673727613467,0,-0.6682574493739278,0,0,-0.3763884203507494,1
4564,12,-2.008165857670674,1.9735319804944969,-1.6430020356821593,1.982524615144661,1,-0.6682574493739278,0,0,1.6640960889081102,1
4565,4,0.30995251485512954,0.3914099484132469,0.13150904535367894,0.3303529460516515,0,-0.6682574493739278,0,0,-1.0943366736084963,2
4566,4,0.30995251485512954,0.3914099484132469,1.7020533354658576,-1.4927330336371867,3,1.2330305111805342,0,0,-0.7920426722368133,3
4567,5,-0.47612853829875046,-1.599647014570184,0.6373466868443547,-0.9799901018497009,0,-0.6682574493739278,1,0,1.2862285871935066,3
4568,3,-1.4828959196003133,-1.3459633098813757,0.9514555448667904,-1.321818723041358,0,-0.6682574493739278,1,0,-0.11188116915052682,3
4569,1,-0.24814679434461676,0.6210857315226723,-1.700112737140784,2.0394960520099374,1,-0.6682574493739278,0,0,-0.754255922065353,1
4570,14,0.9264151505071309,0.868367323790327,-0.16628246939486402,0.6152101303780324,2,-0.6682574493739278,0,0,0.5682803339357597,1
4571,9,1.3623162449474802,-0.524092127813878,1.7387673578321163,-1.4927330336371867,1,-0.6682574493739278,1,0,0.34155983290699754,3
4572,1,-0.24814679434461676,0.6210857315226723,-0.7455481556180572,1.1279530621655183,2,-0.6682574493739278,0,0,-0.8676161725797341,1
4573,4,0.30995251485512954,0.3914099484132469,-0.933197603267824,0.6152101303780324,3,0.12394586752376466,0,1,0.908361085478903,1
4574,10,-0.17336878232770134,-0.10715455638531189,1.5103245519976176,-1.4927330336371867,1,-0.6682574493739278,1,1,1.3995888377078878,3
4575,1,-0.24814679434461676,0.6210857315226723,0.9677728881406832,-0.4672471700622152,0,-0.6682574493739278,0,0,0.22819958239261645,3
4576,0,0.6473654959072578,0.16733601367230244,0.037684321528795535,-0.2963328594663866,4,1.3914711745600725,0,0,-1.585564425837481,2
4577,12,-2.008165857670674,1.9735319804944969,-0.6190887452453883,1.0140101884349657,1,-0.6682574493739278,0,0,-0.2252414196649079,1
4578,8,0.6510132038105156,-0.21519020349247783,1.4532138505389929,-1.4927330336371867,2,-0.6682574493739278,1,0,-1.3210571746372586,3
4579,11,-1.7838318216197984,-1.4067833778824486,-1.169799080739269,1.5267531202224516,1,-0.6682574493739278,0,0,0.3037730827355372,1
4580,11,-1.7838318216197984,-1.4067833778824486,-0.9862289689079755,-0.18238998573583423,3,1.866793164698688,1,0,-1.6611379261804018,2
4581,14,0.9264151505071309,0.868367323790327,-0.43959796923256783,0.8430958778391372,2,-0.6682574493739278,0,1,-1.0187631732655755,1
4582,4,0.30995251485512954,0.3914099484132469,1.049359604510147,-0.5242186069274913,0,-0.6682574493739278,0,0,-1.2454836742943378,3
4583,10,-0.17336878232770134,-0.10715455638531189,-0.2601071932197474,0.6721815672433087,0,-0.6682574493739278,0,0,0.9839345858218238,1
4584,5,-0.47612853829875046,-1.599647014570184,-0.5823747228791295,1.0140101884349657,2,-0.6682574493739278,0,0,1.62630933873665,1
4585,13,-0.12047701773033298,0.5410593262580249,-0.786341513802789,1.1849244990307943,0,-0.6682574493739278,0,1,1.62630933873665,1
4586,2,0.9902500388142728,-0.3176240022311628,-1.0882123643698052,-0.06844711200528185,3,1.549911837939611,1,1,0.45492008342137863,2
4587,11,-1.7838318216197984,-1.4067833778824486,-1.4961459462171245,1.8116103045488325,2,-0.6682574493739278,0,0,0.7572140847930615,1
4588,7,-0.383111986765481,-1.2515321516691895,1.306357761073958,-1.4927330336371867,3,2.0252338280782265,1,0,1.0595080861647446,3
4589,1,-0.24814679434461676,0.6210857315226723,-1.5287806327649098,1.1849244990307943,4,-0.19293545923531236,0,0,1.2862285871935066,1
4590,4,0.30995251485512954,0.3914099484132469,-1.6552400431375789,1.982524615144661,2,-0.6682574493739278,0,0,-1.6233511760089414,1
4591,8,0.6510132038105156,-0.21519020349247783,-1.3248138418412503,0.8430958778391372,0,-0.6682574493739278,1,0,0.6438538342786805,1
4592,1,-0.24814679434461676,0.6210857315226723,-0.5946127303345491,0.3303529460516515,4,2.0252338280782265,0,0,-0.41417517052220976,2
4593,4,0.30995251485512954,0.3914099484132469,-0.721072140707218,0.4442958197822039,4,1.549911837939611,0,1,1.0595080861647446,2
4594,9,1.3623162449474802,-0.524092127813878,0.13150904535367894,0.3303529460516515,1,-0.6682574493739278,0,1,-0.1496679193219872,2
4595,4,0.30995251485512954,0.3914099484132469,0.31507915718497254,-0.5242186069274913,4,0.12394586752376466,0,1,-0.5275354210365908,0
4596,9,1.3623162449474802,-0.524092127813878,-1.251385797108733,0.7291530041085849,0,-0.6682574493739278,1,0,-0.3763884203507494,1
4597,5,-0.47612853829875046,-1.599647014570184,-0.6313267527008078,0.1594386354558229,1,-0.6682574493739278,1,0,0.7194273346216012,2
4598,14,0.9264151505071309,0.868367323790327,-1.512463289491017,0.3303529460516515,4,0.5992678576623801,1,0,-0.7164691718938927,2
4599,13,-0.12047701773033298,0.5410593262580249,-0.1785204768502836,0.6152101303780324,0,-0.6682574493739278,0,0,1.2484418370220463,1
4600,9,1.3623162449474802,-0.524092127813878,-1.2921791552934647,0.786124440973861,2,-0.6682574493739278,1,0,0.9839345858218238,1
4601,4,0.30995251485512954,0.3914099484132469,-0.12956844702860532,0.5582386935127562,2,-0.6682574493739278,0,0,-0.6031089213795116,1
4602,4,0.30995251485512954,0.3914099484132469,-1.573653326768115,1.9255531782793849,0,-0.6682574493739278,0,0,0.6060670841072201,1
4603,0,0.6473654959072578,0.16733601367230244,-0.9617529539971363,1.355838809626623,1,-0.6682574493739278,0,1,0.7950008349645219,1
4604,3,-1.4828959196003133,-1.3459633098813757,-0.4722326557803534,0.2164100723210991,3,1.0745898478009956,0,0,-0.07409441897906646,2
4605,10,-0.17336878232770134,-0.10715455638531189,1.3349131118032704,-1.4927330336371867,4,2.500555818216842,0,1,-0.8298294224082737,3
4606,5,-0.47612853829875046,-1.599647014570184,1.6775773205550184,-1.0939329755802534,1,-0.6682574493739278,0,0,1.5507358383937293,3
4607,0,0.6473654959072578,0.16733601367230244,-0.8393728794429406,1.2418959358960706,1,-0.6682574493739278,0,1,0.22819958239261645,1
4608,6,0.23335064888652038,1.3893392220629235,-0.8760869018091993,0.5582386935127562,3,0.4408271942828417,0,0,1.324015337364967,1
4609,13,-0.12047701773033298,0.5410593262580249,-1.1534817374653763,1.5267531202224516,2,-0.6682574493739278,0,1,0.7950008349645219,1
4610,3,-1.4828959196003133,-1.3459633098813757,1.1717396790643426,-0.6381614806580438,0,-0.6682574493739278,0,0,-1.4722041753230999,3
4611,9,1.3623162449474802,-0.524092127813878,0.18046107517535723,0.27338150918637527,2,-0.6682574493739278,0,0,0.0014790813638542722,2
4612,10,-0.17336878232770134,-0.10715455638531189,0.6291880152074083,-0.12541854887055803,2,-0.6682574493739278,0,0,-0.7920426722368133,2
4613,0,0.6473654959072578,0.16733601367230244,-1.3941625507552946,1.7546388676835563,2,-0.6682574493739278,0,1,-0.6786824217224323,1
4614,0,0.6473654959072578,0.16733601367230244,1.5511179101823496,-0.9799901018497009,0,-0.6682574493739278,0,0,0.5304935837642993,3
4615,4,0.30995251485512954,0.3914099484132469,0.5557599704748908,-0.06844711200528185,0,-0.6682574493739278,0,0,-1.056549923437036,2
4616,0,0.6473654959072578,0.16733601367230244,0.0009702991625368165,0.4442958197822039,2,-0.6682574493739278,0,0,1.3618020875364274,2
4617,15,1.2547088618011146,0.6610989341549391,0.4823319257423734,-0.8660472281191486,0,-0.6682574493739278,1,1,1.2106550868505859,0
4618,15,1.2547088618011146,0.6610989341549391,0.049922328984215114,0.38732438291692767,2,-0.6682574493739278,0,0,-0.41417517052220976,2
4619,9,1.3623162449474802,-0.524092127813878,0.16414373190146447,-1.2648472861760818,4,2.0252338280782265,1,0,1.135081586507665,3
4620,1,-0.24814679434461676,0.6210857315226723,0.5476012988379444,-0.06844711200528185,0,-0.6682574493739278,0,1,-1.6233511760089414,2
4621,6,0.23335064888652038,1.3893392220629235,1.7265293503766967,-1.1509044124455294,0,-0.6682574493739278,0,1,1.4373755878793482,3
4622,8,0.6510132038105156,-0.21519020349247783,0.1029536946243666,0.3303529460516515,0,-0.6682574493739278,0,0,-0.036307668807606094,2
4623,13,-0.12047701773033298,0.5410593262580249,0.7760441046724431,-0.2963328594663866,1,-0.6682574493739278,0,0,1.6640960889081102,2
4624,14,0.9264151505071309,0.868367323790327,0.04176365734726873,-0.2963328594663866,4,2.500555818216842,0,0,-1.2454836742943378,2
4625,11,-1.7838318216197984,-1.4067833778824486,0.8413134777680142,-0.3533042963316628,0,-0.6682574493739278,0,0,0.3793465830784579,2
4626,11,-1.7838318216197984,-1.4067833778824486,-0.9209595958124044,0.6152101303780324,4,0.2823865309033032,0,0,-0.3763884203507494,1
4627,14,0.9264151505071309,0.868367323790327,-0.721072140707218,0.4442958197822039,4,2.0252338280782265,0,0,1.2484418370220463,2
4628,5,-0.47612853829875046,-1.599647014570184,-0.5171053497835585,0.04549576172527053,2,-0.6682574493739278,1,0,-1.6611379261804018,2
4629,15,1.2547088618011146,0.6610989341549391,-0.464073984143407,0.9000673147044134,2,-0.6682574493739278,0,1,0.5304935837642993,1
4630,8,0.6510132038105156,-0.21519020349247783,-0.8964835809015652,1.2988673727613467,2,-0.6682574493739278,0,0,-1.169910173951417,1
4631,6,0.23335064888652038,1.3893392220629235,-0.36209058868157723,0.10246719859054672,3,0.9161491844214572,0,0,1.3618020875364274,2
4632,10,-0.17336878232770134,-0.10715455638531189,0.9269795299559512,-1.4927330336371867,3,2.3421151548373036,1,1,-0.6408956715509719,3
4633,0,0.6473654959072578,0.16733601367230244,0.062160336439634686,-0.2963328594663866,4,0.5992678576623801,0,0,0.22819958239261645,2
4634,6,0.23335064888652038,1.3893392220629235,1.5429592385454032,-0.9799901018497009,2,-0.6682574493739278,0,1,0.6438538342786805,3
4635,10,-0.17336878232770134,-0.10715455638531189,-0.9903083047264487,1.355838809626623,1,-0.6682574493739278,0,0,-1.169910173951417,1
4636,9,1.3623162449474802,-0.524092127813878,0.16822306771993767,0.27338150918637527,2,-0.6682574493739278,0,0,-1.6989246763518622,2
4637,2,0.9902500388142728,-0.3176240022311628,-1.190195759831635,0.8430958778391372,3,2.3421151548373036,0,0,-1.056549923437036,1
4638,6,0.23335064888652038,1.3893392220629235,-0.37432859613699676,-0.06844711200528185,2,-0.6682574493739278,1,0,1.4751623380508085,2
4639,9,1.3623162449474802,-0.524092127813878,1.5470385743638764,-1.4927330336371867,4,0.7577085210419187,1,0,-0.1496679193219872,3
4640,1,-0.24814679434461676,0.6210857315226723,-1.124926386736064,1.4697816833571753,1,-0.6682574493739278,0,0,-0.7920426722368133,1
4641,5,-0.47612853829875046,-1.599647014570184,-0.9943876405449219,1.355838809626623,2,-0.6682574493739278,0,0,-0.41417517052220976,1
4642,7,-0.383111986765481,-1.2515321516691895,1.4858485370867784,-0.9230186649844248,2,-0.6682574493739278,0,1,-0.5275354210365908,3
4643,13,-0.12047701773033298,0.5410593262580249,1.5470385743638764,-1.4927330336371867,2,-0.6682574493739278,1,0,-1.6611379261804018,3
4644,7,-0.383111986765481,-1.2515321516691895,1.2900404178000653,-0.7521043543885961,2,-0.6682574493739278,0,0,0.6060670841072201,3
4645,10,-0.17336878232770134,-0.10715455638531189,1.6571806414626524,-1.0939329755802534,1,-0.6682574493739278,0,1,1.097294836336205,3
4646,9,1.3623162449474802,-0.524092127813878,0.0540016648026883,0.38732438291692767,2,-0.6682574493739278,0,0,1.4373755878793482,2
4647,0,0.6473654959072578,0.16733601367230244,0.6903780524845061,-0.18238998573583423,0,-0.6682574493739278,0,0,1.0217213359932842,2
4648,4,0.30995251485512954,0.3914099484132469,1.669418648918072,-1.4927330336371867,4,0.9161491844214572,0,1,-1.169910173951417,3
4649,10,-0.17336878232770134,-0.10715455638531189,-1.3533691925705627,1.6976674308182802,1,-0.6682574493739278,0,1,-1.5477776756660206,1
4650,8,0.6510132038105156,-0.21519020349247783,1.608228611640974,-1.4927330336371867,4,1.3914711745600725,1,0,-1.169910173951417,3
4651,8,0.6510132038105156,-0.21519020349247783,0.6985367241214525,-0.8660472281191486,3,2.3421151548373036,0,0,-0.036307668807606094,0
4652,11,-1.7838318216197984,-1.4067833778824486,-1.638922699863686,1.982524615144661,1,-0.6682574493739278,0,1,-1.6233511760089414,1
4653,1,-0.24814679434461676,0.6210857315226723,0.9147415225005316,-0.410275733196939,1,-0.6682574493739278,0,1,-0.7920426722368133,0
4654,3,-1.4828959196003133,-1.3459633098813757,0.665902037573667,-1.036961538714977,1,-0.6682574493739278,1,0,1.0217213359932842,3
4655,15,1.2547088618011146,0.6610989341549391,0.7923614479463359,-0.9799901018497009,3,2.183674491457765,0,0,0.908361085478903,3
4656,4,0.30995251485512954,0.3914099484132469,0.26204779154482105,0.2164100723210991,2,-0.6682574493739278,0,0,-0.7164691718938927,2
4657,5,-0.47612853829875046,-1.599647014570184,0.09479502298742022,-0.3533042963316628,4,1.3914711745600725,0,0,1.1728683366791255,2
4658,8,0.6510132038105156,-0.21519020349247783,0.19677841844925,0.27338150918637527,1,-0.6682574493739278,0,0,1.6640960889081102,2
4659,10,-0.17336878232770134,-0.10715455638531189,1.4858485370867784,-0.9230186649844248,2,-0.6682574493739278,0,0,-1.169910173951417,3
4660,12,-2.008165857670674,1.9735319804944969,0.4170625526468023,0.04549576172527053,1,-0.6682574493739278,0,0,0.8705743353074427,2
4661,3,-1.4828959196003133,-1.3459633098813757,-0.8026588570766818,0.5012672566474801,4,2.0252338280782265,0,0,0.26598633256407683,1
4662,6,0.23335064888652038,1.3893392220629235,-1.443114580576973,0.9570387515696896,1,-0.6682574493739278,1,1,1.1728683366791255,1
4663,0,0.6473654959072578,0.16733601367230244,1.4001824848988413,-1.4927330336371867,4,2.3421151548373036,0,1,1.512949088222269,3
4664,12,-2.008165857670674,1.9735319804944969,-0.9576736181786631,0.5012672566474801,2,-0.6682574493739278,1,1,0.3037730827355372,1
4665,12,-2.008165857670674,1.9735319804944969,1.6531013056441792,-1.4927330336371867,2,-0.6682574493739278,1,0,0.7950008349645219,3
4666,7,-0.383111986765481,-1.2515321516691895,-1.0759743569143856,1.4697816833571753,0,-0.6682574493739278,0,0,0.6816405844501409,1
4667,13,-0.12047701773033298,0.5410593262580249,0.9025035150451121,-0.410275733196939,2,-0.6682574493739278,0,1,-1.2454836742943378,0
4668,15,1.2547088618011146,0.6610989341549391,-1.4104798940291874,0.2164100723210991,3,2.3421151548373036,1,0,0.039265831535314634,2
4669,13,-0.12047701773033298,0.5410593262580249,-0.21115516339806914,-0.23936142260111043,1,-0.6682574493739278,1,1,-1.056549923437036,2
4670,2,0.9902500388142728,-0.3176240022311628,-0.09285442466234659,-0.2963328594663866,1,-0.6682574493739278,1,0,0.5682803339357597,2
4671,5,-0.47612853829875046,-1.599647014570184,-0.4681533199618802,0.9000673147044134,1,-0.6682574493739278,0,0,0.6060670841072201,1
4672,1,-0.24814679434461676,0.6210857315226723,-1.6756367222299449,1.2988673727613467,3,0.4408271942828417,0,0,-1.2832704244657982,1
4673,8,0.6510132038105156,-0.21519020349247783,1.649021969825706,-1.0939329755802534,0,-0.6682574493739278,0,0,0.8327875851359823,3
4674,0,0.6473654959072578,0.16733601367230244,-0.29682121558600616,0.04549576172527053,3,1.7083525013191496,0,0,-0.4519619206936701,2
4675,2,0.9902500388142728,-0.3176240022311628,-0.8597695585353066,0.5582386935127562,4,0.2823865309033032,0,0,0.039265831535314634,1
4676,13,-0.12047701773033298,0.5410593262580249,0.7760441046724431,-0.2963328594663866,2,-0.6682574493739278,0,0,1.512949088222269,2
4677,2,0.9902500388142728,-0.3176240022311628,-0.2805038723121134,0.04549576172527053,3,1.7083525013191496,0,0,0.7194273346216012,2
4678,11,-1.7838318216197984,-1.4067833778824486,-0.7822621779843159,1.1849244990307943,2,-0.6682574493739278,0,0,1.2106550868505859,1
4679,10,-0.17336878232770134,-0.10715455638531189,1.6612599772811256,-1.0939329755802534,0,-0.6682574493739278,0,0,-1.6611379261804018,3
4680,15,1.2547088618011146,0.6610989341549391,-0.0071883724744095665,0.4442958197822039,1,-0.6682574493739278,0,0,1.135081586507665,2
4681,4,0.30995251485512954,0.3914099484132469,-0.5415813646943977,-0.5811900437927676,4,0.12394586752376466,1,0,0.07705258170677501,0
4682,3,-1.4828959196003133,-1.3459633098813757,1.0779149552394593,-1.4357615967719104,1,-0.6682574493739278,1,1,1.0595080861647446,3
4683,4,0.30995251485512954,0.3914099484132469,0.5312839555640517,-0.7521043543885961,4,0.2823865309033032,0,0,-1.358843924808719,0
4684,15,1.2547088618011146,0.6610989341549391,-0.6517234317931738,0.2164100723210991,1,-0.6682574493739278,1,0,0.6438538342786805,2
4685,5,-0.47612853829875046,-1.599647014570184,0.19677841844925,-0.410275733196939,3,2.183674491457765,0,1,-0.30081492000782867,0
4686,0,0.6473654959072578,0.16733601367230244,1.5429592385454032,-0.9799901018497009,0,-0.6682574493739278,0,1,-0.9809764230941153,3
4687,12,-2.008165857670674,1.9735319804944969,-0.9454356107232436,0.6152101303780324,4,1.3914711745600725,0,0,-1.6611379261804018,1
4688,4,0.30995251485512954,0.3914099484132469,-1.1983544314685814,1.5837245570877276,1,-0.6682574493739278,0,0,0.7194273346216012,1
4689,11,-1.7838318216197984,-1.4067833778824486,-1.5614153193126954,1.2418959358960706,4,2.0252338280782265,0,0,0.22819958239261645,1
4690,13,-0.12047701773033298,0.5410593262580249,-0.43959796923256783,-0.011475675140005663,0,-0.6682574493739278,1,0,0.8327875851359823,2
4691,11,-1.7838318216197984,-1.4067833778824486,0.20085775426772318,-0.410275733196939,3,0.7577085210419187,0,0,-0.2630281698363683,0
4692,3,-1.4828959196003133,-1.3459633098813757,-0.5986920661530223,-0.5242186069274913,3,0.9161491844214572,1,0,0.5682803339357597,0
4693,0,0.6473654959072578,0.16733601367230244,-0.6639614392485934,0.38732438291692767,4,1.549911837939611,0,1,0.4171333332499183,2
4694,6,0.23335064888652038,1.3893392220629235,1.028962925417781,-1.3787901599066343,1,-0.6682574493739278,1,0,-0.4519619206936701,3
4695,6,0.23335064888652038,1.3893392220629235,-1.553256647675749,1.1849244990307943,3,2.500555818216842,0,0,1.2106550868505859,1
4696,8,0.6510132038105156,-0.21519020349247783,-1.2228304463794206,0.9000673147044134,4,0.12394586752376466,0,0,-1.3210571746372586,1
4697,5,-0.47612853829875046,-1.599647014570184,-1.6919540655038376,0.5012672566474801,4,0.4408271942828417,1,0,-0.5275354210365908,1
4698,6,0.23335064888652038,1.3893392220629235,-1.3125758343858307,1.640695993953004,1,-0.6682574493739278,0,0,-0.18745466949344755,1
4699,4,0.30995251485512954,0.3914099484132469,-1.341131185115143,1.0140101884349657,4,1.3914711745600725,0,0,-0.5653221712080512,1
4700,14,0.9264151505071309,0.868367323790327,-1.483907938761705,1.8116103045488325,1,-0.6682574493739278,0,0,0.45492008342137863,1
4701,0,0.6473654959072578,0.16733601367230244,-1.3696865358444554,1.0140101884349657,4,2.0252338280782265,0,0,1.0595080861647446,1
4702,11,-1.7838318216197984,-1.4067833778824486,-1.124926386736064,1.4697816833571753,0,-0.6682574493739278,0,0,-1.358843924808719,1
4703,13,-0.12047701773033298,0.5410593262580249,0.3232378288219189,-0.5242186069274913,4,1.2330305111805342,0,0,1.512949088222269,0
4704,2,0.9902500388142728,-0.3176240022311628,0.3762691944620704,-0.5811900437927676,4,2.3421151548373036,0,0,1.0595080861647446,0
4705,8,0.6510132038105156,-0.21519020349247783,0.01320830661795639,0.4442958197822039,1,-0.6682574493739278,0,1,-0.5653221712080512,2
4706,6,0.23335064888652038,1.3893392220629235,-1.2799411478380451,0.9570387515696896,3,1.3914711745600725,0,0,-1.0187631732655755,1
4707,9,1.3623162449474802,-0.524092127813878,-1.3737658716629286,1.0140101884349657,3,0.12394586752376466,0,1,1.4373755878793482,1
4708,5,-0.47612853829875046,-1.599647014570184,0.988169567233049,-1.1509044124455294,4,1.866793164698688,0,1,0.5682803339357597,3
4709,0,0.6473654959072578,0.16733601367230244,0.033604985710322346,0.38732438291692767,2,-0.6682574493739278,0,0,-1.3966306749801791,2
4710,1,-0.24814679434461676,0.6210857315226723,1.5307212310899836,-0.9799901018497009,1,-0.6682574493739278,0,0,-0.5653221712080512,3
4711,0,0.6473654959072578,0.16733601367230244,0.3640311870066508,0.10246719859054672,2,-0.6682574493739278,0,0,1.5507358383937293,2
4712,15,1.2547088618011146,0.6610989341549391,0.0009702991625368165,-0.410275733196939,2,-0.6682574493739278,1,0,0.492706833592839,0
4713,14,0.9264151505071309,0.868367323790327,0.6006326644780959,-0.12541854887055803,0,-0.6682574493739278,0,0,-1.2832704244657982,2
4714,4,0.30995251485512954,0.3914099484132469,1.5511179101823496,-1.4927330336371867,1,-0.6682574493739278,1,1,0.039265831535314634,3
4715,11,-1.7838318216197984,-1.4067833778824486,1.62862529073334,-1.4927330336371867,3,2.3421151548373036,0,1,-0.2252414196649079,3
4716,6,0.23335064888652038,1.3893392220629235,-0.23971051412738148,0.6721815672433087,2,-0.6682574493739278,0,1,-0.3763884203507494,1
4717,13,-0.12047701773033298,0.5410593262580249,1.1921363581567086,-1.4927330336371867,4,1.866793164698688,1,1,-0.4519619206936701,3
4718,4,0.30995251485512954,0.3914099484132469,0.4660145824684806,-0.69513291752332,3,1.3914711745600725,0,0,-1.0943366736084963,0
4719,12,-2.008165857670674,1.9735319804944969,-0.30090055140447935,0.04549576172527053,4,1.3914711745600725,0,0,0.3793465830784579,2
4720,5,-0.47612853829875046,-1.599647014570184,0.8290754703125947,-0.3533042963316628,0,-0.6682574493739278,0,0,1.4751623380508085,2
4721,13,-0.12047701773033298,0.5410593262580249,-0.464073984143407,0.9000673147044134,2,-0.6682574493739278,0,1,-0.48974867086513046,1
4722,0,0.6473654959072578,0.16733601367230244,0.6128706719335155,-0.8090757912538723,3,2.0252338280782265,0,0,-0.8676161725797341,0
4723,4,0.30995251485512954,0.3914099484132469,-1.0351809987296539,1.4128102464918992,2,-0.6682574493739278,0,0,1.4751623380508085,1
4724,12,-2.008165857670674,1.9735319804944969,-0.6435647601562274,1.070981625300242,0,-0.6682574493739278,0,0,1.6640960889081102,1
4725,11,-1.7838318216197984,-1.4067833778824486,-1.3982418865737678,0.9000673147044134,1,-0.6682574493739278,1,0,0.039265831535314634,1
4726,12,-2.008165857670674,1.9735319804944969,0.4823319257423734,-0.011475675140005663,2,-0.6682574493739278,0,0,0.34155983290699754,2
4727,1,-0.24814679434461676,0.6210857315226723,-1.4961459462171245,0.9570387515696896,0,-0.6682574493739278,1,1,1.3995888377078878,1
4728,14,0.9264151505071309,0.868367323790327,-1.2595444687456794,0.9570387515696896,3,1.3914711745600725,0,0,-1.6233511760089414,1
4729,13,-0.12047701773033298,0.5410593262580249,0.4170625526468023,0.04549576172527053,0,-0.6682574493739278,0,0,1.7018828390795706,2
4730,4,0.30995251485512954,0.3914099484132469,0.30284114972955295,-0.69513291752332,0,-0.6682574493739278,1,0,-1.5477776756660206,0
4731,7,-0.383111986765481,-1.2515321516691895,-0.827134871987521,1.2418959358960706,1,-0.6682574493739278,0,1,-0.6786824217224323,1
4732,13,-0.12047701773033298,0.5410593262580249,1.1635810074273962,-0.6381614806580438,2,-0.6682574493739278,0,0,-0.5275354210365908,3
4733,9,1.3623162449474802,-0.524092127813878,1.4817692012683052,-1.4927330336371867,4,1.549911837939611,1,0,-1.2076969241228774,3
4734,2,0.9902500388142728,-0.3176240022311628,1.069756283602513,-1.3787901599066343,2,-0.6682574493739278,1,0,0.22819958239261645,3
4735,7,-0.383111986765481,-1.2515321516691895,-1.3492898567520895,1.6976674308182802,1,-0.6682574493739278,0,1,-0.3763884203507494,1
4736,14,0.9264151505071309,0.868367323790327,-0.5619780437867635,0.10246719859054672,0,-0.6682574493739278,1,0,0.6438538342786805,2
4737,0,0.6473654959072578,0.16733601367230244,0.4415385675576415,0.04549576172527053,1,-0.6682574493739278,0,0,-0.1496679193219872,2
4738,14,0.9264151505071309,0.868367323790327,0.8045994554017555,-0.9799901018497009,4,0.4408271942828417,0,0,0.6060670841072201,3
4739,14,0.9264151505071309,0.868367323790327,-1.3982418865737678,0.9000673147044134,0,-0.6682574493739278,1,0,-1.2454836742943378,1
4740,5,-0.47612853829875046,-1.599647014570184,1.1391049925165573,-0.6381614806580438,1,-0.6682574493739278,0,0,0.07705258170677501,3
4741,0,0.6473654959072578,0.16733601367230244,0.08255701553200064,-1.1509044124455294,4,1.3914711745600725,1,0,-1.4722041753230999,3
4742,1,-0.24814679434461676,0.6210857315226723,-0.2641865290382206,-0.011475675140005663,4,0.5992678576623801,0,0,-1.6611379261804018,2
4743,7,-0.383111986765481,-1.2515321516691895,-0.5946127303345491,-0.5242186069274913,3,0.2823865309033032,1,0,-1.0943366736084963,0
4744,1,-0.24814679434461676,0.6210857315226723,1.1676603432458694,-0.6381614806580438,0,-0.6682574493739278,0,0,1.4751623380508085,3
4745,10,-0.17336878232770134,-0.10715455638531189,-0.6965961257963789,1.070981625300242,0,-0.6682574493739278,0,0,0.3793465830784579,1
4746,10,-0.17336878232770134,-0.10715455638531189,0.5516806346564176,-1.4927330336371867,4,1.0745898478009956,1,1,0.6816405844501409,3
4747,5,-0.47612853829875046,-1.599647014570184,-1.3574485283890358,1.0140101884349657,4,-0.03449479585577385,0,0,0.11483933187823536,1
4748,9,1.3623162449474802,-0.524092127813878,0.07847767971352745,-0.2963328594663866,4,2.500555818216842,0,0,0.7194273346216012,2
4749,1,-0.24814679434461676,0.6210857315226723,0.9392175374113708,-1.0939329755802534,3,-0.5098167859943894,0,0,1.7018828390795706,3
4750,0,0.6473654959072578,0.16733601367230244,1.477689865449832,-0.9230186649844248,0,-0.6682574493739278,0,0,-0.07409441897906646,3
4751,1,-0.24814679434461676,0.6210857315226723,-0.09693376048081978,-0.12541854887055803,4,2.500555818216842,0,0,-0.41417517052220976,2
4752,3,-1.4828959196003133,-1.3459633098813757,0.8943448434081657,-1.0939329755802534,4,2.3421151548373036,0,0,0.34155983290699754,3
4753,14,0.9264151505071309,0.868367323790327,-0.4681533199618802,-0.6381614806580438,3,-0.35137612261485085,1,1,0.7950008349645219,0
4754,12,-2.008165857670674,1.9735319804944969,-0.30905922304142575,-0.12541854887055803,0,-0.6682574493739278,1,0,0.4171333332499183,2
4755,5,-0.47612853829875046,-1.599647014570184,0.368110522825124,-0.5811900437927676,3,-0.19293545923531236,0,0,-1.4722041753230999,0
4756,11,-1.7838318216197984,-1.4067833778824486,0.15598506026451808,-0.410275733196939,3,0.4408271942828417,0,1,-1.4344174251516395,0
4757,11,-1.7838318216197984,-1.4067833778824486,-0.33353523795226486,0.7291530041085849,2,-0.6682574493739278,0,1,-1.2454836742943378,1
4758,3,-1.4828959196003133,-1.3459633098813757,-0.867928230172253,0.5582386935127562,4,2.500555818216842,0,1,1.6640960889081102,1
4759,4,0.30995251485512954,0.3914099484132469,-0.4885499990542461,0.2164100723210991,3,0.2823865309033032,0,0,1.324015337364967,2
4760,10,-0.17336878232770134,-0.10715455638531189,0.20493709008619637,0.27338150918637527,2,-0.6682574493739278,0,0,-0.5653221712080512,2
4761,0,0.6473654959072578,0.16733601367230244,-0.9780702972710291,0.5012672566474801,1,-0.6682574493739278,1,0,-0.48974867086513046,1
4762,1,-0.24814679434461676,0.6210857315226723,-0.38248726777394315,0.786124440973861,2,-0.6682574493739278,0,1,1.4373755878793482,1
4763,13,-0.12047701773033298,0.5410593262580249,1.5959906041855545,-1.036961538714977,0,-0.6682574493739278,0,0,-1.0187631732655755,3
4764,13,-0.12047701773033298,0.5410593262580249,-0.06021973811456105,0.5012672566474801,2,-0.6682574493739278,0,0,-0.7920426722368133,1
4765,8,0.6510132038105156,-0.21519020349247783,-1.6919540655038376,1.355838809626623,3,0.5992678576623801,0,1,-0.8298294224082737,1
4766,10,-0.17336878232770134,-0.10715455638531189,1.0983116343318253,-0.5811900437927676,0,-0.6682574493739278,0,0,1.4751623380508085,3
4767,0,0.6473654959072578,0.16733601367230244,-0.8883249092646189,1.2988673727613467,2,-0.6682574493739278,0,0,0.7572140847930615,1
4768,14,0.9264151505071309,0.868367323790327,0.3640311870066508,-1.4357615967719104,4,0.5992678576623801,1,0,1.512949088222269,3
4769,5,-0.47612853829875046,-1.599647014570184,-0.5742160512421831,0.10246719859054672,0,-0.6682574493739278,1,1,0.908361085478903,2
4770,0,0.6473654959072578,0.16733601367230244,0.5761566495672568,-0.06844711200528185,2,-0.6682574493739278,0,1,0.8705743353074427,2
4771,3,-1.4828959196003133,-1.3459633098813757,0.16006439608299128,0.27338150918637527,0,-0.6682574493739278,0,0,-0.6408956715509719,2
4772,9,1.3623162449474802,-0.524092127813878,1.6612599772811256,-1.0939329755802534,2,-0.6682574493739278,0,0,1.2484418370220463,3
4773,15,1.2547088618011146,0.6610989341549391,0.16006439608299128,-1.2648472861760818,4,0.9161491844214572,1,0,-0.754255922065353,3
4774,9,1.3623162449474802,-0.524092127813878,-1.2840204836565183,1.640695993953004,1,-0.6682574493739278,0,0,-0.8676161725797341,1
4775,1,-0.24814679434461676,0.6210857315226723,0.7719647688539699,-0.2963328594663866,1,-0.6682574493739278,0,0,1.3995888377078878,2
4776,14,0.9264151505071309,0.868367323790327,-0.6150094094269151,0.3303529460516515,3,0.2823865309033032,0,0,1.3618020875364274,2
4777,7,-0.383111986765481,-1.2515321516691895,0.8005201195832823,-0.2963328594663866,1,-0.6682574493739278,0,1,1.5507358383937293,2
4778,6,0.23335064888652038,1.3893392220629235,-1.296258491111938,1.640695993953004,1,-0.6682574493739278,0,0,-1.5099909254945603,1
4779,9,1.3623162449474802,-0.524092127813878,-0.5742160512421831,0.9570387515696896,1,-0.6682574493739278,0,0,-0.07409441897906646,1
4780,13,-0.12047701773033298,0.5410593262580249,-0.2764245364936402,0.7291530041085849,2,-0.6682574493739278,0,0,-1.0187631732655755,1
4781,2,0.9902500388142728,-0.3176240022311628,1.4205791639912073,-1.4927330336371867,3,-0.03449479585577385,0,0,0.6438538342786805,3
4782,8,0.6510132038105156,-0.21519020349247783,0.3844278660990168,-0.7521043543885961,0,-0.6682574493739278,1,0,1.4751623380508085,0
4783,14,0.9264151505071309,0.868367323790327,-1.5287806327649098,1.8685817414141086,0,-0.6682574493739278,0,0,-0.41417517052220976,1
4784,0,0.6473654959072578,0.16733601367230244,0.8739481643157998,-1.036961538714977,4,0.7577085210419187,0,0,-0.036307668807606094,3
4785,3,-1.4828959196003133,-1.3459633098813757,0.29876181391107975,0.1594386354558229,2,-0.6682574493739278,0,1,0.5304935837642993,2
4786,9,1.3623162449474802,-0.524092127813878,0.8617101568603802,-0.3533042963316628,1,-0.6682574493739278,0,0,1.5507358383937293,2
4787,13,-0.12047701773033298,0.5410593262580249,-0.02758505156677552,0.4442958197822039,0,-0.6682574493739278,0,1,-0.11188116915052682,2
4788,0,0.6473654959072578,0.16733601367230244,0.5679979779303104,-0.06844711200528185,2,-0.6682574493739278,0,0,0.6816405844501409,2
4789,11,-1.7838318216197984,-1.4067833778824486,-0.847531551079887,1.2418959358960706,0,-0.6682574493739278,0,0,0.7572140847930615,1
4790,14,0.9264151505071309,0.868367323790327,-1.532859968583383,1.8685817414141086,1,-0.6682574493739278,0,0,0.492706833592839,1
4791,5,-0.47612853829875046,-1.599647014570184,-1.679716058048418,0.4442958197822039,3,0.7577085210419187,1,0,1.097294836336205,2
4792,7,-0.383111986765481,-1.2515321516691895,0.7230127390322917,-0.23936142260111043,2,-0.6682574493739278,0,0,1.0595080861647446,2
4793,12,-2.008165857670674,1.9735319804944969,-0.4599946483249338,0.04549576172527053,1,-0.6682574493739278,1,0,0.4171333332499183,2
4794,0,0.6473654959072578,0.16733601367230244,1.0738356194209862,-1.4927330336371867,3,-0.5098167859943894,1,1,0.0014790813638542722,3
4795,8,0.6510132038105156,-0.21519020349247783,0.18454041099383042,-0.5811900437927676,1,-0.6682574493739278,1,0,-1.6611379261804018,0
4796,11,-1.7838318216197984,-1.4067833778824486,-0.6313267527008078,1.0140101884349657,0,-0.6682574493739278,0,0,-0.41417517052220976,1
4797,9,1.3623162449474802,-0.524092127813878,-0.9413562749047704,0.6152101303780324,4,1.549911837939611,0,0,1.097294836336205,1
4798,4,0.30995251485512954,0.3914099484132469,0.19677841844925,-0.5811900437927676,2,-0.6682574493739278,1,0,-0.18745466949344755,0
4799,6,0.23335064888652038,1.3893392220629235,-0.7292308123441644,0.4442958197822039,3,2.3421151548373036,0,0,-1.2454836742943378,2
4800,7,-0.383111986765481,-1.2515321516691895,-0.19483782012417636,0.6152101303780324,0,-0.6682574493739278,0,0,-0.5275354210365908,1
4801,0,0.6473654959072578,0.16733601367230244,-1.1575610732838495,1.5267531202224516,1,-0.6682574493739278,0,0,1.3618020875364274,1
4802,12,-2.008165857670674,1.9735319804944969,-1.0107049838188147,1.4128102464918992,0,-0.6682574493739278,0,0,1.324015337364967,1
4803,8,0.6510132038105156,-0.21519020349247783,0.21717509754161596,0.2164100723210991,0,-0.6682574493739278,0,0,1.4373755878793482,2
4804,1,-0.24814679434461676,0.6210857315226723,1.0330422612362542,-0.5242186069274913,2,-0.6682574493739278,0,0,-1.3210571746372586,3
4805,6,0.23335064888652038,1.3893392220629235,-0.08061641720692701,0.5012672566474801,1,-0.6682574493739278,0,1,-0.9054029227511945,1
4806,5,-0.47612853829875046,-1.599647014570184,0.6944573883029793,-1.036961538714977,0,-0.6682574493739278,1,1,-1.0943366736084963,3
4807,13,-0.12047701773033298,0.5410593262580249,0.4333798959206951,0.04549576172527053,1,-0.6682574493739278,0,1,-1.056549923437036,2
4808,5,-0.47612853829875046,-1.599647014570184,-0.11733043957318573,-0.2963328594663866,2,-0.6682574493739278,1,0,0.0014790813638542722,2
4809,6,0.23335064888652038,1.3893392220629235,1.3349131118032704,-1.4927330336371867,4,1.549911837939611,1,0,-0.6408956715509719,3
4810,15,1.2547088618011146,0.6610989341549391,-0.2233931708534887,0.6721815672433087,1,-0.6682574493739278,0,1,-0.754255922065353,1
4811,1,-0.24814679434461676,0.6210857315226723,1.110549641787245,-0.5811900437927676,2,-0.6682574493739278,0,0,0.11483933187823536,3
4812,2,0.9902500388142728,-0.3176240022311628,0.7311714106692381,-0.23936142260111043,2,-0.6682574493739278,0,1,-1.6233511760089414,2
4813,5,-0.47612853829875046,-1.599647014570184,-0.7088341332517984,-0.410275733196939,3,1.0745898478009956,1,0,-1.4722041753230999,0
4814,12,-2.008165857670674,1.9735319804944969,1.6449426340072328,-1.4927330336371867,4,0.7577085210419187,0,0,1.3618020875364274,3
4815,0,0.6473654959072578,0.16733601367230244,1.4205791639912073,-0.8660472281191486,2,-0.6682574493739278,0,0,-1.2454836742943378,3
4816,1,-0.24814679434461676,0.6210857315226723,-0.2805038723121134,-0.12541854887055803,2,-0.6682574493739278,1,0,-1.0187631732655755,2
4817,6,0.23335064888652038,1.3893392220629235,0.5516806346564176,-0.06844711200528185,2,-0.6682574493739278,0,0,0.6060670841072201,2
4818,2,0.9902500388142728,-0.3176240022311628,-0.5334226930574513,0.9570387515696896,1,-0.6682574493739278,0,0,0.3793465830784579,1
4819,6,0.23335064888652038,1.3893392220629235,1.135025656698084,-0.6381614806580438,0,-0.6682574493739278,0,0,1.7018828390795706,3
4820,13,-0.12047701773033298,0.5410593262580249,-1.634843364045213,1.982524615144661,2,-0.6682574493739278,0,1,0.7950008349645219,1
4821,6,0.23335064888652038,1.3893392220629235,1.1717396790643426,-1.321818723041358,4,0.4408271942828417,0,0,-0.6786824217224323,3
4822,2,0.9902500388142728,-0.3176240022311628,1.457293186357466,-1.4927330336371867,3,0.12394586752376466,1,0,1.135081586507665,3
4823,0,0.6473654959072578,0.16733601367230244,1.6979739996473844,-1.4927330336371867,0,-0.6682574493739278,1,1,0.492706833592839,3
4824,9,1.3623162449474802,-0.524092127813878,0.4048245451913828,0.04549576172527053,1,-0.6682574493739278,0,0,-1.6989246763518622,2
4825,15,1.2547088618011146,0.6610989341549391,0.4129832168283291,-0.6381614806580438,4,1.0745898478009956,0,0,1.7018828390795706,0
4826,4,0.30995251485512954,0.3914099484132469,1.0779149552394593,-1.2648472861760818,3,0.7577085210419187,0,0,1.135081586507665,3
4827,2,0.9902500388142728,-0.3176240022311628,-1.6919540655038376,1.355838809626623,4,0.7577085210419187,0,0,0.5304935837642993,1
4828,1,-0.24814679434461676,0.6210857315226723,1.3512304550771632,-1.4927330336371867,4,0.12394586752376466,0,0,0.7950008349645219,3
4829,10,-0.17336878232770134,-0.10715455638531189,1.1187083134241913,-1.4357615967719104,2,-0.6682574493739278,1,0,-0.754255922065353,3
4830,9,1.3623162449474802,-0.524092127813878,-1.5002252820355975,1.8685817414141086,2,-0.6682574493739278,0,0,0.22819958239261645,1
4831,4,0.30995251485512954,0.3914099484132469,0.3762691944620704,0.10246719859054672,1,-0.6682574493739278,0,0,-1.4722041753230999,2
4832,13,-0.12047701773033298,0.5410593262580249,1.2043743656121282,-1.4927330336371867,0,-0.6682574493739278,1,1,-0.6786824217224323,3
4833,1,-0.24814679434461676,0.6210857315226723,-1.3125758343858307,1.640695993953004,0,-0.6682574493739278,0,0,0.3037730827355372,1
4834,8,0.6510132038105156,-0.21519020349247783,0.3477138437327581,-0.5811900437927676,3,-0.19293545923531236,0,1,-0.6031089213795116,0
4835,2,0.9902500388142728,-0.3176240022311628,-1.1330850583730103,1.5267531202224516,1,-0.6682574493739278,0,1,1.62630933873665,1
4836,8,0.6510132038105156,-0.21519020349247783,1.3838651416249486,-1.4927330336371867,0,-0.6682574493739278,1,0,-0.3763884203507494,3
4837,13,-0.12047701773033298,0.5410593262580249,1.4287378356281537,-0.8660472281191486,2,-0.6682574493739278,0,0,0.1904128322211561,3
4838,2,0.9902500388142728,-0.3176240022311628,0.4660145824684806,-1.4927330336371867,4,0.5992678576623801,1,0,-0.48974867086513046,3
4839,9,1.3623162449474802,-0.524092127813878,-0.933197603267824,0.6152101303780324,3,2.0252338280782265,0,0,-1.0943366736084963,1
4840,5,-0.47612853829875046,-1.599647014570184,1.0942322985133521,-0.5811900437927676,0,-0.6682574493739278,0,0,-0.5275354210365908,3
4841,14,0.9264151505071309,0.868367323790327,-0.7129134690702716,1.1279530621655183,1,-0.6682574493739278,0,0,-0.9809764230941153,1
4842,12,-2.008165857670674,1.9735319804944969,-1.2065131031055278,1.5837245570877276,2,-0.6682574493739278,0,0,-0.7920426722368133,1
4843,3,-1.4828959196003133,-1.3459633098813757,-0.20299649176112275,0.6152101303780324,2,-0.6682574493739278,0,0,-0.2252414196649079,1
4844,12,-2.008165857670674,1.9735319804944969,-0.5089466781466121,0.9000673147044134,1,-0.6682574493739278,0,0,0.7572140847930615,1
4845,3,-1.4828959196003133,-1.3459633098813757,0.9147415225005316,-0.410275733196939,1,-0.6682574493739278,0,0,-1.358843924808719,0
4846,13,-0.12047701773033298,0.5410593262580249,1.498086544542198,-1.4927330336371867,3,1.3914711745600725,0,0,0.3793465830784579,3
4847,3,-1.4828959196003133,-1.3459633098813757,-1.3248138418412503,1.6976674308182802,0,-0.6682574493739278,0,0,1.62630933873665,1
4848,0,0.6473654959072578,0.16733601367230244,-0.892404245083092,0.6152101303780324,4,1.549911837939611,0,1,0.6438538342786805,1
4849,9,1.3623162449474802,-0.524092127813878,-0.7455481556180572,1.1279530621655183,0,-0.6682574493739278,0,1,-0.7920426722368133,1
4850,8,0.6510132038105156,-0.21519020349247783,-0.9576736181786631,0.6721815672433087,3,2.0252338280782265,0,1,-1.358843924808719,1
4851,9,1.3623162449474802,-0.524092127813878,-0.5375020288759245,-0.5811900437927676,4,2.0252338280782265,1,0,-1.585564425837481,0
4852,1,-0.24814679434461676,0.6210857315226723,-1.0066256480003415,0.6721815672433087,4,2.183674491457765,0,1,1.4751623380508085,1
4853,5,-0.47612853829875046,-1.599647014570184,0.6699813733921401,-0.8660472281191486,4,2.0252338280782265,0,0,0.3793465830784579,0
4854,5,-0.47612853829875046,-1.599647014570184,-0.9168802599939312,1.2988673727613467,1,-0.6682574493739278,0,0,-0.18745466949344755,1
4855,9,1.3623162449474802,-0.524092127813878,-0.6517234317931738,1.070981625300242,0,-0.6682574493739278,0,0,1.3995888377078878,1
4856,8,0.6510132038105156,-0.21519020349247783,1.34715111925869,-1.4927330336371867,3,1.7083525013191496,0,0,-0.7920426722368133,3
4857,4,0.30995251485512954,0.3914099484132469,-0.36209058868157723,0.786124440973861,2,-0.6682574493739278,0,0,-0.41417517052220976,1
4858,4,0.30995251485512954,0.3914099484132469,-0.10917176793623935,0.5582386935127562,2,-0.6682574493739278,0,0,0.11483933187823536,1
4859,3,-1.4828959196003133,-1.3459633098813757,0.8657894926788534,-0.3533042963316628,2,-0.6682574493739278,0,0,1.2862285871935066,2
4860,9,1.3623162449474802,-0.524092127813878,-1.3125758343858307,0.786124440973861,2,-0.6682574493739278,1,0,-0.11188116915052682,1
4861,3,-1.4828959196003133,-1.3459633098813757,-0.7169928048887448,1.1279530621655183,1,-0.6682574493739278,0,0,0.9839345858218238,1
4862,12,-2.008165857670674,1.9735319804944969,0.8617101568603802,-1.036961538714977,4,0.12394586752376466,0,1,1.6640960889081102,3
4863,9,1.3623162449474802,-0.524092127813878,1.1880570223382354,-0.6381614806580438,2,-0.6682574493739278,0,0,0.8327875851359823,3
4864,6,0.23335064888652038,1.3893392220629235,0.6087913361150423,-0.8090757912538723,4,1.866793164698688,0,0,0.0014790813638542722,0
4865,12,-2.008165857670674,1.9735319804944969,0.4252212242837487,0.04549576172527053,0,-0.6682574493739278,0,1,0.9839345858218238,2
4866,0,0.6473654959072578,0.16733601367230244,-1.2432271254717866,1.5837245570877276,0,-0.6682574493739278,0,0,-1.3966306749801791,1
4867,0,0.6473654959072578,0.16733601367230244,1.0860736268764057,-1.2648472861760818,4,-0.03449479585577385,0,0,-1.6233511760089414,3
4868,1,-0.24814679434461676,0.6210857315226723,-1.2880998194749915,1.640695993953004,2,-0.6682574493739278,0,0,0.908361085478903,1
4869,13,-0.12047701773033298,0.5410593262580249,0.5353632913825249,-1.4927330336371867,4,2.3421151548373036,1,0,1.4751623380508085,3
4870,5,-0.47612853829875046,-1.599647014570184,1.477689865449832,-1.4927330336371867,0,-0.6682574493739278,1,0,-0.9809764230941153,3
4871,2,0.9902500388142728,-0.3176240022311628,-1.5369393044018562,1.8685817414141086,2,-0.6682574493739278,0,1,-1.2076969241228774,1
4872,8,0.6510132038105156,-0.21519020349247783,0.8739481643157998,-0.3533042963316628,1,-0.6682574493739278,0,0,-0.9809764230941153,2
4873,0,0.6473654959072578,0.16733601367230244,-0.867928230172253,1.2418959358960706,1,-0.6682574493739278,0,1,-0.9809764230941153,1
4874,8,0.6510132038105156,-0.21519020349247783,-1.0882123643698052,0.6152101303780324,0,-0.6682574493739278,1,0,0.1904128322211561,1
4875,3,-1.4828959196003133,-1.3459633098813757,1.2247710447044942,-0.69513291752332,1,-0.6682574493739278,0,0,0.7950008349645219,3
4876,4,0.30995251485512954,0.3914099484132469,-1.2758618120195722,1.640695993953004,1,-0.6682574493739278,0,0,0.6438538342786805,1
4877,2,0.9902500388142728,-0.3176240022311628,-1.2636238045641526,0.9570387515696896,3,-0.35137612261485085,0,0,1.1728683366791255,1
4878,0,0.6473654959072578,0.16733601367230244,0.20493709008619637,-0.410275733196939,4,0.4408271942828417,0,0,-0.754255922065353,0
4879,11,-1.7838318216197984,-1.4067833778824486,-0.5946127303345491,1.0140101884349657,0,-0.6682574493739278,0,0,1.135081586507665,1
4880,7,-0.383111986765481,-1.2515321516691895,-1.1208470509175907,0.786124440973861,4,0.7577085210419187,0,0,0.492706833592839,1
4881,6,0.23335064888652038,1.3893392220629235,0.21309576172314276,-0.410275733196939,4,-0.19293545923531236,0,1,1.324015337364967,0
4882,0,0.6473654959072578,0.16733601367230244,0.9351382015928976,-1.0939329755802534,4,2.500555818216842,0,0,1.6640960889081102,3
4883,12,-2.008165857670674,1.9735319804944969,-0.06837840975150744,-1.036961538714977,3,2.3421151548373036,1,1,-0.9054029227511945,3
4884,4,0.30995251485512954,0.3914099484132469,1.241088387978387,-1.4927330336371867,2,-0.6682574493739278,1,1,0.6816405844501409,3
4885,4,0.30995251485512954,0.3914099484132469,0.665902037573667,-1.036961538714977,1,-0.6682574493739278,1,1,1.62630933873665,3
4886,3,-1.4828959196003133,-1.3459633098813757,0.4700939182869538,-0.011475675140005663,0,-0.6682574493739278,0,1,-1.585564425837481,2
4887,11,-1.7838318216197984,-1.4067833778824486,1.6163872832779205,-1.036961538714977,2,-0.6682574493739278,0,0,0.34155983290699754,3
4888,11,-1.7838318216197984,-1.4067833778824486,0.9106621866820584,-1.0939329755802534,4,1.866793164698688,0,0,-1.5099909254945603,3
4889,14,0.9264151505071309,0.868367323790327,0.11111236626131298,-1.2078758493108057,4,0.2823865309033032,1,0,1.324015337364967,3
4890,8,0.6510132038105156,-0.21519020349247783,-1.1779577523762155,0.8430958778391372,3,1.2330305111805342,0,0,1.1728683366791255,1
4891,14,0.9264151505071309,0.868367323790327,-0.01534704411135595,0.4442958197822039,2,-0.6682574493739278,0,0,-0.48974867086513046,2
4892,1,-0.24814679434461676,0.6210857315226723,1.2043743656121282,-1.4927330336371867,3,1.0745898478009956,1,0,0.039265831535314634,3
4893,2,0.9902500388142728,-0.3176240022311628,0.8290754703125947,-1.036961538714977,3,-0.19293545923531236,0,1,1.4751623380508085,3
4894,8,0.6510132038105156,-0.21519020349247783,0.6536640301182475,-0.8660472281191486,3,0.4408271942828417,0,0,-1.6989246763518622,0
4895,11,-1.7838318216197984,-1.4067833778824486,-0.3212972304968453,0.7291530041085849,0,-0.6682574493739278,0,1,-1.4344174251516395,1
4896,5,-0.47612853829875046,-1.599647014570184,1.5551972460008228,-0.9799901018497009,2,-0.6682574493739278,0,0,-0.9431896729226549,3
4897,13,-0.12047701773033298,0.5410593262580249,-1.4594319238508657,1.8116103045488325,0,-0.6682574493739278,0,0,-0.6031089213795116,1
4898,8,0.6510132038105156,-0.21519020349247783,-0.5701367154237099,-0.5811900437927676,3,0.9161491844214572,1,0,0.45492008342137863,0
4899,9,1.3623162449474802,-0.524092127813878,-0.8312142078059942,1.2418959358960706,0,-0.6682574493739278,0,1,0.4171333332499183,1
4900,6,0.23335064888652038,1.3893392220629235,-0.7741035063473696,-0.3533042963316628,3,0.2823865309033032,1,0,0.7194273346216012,2
4901,2,0.9902500388142728,-0.3176240022311628,1.5511179101823496,-0.9799901018497009,0,-0.6682574493739278,0,1,-1.5477776756660206,3
4902,11,-1.7838318216197984,-1.4067833778824486,0.6495846942997743,-0.18238998573583423,1,-0.6682574493739278,0,0,0.1904128322211561,2
4903,10,-0.17336878232770134,-0.10715455638531189,1.689815328010438,-1.1509044124455294,0,-0.6682574493739278,0,1,-0.036307668807606094,3
4904,5,-0.47612853829875046,-1.599647014570184,0.58023598538573,-0.7521043543885961,4,1.549911837939611,0,1,0.3037730827355372,0
4905,5,-0.47612853829875046,-1.599647014570184,-0.6190887452453883,1.0140101884349657,1,-0.6682574493739278,0,0,-1.0943366736084963,1
4906,9,1.3623162449474802,-0.524092127813878,-0.933197603267824,1.2988673727613467,0,-0.6682574493739278,0,0,-1.4344174251516395,1
4907,11,-1.7838318216197984,-1.4067833778824486,1.2370090521599137,-1.4927330336371867,0,-0.6682574493739278,1,0,0.26598633256407683,3
4908,2,0.9902500388142728,-0.3176240022311628,0.6944573883029793,-0.18238998573583423,2,-0.6682574493739278,0,1,0.22819958239261645,2
4909,3,-1.4828959196003133,-1.3459633098813757,-0.8312142078059942,1.2418959358960706,2,-0.6682574493739278,0,0,0.1904128322211561,1
4910,0,0.6473654959072578,0.16733601367230244,-0.33761457377073806,0.10246719859054672,4,1.549911837939611,0,0,0.1904128322211561,2
4911,7,-0.383111986765481,-1.2515321516691895,1.2737230745261725,-1.4927330336371867,1,-0.6682574493739278,1,0,-0.7164691718938927,3
4912,2,0.9902500388142728,-0.3176240022311628,-1.5858913342235346,1.9255531782793849,1,-0.6682574493739278,0,0,0.15262608204969574,1
4913,7,-0.383111986765481,-1.2515321516691895,-1.6266846924082665,1.2988673727613467,3,-0.03449479585577385,0,1,-1.3210571746372586,1
4914,14,0.9264151505071309,0.868367323790327,-0.10917176793623935,-0.2963328594663866,0,-0.6682574493739278,1,0,-0.6031089213795116,2
4915,9,1.3623162449474802,-0.524092127813878,1.7387673578321163,-1.1509044124455294,0,-0.6682574493739278,0,1,-1.6233511760089414,3
4916,1,-0.24814679434461676,0.6210857315226723,-0.4477566408695142,0.1594386354558229,4,2.500555818216842,0,0,-0.41417517052220976,2
4917,4,0.30995251485512954,0.3914099484132469,-0.32537656631531847,0.7291530041085849,2,-0.6682574493739278,0,0,1.512949088222269,1
4918,12,-2.008165857670674,1.9735319804944969,-0.2805038723121134,0.7291530041085849,1,-0.6682574493739278,0,1,-0.5653221712080512,1
4919,6,0.23335064888652038,1.3893392220629235,-0.34985258122615764,0.10246719859054672,4,0.2823865309033032,0,0,0.7194273346216012,2
4920,11,-1.7838318216197984,-1.4067833778824486,-1.3492898567520895,1.6976674308182802,0,-0.6682574493739278,0,0,-0.41417517052220976,1
4921,3,-1.4828959196003133,-1.3459633098813757,1.2288503805229674,-1.3787901599066343,4,2.183674491457765,0,0,0.7572140847930615,3
4922,2,0.9902500388142728,-0.3176240022311628,0.4293005601022219,-0.8090757912538723,1,-0.6682574493739278,1,0,1.5507358383937293,0
4923,6,0.23335064888652038,1.3893392220629235,0.8209167986756483,-1.4927330336371867,4,1.3914711745600725,1,0,0.6438538342786805,3
4924,2,0.9902500388142728,-0.3176240022311628,1.6816566563734916,-1.4927330336371867,0,-0.6682574493739278,1,0,-0.7920426722368133,3
4925,12,-2.008165857670674,1.9735319804944969,0.4700939182869538,-0.69513291752332,4,-0.19293545923531236,0,1,0.8705743353074427,0
4926,5,-0.47612853829875046,-1.599647014570184,0.7393300823061845,-1.0939329755802534,0,-0.6682574493739278,1,0,1.5885225885651897,3
4927,7,-0.383111986765481,-1.2515321516691895,-0.9413562749047704,1.2988673727613467,2,-0.6682574493739278,0,1,1.62630933873665,1
4928,0,0.6473654959072578,0.16733601367230244,0.9392175374113708,-0.410275733196939,2,-0.6682574493739278,0,0,1.512949088222269,3
4929,15,1.2547088618011146,0.6610989341549391,-1.3288931776597235,0.1594386354558229,4,-0.5098167859943894,1,0,0.7950008349645219,2
4930,0,0.6473654959072578,0.16733601367230244,0.58023598538573,-0.06844711200528185,2,-0.6682574493739278,0,0,1.4751623380508085,2
4931,12,-2.008165857670674,1.9735319804944969,-1.6430020356821593,1.982524615144661,0,-0.6682574493739278,0,1,-0.9431896729226549,1
4932,6,0.23335064888652038,1.3893392220629235,-0.6150094094269151,0.3303529460516515,3,-0.5098167859943894,0,0,-0.3763884203507494,2
4933,14,0.9264151505071309,0.868367323790327,1.1227876492426645,-0.5811900437927676,1,-0.6682574493739278,0,0,0.7194273346216012,3
4934,6,0.23335064888652038,1.3893392220629235,1.3512304550771632,-1.4927330336371867,4,2.183674491457765,0,0,-1.1321234237799567,3
4935,10,-0.17336878232770134,-0.10715455638531189,1.049359604510147,-0.5242186069274913,2,-0.6682574493739278,0,0,1.4373755878793482,3
4936,8,0.6510132038105156,-0.21519020349247783,0.8045994554017555,-0.9799901018497009,3,1.7083525013191496,0,1,-1.1321234237799567,3
4937,12,-2.008165857670674,1.9735319804944969,-0.06837840975150744,0.5012672566474801,2,-0.6682574493739278,0,0,-1.169910173951417,1
4938,14,0.9264151505071309,0.868367323790327,0.6455053584813011,-0.18238998573583423,1,-0.6682574493739278,0,0,-1.169910173951417,2
4939,1,-0.24814679434461676,0.6210857315226723,0.3803485302805436,0.10246719859054672,0,-0.6682574493739278,0,0,1.3618020875364274,2
4940,0,0.6473654959072578,0.16733601367230244,-0.847531551079887,0.38732438291692767,2,-0.6682574493739278,1,0,1.3995888377078878,2
4941,3,-1.4828959196003133,-1.3459633098813757,1.0167249179623614,-0.5242186069274913,2,-0.6682574493739278,0,0,-1.585564425837481,3
4942,0,0.6473654959072578,0.16733601367230244,0.04584299316574192,-0.4672471700622152,2,-0.6682574493739278,1,1,-1.4722041753230999,0
4943,5,-0.47612853829875046,-1.599647014570184,1.0615976119655666,-1.2078758493108057,4,-0.5098167859943894,0,0,-0.2630281698363683,3
4944,3,-1.4828959196003133,-1.3459633098813757,-0.5823747228791295,-0.5242186069274913,4,0.5992678576623801,1,0,0.15262608204969574,0
4945,7,-0.383111986765481,-1.2515321516691895,0.7189334032138185,-0.23936142260111043,1,-0.6682574493739278,0,0,-0.7164691718938927,2
4946,2,0.9902500388142728,-0.3176240022311628,1.069756283602513,-0.5242186069274913,2,-0.6682574493739278,0,1,-0.48974867086513046,3
4947,6,0.23335064888652038,1.3893392220629235,0.4782525899239002,-0.69513291752332,4,2.0252338280782265,0,0,-0.036307668807606094,0
4948,12,-2.008165857670674,1.9735319804944969,-0.13364778284707848,0.5582386935127562,0,-0.6682574493739278,0,0,0.8705743353074427,1
4949,5,-0.47612853829875046,-1.599647014570184,-0.6313267527008078,0.1594386354558229,0,-0.6682574493739278,1,0,0.0014790813638542722,2
4950,10,-0.17336878232770134,-0.10715455638531189,-1.0066256480003415,1.355838809626623,0,-0.6682574493739278,0,0,-1.2832704244657982,1
4951,10,-0.17336878232770134,-0.10715455638531189,-0.08061641720692701,0.5012672566474801,1,-0.6682574493739278,0,0,0.908361085478903,1
4952,8,0.6510132038105156,-0.21519020349247783,0.4823319257423734,-0.011475675140005663,2,-0.6682574493739278,0,0,-1.6233511760089414,2
4953,9,1.3623162449474802,-0.524092127813878,1.4164998281727341,-1.4927330336371867,4,0.5992678576623801,0,1,-0.5275354210365908,3
4954,3,-1.4828959196003133,-1.3459633098813757,1.2125330372490746,-1.3787901599066343,4,1.2330305111805342,0,0,-0.6031089213795116,3
4955,2,0.9902500388142728,-0.3176240022311628,-0.9617529539971363,0.5012672566474801,2,-0.6682574493739278,1,1,-1.6989246763518622,1
4956,12,-2.008165857670674,1.9735319804944969,1.6163872832779205,-1.4927330336371867,4,2.3421151548373036,1,0,-0.5275354210365908,3
4957,13,-0.12047701773033298,0.5410593262580249,-0.7455481556180572,1.1279530621655183,0,-0.6682574493739278,0,0,-0.1496679193219872,1
4958,11,-1.7838318216197984,-1.4067833778824486,1.2247710447044942,-1.4927330336371867,1,-0.6682574493739278,1,0,-0.7164691718938927,3
4959,6,0.23335064888652038,1.3893392220629235,-0.7945001854397354,0.5012672566474801,3,2.183674491457765,0,0,-1.6233511760089414,1
4960,12,-2.008165857670674,1.9735319804944969,1.6163872832779205,-1.036961538714977,2,-0.6682574493739278,0,0,1.1728683366791255,3
4961,12,-2.008165857670674,1.9735319804944969,-1.5654946551311686,1.2418959358960706,3,1.0745898478009956,0,0,-0.1496679193219872,1
4962,0,0.6473654959072578,0.16733601367230244,1.7346880220136431,-1.1509044124455294,0,-0.6682574493739278,0,1,1.5885225885651897,3
4963,7,-0.383111986765481,-1.2515321516691895,1.028962925417781,-1.4927330336371867,4,0.2823865309033032,1,0,0.9839345858218238,3
4964,13,-0.12047701773033298,0.5410593262580249,-0.04390239484066829,-0.3533042963316628,0,-0.6682574493739278,1,0,0.7194273346216012,2
4965,14,0.9264151505071309,0.868367323790327,-0.4559153125064606,0.1594386354558229,4,0.5992678576623801,0,0,-0.754255922065353,2
4966,3,-1.4828959196003133,-1.3459633098813757,-1.5369393044018562,1.8685817414141086,1,-0.6682574493739278,0,0,-1.3210571746372586,1
4967,4,0.30995251485512954,0.3914099484132469,-0.8556902227168334,1.2418959358960706,2,-0.6682574493739278,0,0,-0.8676161725797341,1
4968,0,0.6473654959072578,0.16733601367230244,-0.09285442466234659,-0.2963328594663866,0,-0.6682574493739278,1,0,-0.754255922065353,2
4969,15,1.2547088618011146,0.6610989341549391,0.6332673510258815,-0.8090757912538723,4,1.7083525013191496,0,0,-1.6989246763518622,0
4970,6,0.23335064888652038,1.3893392220629235,-0.34577324540768445,0.10246719859054672,3,0.9161491844214572,0,0,0.0014790813638542722,2
4971,0,0.6473654959072578,0.16733601367230244,1.0452802686916738,-1.4927330336371867,3,1.549911837939611,1,0,-0.036307668807606094,3
4972,13,-0.12047701773033298,0.5410593262580249,0.6169500077519887,-0.12541854887055803,0,-0.6682574493739278,0,0,-1.5099909254945603,2
4973,4,0.30995251485512954,0.3914099484132469,0.1926990826307768,-0.410275733196939,3,-0.03449479585577385,0,0,-0.18745466949344755,0
4974,14,0.9264151505071309,0.868367323790327,1.159501671608923,-1.321818723041358,4,-0.35137612261485085,0,1,-0.754255922065353,3
4975,6,0.23335064888652038,1.3893392220629235,0.7760441046724431,-1.1509044124455294,2,-0.6682574493739278,1,0,1.3618020875364274,3
4976,9,1.3623162449474802,-0.524092127813878,0.25388911990787466,-0.4672471700622152,3,1.3914711745600725,0,0,-1.2076969241228774,0
4977,2,0.9902500388142728,-0.3176240022311628,-0.5048673423281389,0.04549576172527053,0,-0.6682574493739278,1,0,-1.3966306749801791,2
4978,0,0.6473654959072578,0.16733601367230244,-1.6185260207713201,1.9255531782793849,1,-0.6682574493739278,0,0,1.4751623380508085,1
4979,0,0.6473654959072578,0.16733601367230244,-1.5491773118572758,1.0140101884349657,2,-0.6682574493739278,1,0,-1.0187631732655755,1
4980,5,-0.47612853829875046,-1.599647014570184,-1.0433396703666002,0.5582386935127562,0,-0.6682574493739278,1,1,-0.07409441897906646,1
4981,15,1.2547088618011146,0.6610989341549391,-0.03166438738524872,0.5012672566474801,0,-0.6682574493739278,0,0,-1.2454836742943378,1
4982,0,0.6473654959072578,0.16733601367230244,1.4532138505389929,-0.9230186649844248,2,-0.6682574493739278,0,0,-0.30081492000782867,3
4983,8,0.6510132038105156,-0.21519020349247783,-0.4681533199618802,0.9000673147044134,2,-0.6682574493739278,0,0,-0.30081492000782867,1
4984,6,0.23335064888652038,1.3893392220629235,0.837234141949541,-1.036961538714977,4,2.3421151548373036,0,0,1.7018828390795706,3
4985,6,0.23335064888652038,1.3893392220629235,1.2737230745261725,-1.4357615967719104,3,0.2823865309033032,0,0,0.5682803339357597,3
4986,11,-1.7838318216197984,-1.4067833778824486,-1.0678156852774392,0.7291530041085849,3,0.7577085210419187,0,0,-0.41417517052220976,1
4987,15,1.2547088618011146,0.6610989341549391,1.6571806414626524,-1.0939329755802534,1,-0.6682574493739278,0,0,1.5885225885651897,3
4988,3,-1.4828959196003133,-1.3459633098813757,1.3797858058064754,-1.4927330336371867,3,1.3914711745600725,0,0,-0.18745466949344755,3
4989,14,0.9264151505071309,0.868367323790327,-0.5782953870606563,0.9570387515696896,1,-0.6682574493739278,0,0,-0.48974867086513046,1
4990,9,1.3623162449474802,-0.524092127813878,-1.320734506022777,1.0140101884349657,3,2.3421151548373036,0,1,1.6640960889081102,1
4991,4,0.30995251485512954,0.3914099484132469,0.2865238064556602,-1.3787901599066343,4,2.3421151548373036,1,0,1.2484418370220463,3
4992,14,0.9264151505071309,0.868367323790327,-1.6552400431375789,1.1279530621655183,0,-0.6682574493739278,1,0,0.908361085478903,1
4993,9,1.3623162449474802,-0.524092127813878,-0.464073984143407,0.9000673147044134,2,-0.6682574493739278,0,1,1.2862285871935066,1
4994,9,1.3623162449474802,-0.524092127813878,0.7842027763093895,-0.2963328594663866,1,-0.6682574493739278,0,0,-0.18745466949344755,2
4995,10,-0.17336878232770134,-0.10715455638531189,1.0248835895993078,-1.2078758493108057,4,-0.5098167859943894,0,0,1.0217213359932842,3
4996,1,-0.24814679434461676,0.6210857315226723,-1.5165426253094902,1.1849244990307943,3,1.7083525013191496,0,0,-0.7920426722368133,1
4997,7,-0.383111986765481,-1.2515321516691895,1.689815328010438,-1.1509044124455294,0,-0.6682574493739278,0,0,0.4171333332499183,3
4998,13,-0.12047701773033298,0.5410593262580249,0.27428579900024064,-0.4672471700622152,4,1.549911837939611,0,0,0.15262608204969574,0
4999,4,0.30995251485512954,0.3914099484132469,0.4333798959206951,0.04549576172527053,2,-0.6682574493739278,0,0,-0.41417517052220976,2
5000,0,0.6473654959072578,0.16733601367230244,-0.7373894839811108,1.1279530621655183,2,-0.6682574493739278,0,0,0.9461478356503634,1
5001,8,0.6510132038105156,-0.21519020349247783,0.0988743588058934,-1.2078758493108057,4,0.7577085210419187,1,1,-1.3210571746372586,3
5002,5,-0.47612853829875046,-1.599647014570184,-0.19483782012417636,-0.23936142260111043,1,-0.6682574493739278,1,1,-1.2454836742943378,2
5003,3,-1.4828959196003133,-1.3459633098813757,1.028962925417781,-0.5242186069274913,1,-0.6682574493739278,0,0,0.5682803339357597,3
5004,6,0.23335064888652038,1.3893392220629235,0.22941310499703552,-0.4672471700622152,4,0.5992678576623801,0,0,1.097294836336205,0
5005,6,0.23335064888652038,1.3893392220629235,-1.7164300804146768,2.0394960520099374,2,-0.6682574493739278,0,0,-0.11188116915052682,1
5006,6,0.23335064888652038,1.3893392220629235,-0.11325110375471253,0.5582386935127562,2,-0.6682574493739278,0,1,0.8327875851359823,1
5007,5,-0.47612853829875046,-1.599647014570184,-0.20707582757959594,0.6152101303780324,1,-0.6682574493739278,0,1,0.8327875851359823,1
5008,8,0.6510132038105156,-0.21519020349247783,0.4823319257423734,-0.69513291752332,4,1.3914711745600725,0,1,-1.169910173951417,0
5009,12,-2.008165857670674,1.9735319804944969,1.6163872832779205,-1.4927330336371867,3,0.9161491844214572,0,0,-0.18745466949344755,3
5010,12,-2.008165857670674,1.9735319804944969,1.4450551789020465,-1.4927330336371867,2,-0.6682574493739278,1,0,0.45492008342137863,3
5011,6,0.23335064888652038,1.3893392220629235,0.5027286048347394,-0.011475675140005663,1,-0.6682574493739278,0,0,0.4171333332499183,2
5012,1,-0.24814679434461676,0.6210857315226723,0.3966658735544364,-0.5811900437927676,3,2.3421151548373036,0,0,0.5304935837642993,0
5013,4,0.30995251485512954,0.3914099484132469,-0.6761994467040129,-0.4672471700622152,4,1.549911837939611,1,0,-1.0943366736084963,0
5014,15,1.2547088618011146,0.6610989341549391,-1.7205094162331498,0.5012672566474801,4,1.7083525013191496,1,0,-0.6786824217224323,1
5015,4,0.30995251485512954,0.3914099484132469,-1.4716699313062853,0.27338150918637527,4,-0.5098167859943894,1,0,-0.6031089213795116,2
5016,8,0.6510132038105156,-0.21519020349247783,0.9392175374113708,-0.410275733196939,2,-0.6682574493739278,0,0,0.07705258170677501,3
5017,2,0.9902500388142728,-0.3176240022311628,0.22533376917856235,0.2164100723210991,2,-0.6682574493739278,0,1,-1.4722041753230999,2
5018,6,0.23335064888652038,1.3893392220629235,1.2043743656121282,-0.69513291752332,0,-0.6682574493739278,0,0,0.7950008349645219,3
5019,3,-1.4828959196003133,-1.3459633098813757,0.9759315597776296,-0.4672471700622152,2,-0.6682574493739278,0,0,0.7194273346216012,3
5020,9,1.3623162449474802,-0.524092127813878,-1.5695739909496418,1.2418959358960706,3,1.0745898478009956,0,0,-1.2076969241228774,1
5021,2,0.9902500388142728,-0.3176240022311628,0.8535514852234338,-1.2078758493108057,0,-0.6682574493739278,1,1,0.26598633256407683,3
5022,12,-2.008165857670674,1.9735319804944969,0.7556474255800772,-1.4927330336371867,3,0.2823865309033032,1,0,-1.1321234237799567,3
5023,2,0.9902500388142728,-0.3176240022311628,-0.09693376048081978,0.5582386935127562,0,-0.6682574493739278,0,0,1.2484418370220463,1
5024,10,-0.17336878232770134,-0.10715455638531189,0.1478263886275717,-0.3533042963316628,3,2.0252338280782265,0,0,-1.4722041753230999,2
5025,15,1.2547088618011146,0.6610989341549391,-0.06021973811456105,-1.036961538714977,3,1.549911837939611,1,0,-0.6786824217224323,3
5026,3,-1.4828959196003133,-1.3459633098813757,1.6123079474594473,-1.4927330336371867,1,-0.6682574493739278,1,0,0.3037730827355372,3
5027,3,-1.4828959196003133,-1.3459633098813757,1.3022784252554849,-1.4927330336371867,0,-0.6682574493739278,1,1,1.7018828390795706,3
5028,14,0.9264151505071309,0.868367323790327,0.5516806346564176,-0.06844711200528185,2,-0.6682574493739278,0,0,-1.4344174251516395,2
5029,14,0.9264151505071309,0.868367323790327,-1.3288931776597235,1.6976674308182802,2,-0.6682574493739278,0,0,1.5885225885651897,1
5030,1,-0.24814679434461676,0.6210857315226723,-0.5742160512421831,0.9570387515696896,2,-0.6682574493739278,0,0,0.6438538342786805,1
5031,12,-2.008165857670674,1.9735319804944969,-1.3248138418412503,1.6976674308182802,1,-0.6682574493739278,0,1,0.8705743353074427,1
5032,5,-0.47612853829875046,-1.599647014570184,-1.381924543299875,1.7546388676835563,0,-0.6682574493739278,0,0,-1.5477776756660206,1
5033,5,-0.47612853829875046,-1.599647014570184,-0.21115516339806914,-0.06844711200528185,3,0.2823865309033032,0,0,1.4373755878793482,2
5034,5,-0.47612853829875046,-1.599647014570184,-0.6598821034301202,-0.4672471700622152,3,0.4408271942828417,1,0,-0.338601670179289,0
5035,1,-0.24814679434461676,0.6210857315226723,-0.2641865290382206,0.6721815672433087,1,-0.6682574493739278,0,0,-0.8676161725797341,1
5036,0,0.6473654959072578,0.16733601367230244,-0.07653708138845382,0.5012672566474801,1,-0.6682574493739278,0,0,-1.3210571746372586,1
5037,4,0.30995251485512954,0.3914099484132469,-0.4844706632357729,0.9000673147044134,0,-0.6682574493739278,0,0,0.7572140847930615,1
5038,1,-0.24814679434461676,0.6210857315226723,0.7882821121278627,-0.2963328594663866,1,-0.6682574493739278,0,0,-0.5653221712080512,2
5039,13,-0.12047701773033298,0.5410593262580249,-0.7292308123441644,1.1279530621655183,0,-0.6682574493739278,0,1,-1.6989246763518622,1
5040,11,-1.7838318216197984,-1.4067833778824486,-1.638922699863686,1.982524615144661,2,-0.6682574493739278,0,0,-1.3966306749801791,1
5041,6,0.23335064888652038,1.3893392220629235,-0.02758505156677552,-0.23936142260111043,3,1.549911837939611,0,1,0.34155983290699754,2
5042,6,0.23335064888652038,1.3893392220629235,1.0983116343318253,-1.4927330336371867,4,1.3914711745600725,1,0,-1.2076969241228774,3
5043,14,0.9264151505071309,0.868367323790327,-0.13364778284707848,0.5582386935127562,1,-0.6682574493739278,0,0,-1.6233511760089414,1
5044,5,-0.47612853829875046,-1.599647014570184,-0.9046422525385116,1.2988673727613467,0,-0.6682574493739278,0,0,-1.056549923437036,1
5045,2,0.9902500388142728,-0.3176240022311628,-0.3172178946783721,0.04549576172527053,3,0.7577085210419187,0,0,-1.2832704244657982,2
5046,13,-0.12047701773033298,0.5410593262580249,1.4817692012683052,-1.4927330336371867,4,0.2823865309033032,0,0,-0.754255922065353,3
5047,2,0.9902500388142728,-0.3176240022311628,-0.5701367154237099,0.9570387515696896,0,-0.6682574493739278,0,0,0.6438538342786805,1
5048,15,1.2547088618011146,0.6610989341549391,0.837234141949541,-0.3533042963316628,1,-0.6682574493739278,0,1,0.3037730827355372,2
5049,11,-1.7838318216197984,-1.4067833778824486,0.4089038810098559,-0.6381614806580438,4,-0.03449479585577385,0,0,-1.358843924808719,0
5050,4,0.30995251485512954,0.3914099484132469,-0.6190887452453883,0.3303529460516515,4,2.3421151548373036,0,0,0.6438538342786805,2
5051,1,-0.24814679434461676,0.6210857315226723,1.3961031490803681,-0.8660472281191486,0,-0.6682574493739278,0,0,0.492706833592839,3
5052,9,1.3623162449474802,-0.524092127813878,0.943296873229844,-0.410275733196939,1,-0.6682574493739278,0,0,-1.3966306749801791,3
5053,1,-0.24814679434461676,0.6210857315226723,-0.9821496330895023,1.355838809626623,1,-0.6682574493739278,0,0,-0.5653221712080512,1
5054,3,-1.4828959196003133,-1.3459633098813757,0.09479502298742022,-0.5242186069274913,0,-0.6682574493739278,1,0,0.3793465830784579,0
5055,0,0.6473654959072578,0.16733601367230244,-0.7169928048887448,0.27338150918637527,2,-0.6682574493739278,1,0,-0.754255922065353,2
5056,12,-2.008165857670674,1.9735319804944969,-0.6517234317931738,0.38732438291692767,4,0.9161491844214572,0,0,0.22819958239261645,2
5057,12,-2.008165857670674,1.9735319804944969,-1.6062880133159005,1.070981625300242,1,-0.6682574493739278,1,1,0.1904128322211561,1
5058,12,-2.008165857670674,1.9735319804944969,-1.512463289491017,1.1849244990307943,4,1.7083525013191496,0,1,1.62630933873665,1
5059,0,0.6473654959072578,0.16733601367230244,0.6169500077519887,-0.8090757912538723,4,-0.35137612261485085,0,0,0.4171333332499183,0
5060,0,0.6473654959072578,0.16733601367230244,0.1519057244460449,-0.3533042963316628,3,1.866793164698688,0,0,-0.7164691718938927,2
5061,1,-0.24814679434461676,0.6210857315226723,-0.4885499990542461,0.9000673147044134,2,-0.6682574493739278,0,1,-0.48974867086513046,1
5062,2,0.9902500388142728,-0.3176240022311628,0.5679979779303104,-0.06844711200528185,0,-0.6682574493739278,0,0,-0.6408956715509719,2
5063,11,-1.7838318216197984,-1.4067833778824486,0.7189334032138185,-0.9230186649844248,4,2.0252338280782265,0,0,0.11483933187823536,0
5064,11,-1.7838318216197984,-1.4067833778824486,-1.5491773118572758,0.3303529460516515,4,-0.19293545923531236,1,0,0.039265831535314634,2
5065,7,-0.383111986765481,-1.2515321516691895,-1.0025463121818683,0.6721815672433087,3,0.9161491844214572,0,1,0.15262608204969574,1
5066,9,1.3623162449474802,-0.524092127813878,0.6373466868443547,-0.8090757912538723,3,1.866793164698688,0,0,1.62630933873665,0
5067,13,-0.12047701773033298,0.5410593262580249,-0.6231680810638615,1.0140101884349657,1,-0.6682574493739278,0,0,1.2484418370220463,1
5068,11,-1.7838318216197984,-1.4067833778824486,-0.6272474168823347,1.0140101884349657,0,-0.6682574493739278,0,1,0.492706833592839,1
5069,14,0.9264151505071309,0.868367323790327,-0.10101309629929296,0.5582386935127562,2,-0.6682574493739278,0,1,0.0014790813638542722,1
5070,0,0.6473654959072578,0.16733601367230244,1.5225625594530372,-0.9799901018497009,0,-0.6682574493739278,0,0,-0.48974867086513046,3
5071,14,0.9264151505071309,0.868367323790327,-0.8189762003505746,0.5012672566474801,3,2.183674491457765,0,0,1.3995888377078878,1
5072,12,-2.008165857670674,1.9735319804944969,0.6822193808475597,-0.8660472281191486,4,1.866793164698688,0,0,-1.6611379261804018,0
5073,0,0.6473654959072578,0.16733601367230244,-0.25194852158280107,-0.011475675140005663,3,1.866793164698688,0,0,1.097294836336205,2
5074,11,-1.7838318216197984,-1.4067833778824486,-0.8638488943537798,1.2418959358960706,0,-0.6682574493739278,0,1,-1.3966306749801791,1
5075,14,0.9264151505071309,0.868367323790327,-0.6721201108855397,0.38732438291692767,3,1.866793164698688,0,0,-0.30081492000782867,2
5076,13,-0.12047701773033298,0.5410593262580249,0.8657894926788534,-0.3533042963316628,0,-0.6682574493739278,0,0,0.8327875851359823,2
5077,6,0.23335064888652038,1.3893392220629235,0.20901642590466957,0.27338150918637527,2,-0.6682574493739278,0,1,-0.754255922065353,2
5078,14,0.9264151505071309,0.868367323790327,0.8494721494049606,-1.4927330336371867,3,1.7083525013191496,1,1,0.7950008349645219,3
5079,15,1.2547088618011146,0.6610989341549391,1.6979739996473844,-1.4927330336371867,2,-0.6682574493739278,1,1,1.1728683366791255,3
5080,7,-0.383111986765481,-1.2515321516691895,1.4695311938128857,-0.9230186649844248,1,-0.6682574493739278,0,0,-0.6786824217224323,3
5081,3,-1.4828959196003133,-1.3459633098813757,-0.01534704411135595,-0.410275733196939,2,-0.6682574493739278,1,0,-0.30081492000782867,0
5082,11,-1.7838318216197984,-1.4067833778824486,0.4782525899239002,-0.011475675140005663,0,-0.6682574493739278,0,0,-1.585564425837481,2
5083,10,-0.17336878232770134,-0.10715455638531189,-1.3288931776597235,1.6976674308182802,2,-0.6682574493739278,0,0,1.1728683366791255,1
5084,11,-1.7838318216197984,-1.4067833778824486,-1.6837953938668913,2.0394960520099374,2,-0.6682574493739278,0,1,-1.2076969241228774,1
5085,4,0.30995251485512954,0.3914099484132469,0.11927103789825937,0.3303529460516515,1,-0.6682574493739278,0,0,-1.6611379261804018,2
5086,7,-0.383111986765481,-1.2515321516691895,-1.5369393044018562,1.8685817414141086,0,-0.6682574493739278,0,0,-0.7920426722368133,1
5087,12,-2.008165857670674,1.9735319804944969,-0.39472527522936274,0.786124440973861,2,-0.6682574493739278,0,1,-0.9431896729226549,1
5088,11,-1.7838318216197984,-1.4067833778824486,0.9025035150451121,-0.410275733196939,0,-0.6682574493739278,0,0,-0.036307668807606094,0
5089,3,-1.4828959196003133,-1.3459633098813757,0.751568089761604,-0.23936142260111043,0,-0.6682574493739278,0,0,0.5304935837642993,2
5090,14,0.9264151505071309,0.868367323790327,-0.892404245083092,-0.23936142260111043,3,0.12394586752376466,1,0,-1.169910173951417,2
5091,0,0.6473654959072578,0.16733601367230244,0.19677841844925,0.27338150918637527,2,-0.6682574493739278,0,0,1.62630933873665,2
5092,8,0.6510132038105156,-0.21519020349247783,-0.8556902227168334,0.5582386935127562,4,-0.35137612261485085,0,0,0.45492008342137863,1
5093,5,-0.47612853829875046,-1.599647014570184,-0.14588579030249807,0.5582386935127562,1,-0.6682574493739278,0,0,0.3037730827355372,1
5094,13,-0.12047701773033298,0.5410593262580249,0.7597267613985504,-1.4927330336371867,3,2.500555818216842,1,0,-0.6408956715509719,3
5095,9,1.3623162449474802,-0.524092127813878,-1.4390352447584998,1.1279530621655183,3,0.12394586752376466,0,0,1.097294836336205,1
5096,0,0.6473654959072578,0.16733601367230244,0.5843153212042032,-0.8090757912538723,3,0.12394586752376466,0,1,0.34155983290699754,0
5097,2,0.9902500388142728,-0.3176240022311628,0.96369355232221,-0.4672471700622152,2,-0.6682574493739278,0,1,-0.5653221712080512,3
5098,1,-0.24814679434461676,0.6210857315226723,1.7265293503766967,-1.4927330336371867,4,-0.5098167859943894,0,0,0.8705743353074427,3
5099,14,0.9264151505071309,0.868367323790327,1.579673260911662,-1.4927330336371867,4,0.4408271942828417,0,0,-0.6408956715509719,3
5100,14,0.9264151505071309,0.868367323790327,-0.5538193721498172,-0.5811900437927676,4,2.183674491457765,1,0,0.9839345858218238,0
5101,11,-1.7838318216197984,-1.4067833778824486,-0.43143929759562144,0.8430958778391372,1,-0.6682574493739278,0,0,-0.036307668807606094,1
5102,15,1.2547088618011146,0.6610989341549391,-1.0759743569143856,0.786124440973861,3,0.2823865309033032,0,0,0.9461478356503634,1
5103,2,0.9902500388142728,-0.3176240022311628,1.135025656698084,-1.321818723041358,4,1.549911837939611,0,0,1.324015337364967,3
5104,10,-0.17336878232770134,-0.10715455638531189,-0.2315518424904351,-0.011475675140005663,3,0.12394586752376466,0,1,0.15262608204969574,2
5105,14,0.9264151505071309,0.868367323790327,-1.1942750956501083,0.7291530041085849,0,-0.6682574493739278,1,0,-1.1321234237799567,1
5106,9,1.3623162449474802,-0.524092127813878,1.6612599772811256,-1.0939329755802534,0,-0.6682574493739278,0,0,-0.9809764230941153,3
5107,6,0.23335064888652038,1.3893392220629235,-1.2840204836565183,0.9570387515696896,4,2.183674491457765,0,0,-0.4519619206936701,1
5108,13,-0.12047701773033298,0.5410593262580249,1.6000699400040277,-1.4927330336371867,3,1.0745898478009956,0,0,-0.8676161725797341,3
5109,0,0.6473654959072578,0.16733601367230244,0.7801234404909163,-0.9799901018497009,3,0.12394586752376466,0,1,0.6816405844501409,3
5110,9,1.3623162449474802,-0.524092127813878,-0.37432859613699676,0.786124440973861,2,-0.6682574493739278,0,0,1.512949088222269,1
5111,0,0.6473654959072578,0.16733601367230244,0.9963282388699954,-1.1509044124455294,3,2.0252338280782265,0,0,-0.07409441897906646,3
5112,9,1.3623162449474802,-0.524092127813878,-0.43551863341409464,0.1594386354558229,3,1.3914711745600725,0,0,-1.169910173951417,2
5113,7,-0.383111986765481,-1.2515321516691895,-1.6511607073191057,1.2988673727613467,3,0.12394586752376466,0,1,0.9461478356503634,1
5114,6,0.23335064888652038,1.3893392220629235,1.73060868619517,-1.1509044124455294,2,-0.6682574493739278,0,0,-1.4344174251516395,3
5115,15,1.2547088618011146,0.6610989341549391,1.1513429999719769,-1.321818723041358,4,2.3421151548373036,0,1,-0.6031089213795116,3
5116,2,0.9902500388142728,-0.3176240022311628,-0.6394854243377542,0.1594386354558229,0,-0.6682574493739278,1,1,1.512949088222269,2
5117,5,-0.47612853829875046,-1.599647014570184,1.3797858058064754,-0.8660472281191486,2,-0.6682574493739278,0,0,1.0217213359932842,3
5118,9,1.3623162449474802,-0.524092127813878,1.3553097908956364,-0.8090757912538723,1,-0.6682574493739278,0,0,-0.18745466949344755,3
5119,0,0.6473654959072578,0.16733601367230244,0.6087913361150423,-0.8090757912538723,4,-0.03449479585577385,0,1,-0.5653221712080512,0
5120,12,-2.008165857670674,1.9735319804944969,1.110549641787245,-1.4927330336371867,4,2.0252338280782265,1,1,-1.169910173951417,3
5121,7,-0.383111986765481,-1.2515321516691895,-1.1820370881946887,0.8430958778391372,3,0.5992678576623801,0,0,1.5507358383937293,1
5122,2,0.9902500388142728,-0.3176240022311628,0.4864112615608466,-0.011475675140005663,1,-0.6682574493739278,0,0,-0.7164691718938927,2
5123,2,0.9902500388142728,-0.3176240022311628,1.285961081981592,-1.4357615967719104,3,1.3914711745600725,0,0,-0.338601670179289,3
5124,7,-0.383111986765481,-1.2515321516691895,0.5435219630194713,-0.7521043543885961,4,-0.5098167859943894,0,1,-0.036307668807606094,0
5125,8,0.6510132038105156,-0.21519020349247783,-0.867928230172253,0.38732438291692767,1,-0.6682574493739278,1,0,-0.48974867086513046,2
5126,2,0.9902500388142728,-0.3176240022311628,-0.9372769390862972,-0.23936142260111043,4,1.0745898478009956,1,0,0.34155983290699754,2
5127,3,-1.4828959196003133,-1.3459633098813757,0.5720773137487836,-1.4927330336371867,3,-0.35137612261485085,1,1,0.3793465830784579,3
5128,8,0.6510132038105156,-0.21519020349247783,-0.32945590213379167,0.04549576172527053,4,0.9161491844214572,0,0,1.324015337364967,2
5129,11,-1.7838318216197984,-1.4067833778824486,0.9065828508635853,-0.410275733196939,0,-0.6682574493739278,0,0,-0.5275354210365908,0
5130,1,-0.24814679434461676,0.6210857315226723,-1.1208470509175907,0.6152101303780324,0,-0.6682574493739278,1,0,-1.5099909254945603,1
5131,15,1.2547088618011146,0.6610989341549391,-0.8393728794429406,1.2418959358960706,2,-0.6682574493739278,0,0,-0.5275354210365908,1
5132,7,-0.383111986765481,-1.2515321516691895,0.35179317955123124,-0.5811900437927676,4,1.7083525013191496,0,0,-0.7164691718938927,0
5133,3,-1.4828959196003133,-1.3459633098813757,-0.21115516339806914,0.6152101303780324,1,-0.6682574493739278,0,1,0.7950008349645219,1
5134,13,-0.12047701773033298,0.5410593262580249,0.3762691944620704,-0.7521043543885961,0,-0.6682574493739278,1,0,-0.6408956715509719,0
5135,8,0.6510132038105156,-0.21519020349247783,-1.6633987147745253,1.982524615144661,0,-0.6682574493739278,0,0,-0.6031089213795116,1
5136,4,0.30995251485512954,0.3914099484132469,0.6495846942997743,-0.18238998573583423,2,-0.6682574493739278,0,0,0.4171333332499183,2
5137,8,0.6510132038105156,-0.21519020349247783,0.06623967225810788,0.38732438291692767,2,-0.6682574493739278,0,0,-1.2832704244657982,2
5138,6,0.23335064888652038,1.3893392220629235,0.4129832168283291,0.04549576172527053,2,-0.6682574493739278,0,0,1.3995888377078878,2
5139,5,-0.47612853829875046,-1.599647014570184,-0.29682121558600616,0.7291530041085849,2,-0.6682574493739278,0,0,-1.2076969241228774,1
5140,11,-1.7838318216197984,-1.4067833778824486,0.7719647688539699,-1.1509044124455294,1,-0.6682574493739278,1,0,1.2862285871935066,3
5141,13,-0.12047701773033298,0.5410593262580249,-0.035743723203721905,-0.18238998573583423,4,1.0745898478009956,0,0,0.34155983290699754,2
5142,3,-1.4828959196003133,-1.3459633098813757,1.5878319325486083,-1.036961538714977,0,-0.6682574493739278,0,0,-0.9431896729226549,3
5143,15,1.2547088618011146,0.6610989341549391,-0.867928230172253,0.5582386935127562,3,2.500555818216842,0,0,0.15262608204969574,1
5144,6,0.23335064888652038,1.3893392220629235,-1.4349559089400266,1.070981625300242,3,0.2823865309033032,0,0,1.0595080861647446,1
5145,1,-0.24814679434461676,0.6210857315226723,-0.0071883724744095665,-1.0939329755802534,3,0.7577085210419187,1,0,0.07705258170677501,3
5146,7,-0.383111986765481,-1.2515321516691895,-0.33761457377073806,0.786124440973861,2,-0.6682574493739278,0,0,1.4751623380508085,1
5147,14,0.9264151505071309,0.868367323790327,-1.1575610732838495,0.6721815672433087,1,-0.6682574493739278,1,0,-1.6611379261804018,1
5148,4,0.30995251485512954,0.3914099484132469,-0.0846957530254002,-0.18238998573583423,3,0.12394586752376466,0,1,-1.1321234237799567,2
5149,0,0.6473654959072578,0.16733601367230244,1.0656769477840398,-1.2078758493108057,4,2.3421151548373036,0,1,-0.1496679193219872,3
5150,9,1.3623162449474802,-0.524092127813878,0.01320830661795639,0.4442958197822039,0,-0.6682574493739278,0,0,0.1904128322211561,2
5151,13,-0.12047701773033298,0.5410593262580249,-1.634843364045213,1.982524615144661,0,-0.6682574493739278,0,0,0.9461478356503634,1
5152,6,0.23335064888652038,1.3893392220629235,-0.5334226930574513,0.9570387515696896,0,-0.6682574493739278,0,0,-0.11188116915052682,1
5153,5,-0.47612853829875046,-1.599647014570184,-0.38248726777394315,0.10246719859054672,3,0.5992678576623801,0,1,-1.1321234237799567,2
5154,6,0.23335064888652038,1.3893392220629235,-0.7700241705288964,0.5012672566474801,3,-0.5098167859943894,0,0,1.1728683366791255,1
5155,4,0.30995251485512954,0.3914099484132469,-0.14996512612097126,-0.9799901018497009,4,1.866793164698688,1,1,-0.1496679193219872,3
5156,7,-0.383111986765481,-1.2515321516691895,-1.3737658716629286,0.8430958778391372,1,-0.6682574493739278,1,0,0.7194273346216012,1
5157,11,-1.7838318216197984,-1.4067833778824486,1.049359604510147,-1.2078758493108057,4,0.5992678576623801,0,1,-0.30081492000782867,3
5158,5,-0.47612853829875046,-1.599647014570184,-1.6919540655038376,1.1849244990307943,1,-0.6682574493739278,1,1,0.8705743353074427,1
5159,14,0.9264151505071309,0.868367323790327,0.6210293435704619,-0.9799901018497009,1,-0.6682574493739278,1,0,1.4373755878793482,3
5160,8,0.6510132038105156,-0.21519020349247783,1.5633559176377692,-1.036961538714977,0,-0.6682574493739278,0,0,0.11483933187823536,3
5161,8,0.6510132038105156,-0.21519020349247783,1.0615976119655666,-0.5242186069274913,1,-0.6682574493739278,0,0,0.3793465830784579,3
5162,6,0.23335064888652038,1.3893392220629235,-0.9699116256340827,1.355838809626623,1,-0.6682574493739278,0,1,0.0014790813638542722,1
5163,9,1.3623162449474802,-0.524092127813878,1.0575182761470934,-0.5242186069274913,1,-0.6682574493739278,0,0,-1.6989246763518622,3
5164,0,0.6473654959072578,0.16733601367230244,0.8290754703125947,-0.3533042963316628,2,-0.6682574493739278,0,0,-0.9809764230941153,2
5165,10,-0.17336878232770134,-0.10715455638531189,-1.361527864207509,1.6976674308182802,0,-0.6682574493739278,0,0,0.5682803339357597,1
5166,0,0.6473654959072578,0.16733601367230244,-0.8556902227168334,1.2418959358960706,1,-0.6682574493739278,0,0,1.135081586507665,1
5167,6,0.23335064888652038,1.3893392220629235,-1.1779577523762155,1.5267531202224516,0,-0.6682574493739278,0,1,0.11483933187823536,1
5168,12,-2.008165857670674,1.9735319804944969,0.31915849300344573,0.1594386354558229,0,-0.6682574493739278,0,0,1.7018828390795706,2
5169,14,0.9264151505071309,0.868367323790327,-0.9739909614525559,1.355838809626623,1,-0.6682574493739278,0,0,0.4171333332499183,1
5170,14,0.9264151505071309,0.868367323790327,0.4129832168283291,-0.6381614806580438,3,2.3421151548373036,0,1,-1.3966306749801791,0
5171,7,-0.383111986765481,-1.2515321516691895,-0.42328062595867505,0.1594386354558229,3,1.7083525013191496,0,0,1.62630933873665,2
5172,8,0.6510132038105156,-0.21519020349247783,0.6862987166660329,-1.4927330336371867,3,0.2823865309033032,1,0,0.039265831535314634,3
5173,9,1.3623162449474802,-0.524092127813878,-0.19483782012417636,-0.06844711200528185,3,0.9161491844214572,0,0,1.1728683366791255,2
5174,2,0.9902500388142728,-0.3176240022311628,-1.190195759831635,0.8430958778391372,3,0.7577085210419187,0,1,-0.18745466949344755,1
5175,0,0.6473654959072578,0.16733601367230244,1.0575182761470934,-1.3787901599066343,1,-0.6682574493739278,1,1,-0.1496679193219872,3
5176,2,0.9902500388142728,-0.3176240022311628,-0.6598821034301202,0.38732438291692767,3,0.4408271942828417,0,0,-0.5653221712080512,2
5177,7,-0.383111986765481,-1.2515321516691895,-0.1825998126687568,0.6152101303780324,0,-0.6682574493739278,0,0,0.7950008349645219,1
5178,9,1.3623162449474802,-0.524092127813878,0.7230127390322917,-1.4927330336371867,4,0.5992678576623801,1,0,-0.48974867086513046,3
5179,2,0.9902500388142728,-0.3176240022311628,-1.3982418865737678,1.070981625300242,4,1.549911837939611,0,1,0.8705743353074427,1
5180,2,0.9902500388142728,-0.3176240022311628,-0.17036180521333721,0.6152101303780324,1,-0.6682574493739278,0,0,1.4373755878793482,1
5181,3,-1.4828959196003133,-1.3459633098813757,0.4456179033761147,-0.6381614806580438,3,-0.5098167859943894,0,0,-1.358843924808719,0
5182,4,0.30995251485512954,0.3914099484132469,-0.25602785740127426,-0.8660472281191486,4,1.7083525013191496,1,0,-0.2252414196649079,0
5183,8,0.6510132038105156,-0.21519020349247783,-0.16628246939486402,-0.06844711200528185,4,1.7083525013191496,0,0,-1.3210571746372586,2
5184,14,0.9264151505071309,0.868367323790327,-1.169799080739269,0.8430958778391372,4,1.549911837939611,0,0,-0.8676161725797341,1
5185,15,1.2547088618011146,0.6610989341549391,0.06623967225810788,-0.4672471700622152,0,-0.6682574493739278,1,0,1.7018828390795706,0
5186,12,-2.008165857670674,1.9735319804944969,-1.2840204836565183,0.9570387515696896,3,0.5992678576623801,0,0,0.15262608204969574,1
5187,9,1.3623162449474802,-0.524092127813878,0.8657894926788534,-0.3533042963316628,2,-0.6682574493739278,0,0,-1.4344174251516395,2
5188,9,1.3623162449474802,-0.524092127813878,-0.7822621779843159,1.1849244990307943,0,-0.6682574493739278,0,0,1.0217213359932842,1
5189,5,-0.47612853829875046,-1.599647014570184,0.13150904535367894,-0.5242186069274913,0,-0.6682574493739278,1,1,-0.6786824217224323,0
5190,4,0.30995251485512954,0.3914099484132469,1.3593891267141096,-1.4927330336371867,4,1.2330305111805342,0,0,1.0595080861647446,3
5191,15,1.2547088618011146,0.6610989341549391,-0.806738192895155,1.1849244990307943,1,-0.6682574493739278,0,0,-0.07409441897906646,1
5192,11,-1.7838318216197984,-1.4067833778824486,-1.3003378269304111,0.9570387515696896,4,-0.5098167859943894,0,1,-0.6786824217224323,1
5193,13,-0.12047701773033298,0.5410593262580249,-1.039260334548127,0.7291530041085849,4,1.7083525013191496,0,0,-1.5099909254945603,1
5194,6,0.23335064888652038,1.3893392220629235,-1.7041920729592572,1.1849244990307943,0,-0.6682574493739278,1,0,-0.2252414196649079,1
5195,8,0.6510132038105156,-0.21519020349247783,-0.6517234317931738,1.070981625300242,2,-0.6682574493739278,0,0,0.45492008342137863,1
5196,0,0.6473654959072578,0.16733601367230244,1.2737230745261725,-1.4357615967719104,4,0.7577085210419187,0,0,0.22819958239261645,3
5197,12,-2.008165857670674,1.9735319804944969,-1.4145592298476606,1.7546388676835563,1,-0.6682574493739278,0,0,0.9461478356503634,1
5198,0,0.6473654959072578,0.16733601367230244,1.159501671608923,-1.4927330336371867,1,-0.6682574493739278,1,0,-1.169910173951417,3
5199,11,-1.7838318216197984,-1.4067833778824486,-1.296258491111938,1.640695993953004,0,-0.6682574493739278,0,1,-1.585564425837481,1
5200,9,1.3623162449474802,-0.524092127813878,1.0167249179623614,-1.3787901599066343,1,-0.6682574493739278,1,0,1.4373755878793482,3
5201,3,-1.4828959196003133,-1.3459633098813757,1.3349131118032704,-0.8090757912538723,2,-0.6682574493739278,0,1,-0.41417517052220976,3
5202,11,-1.7838318216197984,-1.4067833778824486,-0.21115516339806914,-0.06844711200528185,4,2.183674491457765,0,1,1.2484418370220463,2
5203,3,-1.4828959196003133,-1.3459633098813757,-0.03166438738524872,0.5012672566474801,2,-0.6682574493739278,0,0,1.2106550868505859,1
5204,1,-0.24814679434461676,0.6210857315226723,-0.9699116256340827,1.355838809626623,0,-0.6682574493739278,0,1,-1.4344174251516395,1
5205,10,-0.17336878232770134,-0.10715455638531189,1.432817171446627,-1.4927330336371867,3,2.500555818216842,0,0,0.8705743353074427,3
5206,9,1.3623162449474802,-0.524092127813878,0.16414373190146447,0.27338150918637527,2,-0.6682574493739278,0,1,0.6438538342786805,2
5207,11,-1.7838318216197984,-1.4067833778824486,0.7189334032138185,-0.9230186649844248,3,0.9161491844214572,0,0,-0.48974867086513046,0
5208,13,-0.12047701773033298,0.5410593262580249,0.9188208583190048,-1.4927330336371867,3,0.4408271942828417,1,0,-0.6786824217224323,3
5209,14,0.9264151505071309,0.868367323790327,0.857630821041907,-0.3533042963316628,0,-0.6682574493739278,0,0,-1.6989246763518622,2
5210,12,-2.008165857670674,1.9735319804944969,-1.5247012969464366,0.3303529460516515,3,2.183674491457765,1,0,1.3618020875364274,2
5211,7,-0.383111986765481,-1.2515321516691895,-0.20707582757959594,0.6152101303780324,0,-0.6682574493739278,0,0,-1.056549923437036,1
5212,10,-0.17336878232770134,-0.10715455638531189,0.49456993319779297,-0.011475675140005663,1,-0.6682574493739278,0,1,0.6060670841072201,2
5213,13,-0.12047701773033298,0.5410593262580249,-0.9291182674493508,-0.23936142260111043,3,1.0745898478009956,1,0,-1.6989246763518622,2
5214,0,0.6473654959072578,0.16733601367230244,-1.5654946551311686,0.38732438291692767,3,2.500555818216842,1,1,-1.056549923437036,2
5215,13,-0.12047701773033298,0.5410593262580249,-1.6552400431375789,1.1279530621655183,2,-0.6682574493739278,1,0,-0.2252414196649079,1
5216,2,0.9902500388142728,-0.3176240022311628,1.1554223357904498,-0.6381614806580438,0,-0.6682574493739278,0,0,1.512949088222269,3
5217,4,0.30995251485512954,0.3914099484132469,0.6781400450290865,-1.4927330336371867,3,-0.5098167859943894,1,0,1.5885225885651897,3
5218,11,-1.7838318216197984,-1.4067833778824486,1.1758190148828158,-1.4927330336371867,3,1.2330305111805342,1,0,0.7572140847930615,3
5219,13,-0.12047701773033298,0.5410593262580249,0.4456179033761147,-0.6381614806580438,4,2.3421151548373036,0,0,0.7194273346216012,0
5220,6,0.23335064888652038,1.3893392220629235,-0.7047547974333253,0.4442958197822039,3,2.183674491457765,0,1,-0.7920426722368133,2
5221,14,0.9264151505071309,0.868367323790327,0.3395551720958117,0.10246719859054672,1,-0.6682574493739278,0,0,-0.8676161725797341,2
5222,8,0.6510132038105156,-0.21519020349247783,-0.37840793195546996,0.786124440973861,1,-0.6682574493739278,0,0,0.0014790813638542722,1
5223,2,0.9902500388142728,-0.3176240022311628,-1.1575610732838495,0.8430958778391372,3,2.183674491457765,0,0,-0.8676161725797341,1
5224,4,0.30995251485512954,0.3914099484132469,-1.4064005582107142,1.7546388676835563,1,-0.6682574493739278,0,1,1.135081586507665,1
5225,3,-1.4828959196003133,-1.3459633098813757,-0.30905922304142575,0.04549576172527053,3,-0.35137612261485085,0,0,-0.3763884203507494,2
5226,4,0.30995251485512954,0.3914099484132469,-0.05206106647761467,-0.18238998573583423,3,1.866793164698688,0,0,-1.2076969241228774,2
5227,13,-0.12047701773033298,0.5410593262580249,-0.02758505156677552,-0.23936142260111043,4,1.3914711745600725,0,1,-0.4519619206936701,2
5228,11,-1.7838318216197984,-1.4067833778824486,-1.1330850583730103,0.8430958778391372,3,0.12394586752376466,0,0,-0.6031089213795116,1
5229,13,-0.12047701773033298,0.5410593262580249,0.857630821041907,-1.4927330336371867,3,0.5992678576623801,1,0,-0.9431896729226549,3
5230,6,0.23335064888652038,1.3893392220629235,-0.892404245083092,0.6152101303780324,3,1.2330305111805342,0,0,1.62630933873665,1
5231,6,0.23335064888652038,1.3893392220629235,-0.9903083047264487,-0.18238998573583423,4,-0.35137612261485085,1,1,1.5885225885651897,2
5232,6,0.23335064888652038,1.3893392220629235,0.17230240353841084,-0.5811900437927676,1,-0.6682574493739278,1,1,-0.41417517052220976,0
5233,1,-0.24814679434461676,0.6210857315226723,1.3104370968924313,-1.4927330336371867,4,0.4408271942828417,1,0,-1.4344174251516395,3
5234,4,0.30995251485512954,0.3914099484132469,-0.03166438738524872,0.5012672566474801,2,-0.6682574493739278,0,0,-0.48974867086513046,1
5235,8,0.6510132038105156,-0.21519020349247783,1.4287378356281537,-0.8660472281191486,0,-0.6682574493739278,0,0,-0.7164691718938927,3
5236,2,0.9902500388142728,-0.3176240022311628,-0.24378984994585465,0.6721815672433087,2,-0.6682574493739278,0,1,-0.2630281698363683,1
5237,13,-0.12047701773033298,0.5410593262580249,-0.7985795212582086,-0.3533042963316628,4,0.4408271942828417,1,0,-1.0187631732655755,2
5238,14,0.9264151505071309,0.868367323790327,-0.1744411410318104,-0.06844711200528185,3,-0.03449479585577385,0,1,-1.3210571746372586,2
5239,8,0.6510132038105156,-0.21519020349247783,1.326754440166324,-0.8090757912538723,2,-0.6682574493739278,0,0,-0.5653221712080512,3
5240,6,0.23335064888652038,1.3893392220629235,0.7923614479463359,-1.4927330336371867,3,-0.5098167859943894,1,0,0.7572140847930615,3
5241,8,0.6510132038105156,-0.21519020349247783,-0.7088341332517984,0.27338150918637527,1,-0.6682574493739278,1,0,1.0595080861647446,2
5242,13,-0.12047701773033298,0.5410593262580249,-0.7537068272550036,1.1279530621655183,2,-0.6682574493739278,0,0,-1.6233511760089414,1
5243,3,-1.4828959196003133,-1.3459633098813757,-1.6022086774974273,1.9255531782793849,2,-0.6682574493739278,0,0,-1.6611379261804018,1
5244,8,0.6510132038105156,-0.21519020349247783,1.34715111925869,-0.8090757912538723,2,-0.6682574493739278,0,0,-0.9054029227511945,3
5245,4,0.30995251485512954,0.3914099484132469,1.1023909701502985,-1.4357615967719104,2,-0.6682574493739278,1,0,1.097294836336205,3
5246,7,-0.383111986765481,-1.2515321516691895,-0.30497988722295255,0.04549576172527053,3,0.5992678576623801,0,0,-1.4722041753230999,2
5247,9,1.3623162449474802,-0.524092127813878,0.6618227017551938,-0.18238998573583423,2,-0.6682574493739278,0,1,-0.11188116915052682,2
5248,1,-0.24814679434461676,0.6210857315226723,0.4252212242837487,-0.8090757912538723,2,-0.6682574493739278,1,0,-0.2252414196649079,0
5249,0,0.6473654959072578,0.16733601367230244,-0.17036180521333721,-0.06844711200528185,4,0.2823865309033032,0,0,1.3995888377078878,2
5250,7,-0.383111986765481,-1.2515321516691895,1.6775773205550184,-1.4927330336371867,1,-0.6682574493739278,1,0,0.11483933187823536,3
5251,13,-0.12047701773033298,0.5410593262580249,-0.6517234317931738,-0.4672471700622152,4,0.4408271942828417,1,0,0.6816405844501409,0
5252,1,-0.24814679434461676,0.6210857315226723,-1.6960334013223108,1.355838809626623,4,1.3914711745600725,0,1,-0.1496679193219872,1
5253,13,-0.12047701773033298,0.5410593262580249,0.5679979779303104,-0.06844711200528185,0,-0.6682574493739278,0,1,0.34155983290699754,2
5254,5,-0.47612853829875046,-1.599647014570184,-1.0800536927328588,1.4697816833571753,0,-0.6682574493739278,0,0,-1.6989246763518622,1
5255,9,1.3623162449474802,-0.524092127813878,-1.532859968583383,1.8685817414141086,1,-0.6682574493739278,0,0,0.9839345858218238,1
5256,15,1.2547088618011146,0.6610989341549391,1.4695311938128857,-1.4927330336371867,1,-0.6682574493739278,1,0,1.4751623380508085,3
5257,10,-0.17336878232770134,-0.10715455638531189,-0.9658322898156095,1.355838809626623,0,-0.6682574493739278,0,1,-0.18745466949344755,1
5258,10,-0.17336878232770134,-0.10715455638531189,-1.5450979760388026,0.3303529460516515,3,1.7083525013191496,1,0,-0.8676161725797341,2
5259,7,-0.383111986765481,-1.2515321516691895,0.35587251536970443,0.10246719859054672,2,-0.6682574493739278,0,0,1.62630933873665,2
5260,0,0.6473654959072578,0.16733601367230244,-0.9005629167200384,1.2988673727613467,2,-0.6682574493739278,0,1,1.097294836336205,1
5261,2,0.9902500388142728,-0.3176240022311628,0.9147415225005316,-1.0939329755802534,3,0.5992678576623801,0,0,-0.11188116915052682,3
5262,1,-0.24814679434461676,0.6210857315226723,-0.16628246939486402,-0.23936142260111043,0,-0.6682574493739278,1,0,-0.18745466949344755,2
5263,10,-0.17336878232770134,-0.10715455638531189,0.4415385675576415,-0.6381614806580438,3,0.4408271942828417,0,1,0.0014790813638542722,0
5264,15,1.2547088618011146,0.6610989341549391,0.28244447063718703,-0.69513291752332,0,-0.6682574493739278,1,0,-1.2454836742943378,0
5265,15,1.2547088618011146,0.6610989341549391,1.114628977605718,-1.2648472861760818,3,0.4408271942828417,0,1,-0.11188116915052682,3
5266,1,-0.24814679434461676,0.6210857315226723,-0.4763119915988266,0.9000673147044134,0,-0.6682574493739278,0,0,0.0014790813638542722,1
5267,8,0.6510132038105156,-0.21519020349247783,-1.4186385656661338,1.070981625300242,4,1.866793164698688,0,0,0.908361085478903,1
5268,1,-0.24814679434461676,0.6210857315226723,0.5435219630194713,-1.4927330336371867,3,-0.19293545923531236,1,0,1.3995888377078878,3
5269,4,0.30995251485512954,0.3914099484132469,-0.39472527522936274,0.10246719859054672,3,-0.5098167859943894,0,0,0.5304935837642993,2
5270,9,1.3623162449474802,-0.524092127813878,-0.7251514765256912,-0.410275733196939,4,0.12394586752376466,1,0,-0.30081492000782867,0
5271,8,0.6510132038105156,-0.21519020349247783,1.3308337759847972,-0.8090757912538723,0,-0.6682574493739278,0,0,0.492706833592839,3
5272,7,-0.383111986765481,-1.2515321516691895,-1.532859968583383,1.8685817414141086,2,-0.6682574493739278,0,0,0.6816405844501409,1
5273,9,1.3623162449474802,-0.524092127813878,-0.6313267527008078,1.0140101884349657,0,-0.6682574493739278,0,1,0.6816405844501409,1
5274,8,0.6510132038105156,-0.21519020349247783,0.7107747315768721,-0.9230186649844248,4,-0.03449479585577385,0,1,1.7018828390795706,0
5275,14,0.9264151505071309,0.868367323790327,-0.8352935436244674,0.5582386935127562,4,-0.35137612261485085,0,1,-1.2832704244657982,1
5276,10,-0.17336878232770134,-0.10715455638531189,-1.210592438924001,0.7291530041085849,0,-0.6682574493739278,1,0,1.3995888377078878,1
5277,14,0.9264151505071309,0.868367323790327,1.34715111925869,-0.8090757912538723,0,-0.6682574493739278,0,1,1.2106550868505859,3
5278,14,0.9264151505071309,0.868367323790327,-0.5007880065096657,-0.6381614806580438,4,2.500555818216842,1,0,-0.07409441897906646,0
5279,9,1.3623162449474802,-0.524092127813878,-0.6721201108855397,1.070981625300242,2,-0.6682574493739278,0,0,0.22819958239261645,1
5280,2,0.9902500388142728,-0.3176240022311628,1.6653393130995988,-1.0939329755802534,1,-0.6682574493739278,0,0,-0.30081492000782867,3
5281,2,0.9902500388142728,-0.3176240022311628,0.7107747315768721,-0.9230186649844248,3,1.549911837939611,0,0,-0.754255922065353,0
5282,0,0.6473654959072578,0.16733601367230244,-0.2764245364936402,0.7291530041085849,2,-0.6682574493739278,0,1,1.512949088222269,1
5283,6,0.23335064888652038,1.3893392220629235,-0.2274725066719619,0.6721815672433087,1,-0.6682574493739278,0,0,0.5304935837642993,1
5284,6,0.23335064888652038,1.3893392220629235,-0.04390239484066829,0.5012672566474801,1,-0.6682574493739278,0,0,-1.0187631732655755,1
5285,11,-1.7838318216197984,-1.4067833778824486,-0.12956844702860532,0.5582386935127562,0,-0.6682574493739278,0,1,-0.5275354210365908,1
5286,9,1.3623162449474802,-0.524092127813878,-1.659319378956052,1.1279530621655183,2,-0.6682574493739278,1,0,1.62630933873665,1
5287,4,0.30995251485512954,0.3914099484132469,-1.361527864207509,0.8430958778391372,1,-0.6682574493739278,1,0,-1.358843924808719,1
5288,2,0.9902500388142728,-0.3176240022311628,-1.341131185115143,1.0140101884349657,4,1.3914711745600725,0,0,-0.6031089213795116,1
5289,8,0.6510132038105156,-0.21519020349247783,-0.9495149465417168,1.355838809626623,2,-0.6682574493739278,0,0,-1.169910173951417,1
5290,15,1.2547088618011146,0.6610989341549391,0.25796845572634786,-1.321818723041358,3,0.9161491844214572,1,0,-0.41417517052220976,3
5291,8,0.6510132038105156,-0.21519020349247783,-0.9780702972710291,1.355838809626623,2,-0.6682574493739278,0,1,-1.0943366736084963,1
5292,6,0.23335064888652038,1.3893392220629235,-1.1738784165577423,1.5267531202224516,1,-0.6682574493739278,0,0,0.492706833592839,1
5293,5,-0.47612853829875046,-1.599647014570184,0.6781400450290865,-0.18238998573583423,1,-0.6682574493739278,0,0,0.6816405844501409,2
5294,3,-1.4828959196003133,-1.3459633098813757,0.7597267613985504,-0.23936142260111043,0,-0.6682574493739278,0,1,1.2484418370220463,2
5295,2,0.9902500388142728,-0.3176240022311628,-0.7006754616148521,-0.4672471700622152,3,2.0252338280782265,1,1,-0.754255922065353,0
5296,9,1.3623162449474802,-0.524092127813878,0.5068079406532126,-1.4927330336371867,3,1.2330305111805342,1,1,0.6438538342786805,3
5297,12,-2.008165857670674,1.9735319804944969,-1.0066256480003415,1.355838809626623,2,-0.6682574493739278,0,1,0.4171333332499183,1
5298,3,-1.4828959196003133,-1.3459633098813757,0.45785591083153426,-0.6381614806580438,4,1.3914711745600725,0,1,1.097294836336205,0
5299,4,0.30995251485512954,0.3914099484132469,-1.5410186402203294,1.8685817414141086,0,-0.6682574493739278,0,0,-0.9809764230941153,1
5300,0,0.6473654959072578,0.16733601367230244,-0.7700241705288964,0.3303529460516515,1,-0.6682574493739278,1,0,0.1904128322211561,2
5301,0,0.6473654959072578,0.16733601367230244,1.2778024103446457,-1.4357615967719104,4,2.0252338280782265,0,0,-0.5275354210365908,3
5302,7,-0.383111986765481,-1.2515321516691895,-0.01534704411135595,-0.23936142260111043,3,0.2823865309033032,0,0,-0.5653221712080512,2
5303,11,-1.7838318216197984,-1.4067833778824486,0.6332673510258815,-0.12541854887055803,2,-0.6682574493739278,0,1,0.6816405844501409,2
5304,2,0.9902500388142728,-0.3176240022311628,1.579673260911662,-1.036961538714977,2,-0.6682574493739278,0,1,-0.036307668807606094,3
5305,4,0.30995251485512954,0.3914099484132469,-1.5247012969464366,1.1849244990307943,3,1.866793164698688,0,1,-0.2630281698363683,1
5306,4,0.30995251485512954,0.3914099484132469,1.2981990894370117,-0.7521043543885961,0,-0.6682574493739278,0,0,0.8327875851359823,3
5307,12,-2.008165857670674,1.9735319804944969,1.6327046265518133,-1.0939329755802534,0,-0.6682574493739278,0,0,-0.9809764230941153,3
5308,13,-0.12047701773033298,0.5410593262580249,0.30692048554802615,0.1594386354558229,2,-0.6682574493739278,0,1,-1.169910173951417,2
5309,14,0.9264151505071309,0.868367323790327,-1.7082714087777304,1.355838809626623,4,0.4408271942828417,0,0,-1.6611379261804018,1
5310,13,-0.12047701773033298,0.5410593262580249,0.6495846942997743,-0.8660472281191486,4,0.9161491844214572,0,0,1.3995888377078878,0
5311,8,0.6510132038105156,-0.21519020349247783,1.367547798351056,-0.8090757912538723,1,-0.6682574493739278,0,0,-0.6786824217224323,3
5312,2,0.9902500388142728,-0.3176240022311628,-1.018863655455761,1.4128102464918992,0,-0.6682574493739278,0,1,0.7950008349645219,1
5313,15,1.2547088618011146,0.6610989341549391,-1.4064005582107142,0.2164100723210991,3,0.7577085210419187,1,0,-1.2454836742943378,2
5314,0,0.6473654959072578,0.16733601367230244,0.7760441046724431,-0.9799901018497009,3,0.7577085210419187,0,1,0.5682803339357597,3
5315,2,0.9902500388142728,-0.3176240022311628,-1.1290057225545371,0.6152101303780324,2,-0.6682574493739278,1,0,1.0217213359932842,1
5316,11,-1.7838318216197984,-1.4067833778824486,1.4205791639912073,-0.8660472281191486,0,-0.6682574493739278,0,0,-1.169910173951417,3
5317,15,1.2547088618011146,0.6610989341549391,0.21717509754161596,-0.4672471700622152,3,-0.03449479585577385,0,0,-1.358843924808719,0
5318,1,-0.24814679434461676,0.6210857315226723,-1.1330850583730103,1.5267531202224516,1,-0.6682574493739278,0,0,-0.48974867086513046,1
5319,14,0.9264151505071309,0.868367323790327,-1.5695739909496418,1.2418959358960706,4,0.12394586752376466,0,0,1.4373755878793482,1
5320,2,0.9902500388142728,-0.3176240022311628,0.19677841844925,-0.410275733196939,3,0.2823865309033032,0,0,0.039265831535314634,0
5321,6,0.23335064888652038,1.3893392220629235,-0.23563117830890828,0.6721815672433087,2,-0.6682574493739278,0,0,0.6816405844501409,1
5322,3,-1.4828959196003133,-1.3459633098813757,-0.8883249092646189,0.6152101303780324,3,0.2823865309033032,0,1,0.7950008349645219,1
5323,9,1.3623162449474802,-0.524092127813878,0.30692048554802615,-0.5242186069274913,4,0.5992678576623801,0,0,1.2862285871935066,0
5324,6,0.23335064888652038,1.3893392220629235,-1.638922699863686,1.1279530621655183,0,-0.6682574493739278,1,0,1.4751623380508085,1
5325,7,-0.383111986765481,-1.2515321516691895,-0.20707582757959594,-0.23936142260111043,0,-0.6682574493739278,1,0,0.22819958239261645,2
5326,8,0.6510132038105156,-0.21519020349247783,1.4287378356281537,-0.8660472281191486,2,-0.6682574493739278,0,0,1.2106550868505859,3
5327,12,-2.008165857670674,1.9735319804944969,0.8861861717712193,-0.3533042963316628,0,-0.6682574493739278,0,1,-0.8676161725797341,2
5328,0,0.6473654959072578,0.16733601367230244,0.7638060972170236,-0.9230186649844248,3,1.0745898478009956,0,0,-0.9809764230941153,0
5329,8,0.6510132038105156,-0.21519020349247783,-1.594050005860481,0.38732438291692767,4,0.4408271942828417,1,1,1.5507358383937293,2
5330,13,-0.12047701773033298,0.5410593262580249,0.9555348806852636,-0.4672471700622152,0,-0.6682574493739278,0,1,1.097294836336205,3
5331,5,-0.47612853829875046,-1.599647014570184,0.009128970799483199,0.4442958197822039,2,-0.6682574493739278,0,0,-1.1321234237799567,2
5332,5,-0.47612853829875046,-1.599647014570184,0.15598506026451808,-0.410275733196939,3,0.9161491844214572,0,1,0.15262608204969574,0
5333,4,0.30995251485512954,0.3914099484132469,-0.4885499990542461,0.9000673147044134,1,-0.6682574493739278,0,1,1.135081586507665,1
5334,11,-1.7838318216197984,-1.4067833778824486,0.9392175374113708,-1.4927330336371867,3,2.3421151548373036,1,0,-0.07409441897906646,3
5335,13,-0.12047701773033298,0.5410593262580249,1.6367839623702864,-1.4927330336371867,4,-0.03449479585577385,0,0,-1.6989246763518622,3
5336,12,-2.008165857670674,1.9735319804944969,-1.3737658716629286,1.6976674308182802,1,-0.6682574493739278,0,0,1.324015337364967,1
5337,14,0.9264151505071309,0.868367323790327,0.7107747315768721,-0.9230186649844248,4,0.7577085210419187,0,1,0.5682803339357597,0
5338,12,-2.008165857670674,1.9735319804944969,1.1391049925165573,-0.6381614806580438,2,-0.6682574493739278,0,0,0.45492008342137863,3
5339,11,-1.7838318216197984,-1.4067833778824486,0.12742970953520574,0.3303529460516515,0,-0.6682574493739278,0,0,-1.3966306749801791,2
5340,5,-0.47612853829875046,-1.599647014570184,1.579673260911662,-1.4927330336371867,4,1.2330305111805342,0,0,-0.30081492000782867,3
5341,2,0.9902500388142728,-0.3176240022311628,0.5231252839271053,-1.4927330336371867,4,1.866793164698688,1,0,-1.3210571746372586,3
5342,0,0.6473654959072578,0.16733601367230244,0.7311714106692381,-0.9230186649844248,4,0.5992678576623801,0,1,-1.1321234237799567,0
5343,10,-0.17336878232770134,-0.10715455638531189,-1.6552400431375789,1.982524615144661,2,-0.6682574493739278,0,0,0.039265831535314634,1
5344,13,-0.12047701773033298,0.5410593262580249,1.2247710447044942,-1.4927330336371867,2,-0.6682574493739278,1,1,-1.169910173951417,3
5345,9,1.3623162449474802,-0.524092127813878,0.9677728881406832,-1.321818723041358,2,-0.6682574493739278,1,0,1.5885225885651897,3
5346,2,0.9902500388142728,-0.3176240022311628,-1.5247012969464366,1.1849244990307943,4,1.2330305111805342,0,1,-1.3966306749801791,1
5347,6,0.23335064888652038,1.3893392220629235,1.34715111925869,-1.4927330336371867,1,-0.6682574493739278,1,0,-0.4519619206936701,3
5348,1,-0.24814679434461676,0.6210857315226723,1.6816566563734916,-1.0939329755802534,0,-0.6682574493739278,0,0,-1.6611379261804018,3
5349,11,-1.7838318216197984,-1.4067833778824486,0.7801234404909163,-0.2963328594663866,1,-0.6682574493739278,0,0,0.8327875851359823,2
5350,4,0.30995251485512954,0.3914099484132469,-0.806738192895155,1.1849244990307943,2,-0.6682574493739278,0,1,1.324015337364967,1
5351,2,0.9902500388142728,-0.3176240022311628,0.9718522239591564,-1.1509044124455294,3,0.5992678576623801,0,0,0.908361085478903,3
5352,13,-0.12047701773033298,0.5410593262580249,-0.24786918576432784,-0.011475675140005663,3,2.3421151548373036,0,0,-1.0943366736084963,2
5353,6,0.23335064888652038,1.3893392220629235,0.1519057244460449,0.3303529460516515,2,-0.6682574493739278,0,1,1.2106550868505859,2
5354,9,1.3623162449474802,-0.524092127813878,-0.5986920661530223,1.0140101884349657,1,-0.6682574493739278,0,0,-0.5275354210365908,1
5355,13,-0.12047701773033298,0.5410593262580249,-0.3212972304968453,0.7291530041085849,2,-0.6682574493739278,0,1,-0.9809764230941153,1
5356,4,0.30995251485512954,0.3914099484132469,-0.7577861630734768,0.4442958197822039,4,1.549911837939611,0,0,-1.6233511760089414,2
5357,5,-0.47612853829875046,-1.599647014570184,0.5108872764716857,-1.4927330336371867,3,0.5992678576623801,1,0,-1.0943366736084963,3
5358,4,0.30995251485512954,0.3914099484132469,1.2981990894370117,-1.4357615967719104,3,2.3421151548373036,0,0,-1.0187631732655755,3
5359,14,0.9264151505071309,0.868367323790327,-0.7373894839811108,1.1279530621655183,2,-0.6682574493739278,0,0,0.908361085478903,1
5360,12,-2.008165857670674,1.9735319804944969,1.0126455821438882,-1.2078758493108057,3,0.2823865309033032,0,0,1.62630933873665,3
5361,6,0.23335064888652038,1.3893392220629235,0.4456179033761147,0.04549576172527053,1,-0.6682574493739278,0,0,1.3618020875364274,2
5362,15,1.2547088618011146,0.6610989341549391,0.19677841844925,-0.5811900437927676,1,-0.6682574493739278,1,1,-0.18745466949344755,0
5363,0,0.6473654959072578,0.16733601367230244,1.457293186357466,-1.4927330336371867,3,2.183674491457765,1,1,1.097294836336205,3
5364,11,-1.7838318216197984,-1.4067833778824486,1.1187083134241913,-1.2648472861760818,4,1.0745898478009956,0,0,1.5507358383937293,3
5365,15,1.2547088618011146,0.6610989341549391,0.037684321528795535,-0.2963328594663866,4,2.3421151548373036,0,0,1.7018828390795706,2
5366,15,1.2547088618011146,0.6610989341549391,-0.2152344992165423,0.6721815672433087,1,-0.6682574493739278,0,0,-0.1496679193219872,1
5367,15,1.2547088618011146,0.6610989341549391,1.1880570223382354,-0.6381614806580438,2,-0.6682574493739278,0,0,1.324015337364967,3
5368,13,-0.12047701773033298,0.5410593262580249,0.7678854330354967,-0.2963328594663866,1,-0.6682574493739278,0,0,-0.5653221712080512,2
5369,10,-0.17336878232770134,-0.10715455638531189,-1.6837953938668913,2.0394960520099374,1,-0.6682574493739278,0,0,1.324015337364967,1
5370,1,-0.24814679434461676,0.6210857315226723,-0.2641865290382206,0.6721815672433087,0,-0.6682574493739278,0,0,-0.4519619206936701,1
5371,9,1.3623162449474802,-0.524092127813878,1.1676603432458694,-0.6381614806580438,1,-0.6682574493739278,0,0,-0.6786824217224323,3
5372,6,0.23335064888652038,1.3893392220629235,-0.07245774556998062,-0.18238998573583423,3,0.5992678576623801,0,0,-0.48974867086513046,2
5373,10,-0.17336878232770134,-0.10715455638531189,-0.39064593941088954,0.786124440973861,2,-0.6682574493739278,0,0,1.1728683366791255,1
5374,9,1.3623162449474802,-0.524092127813878,0.7270920748507649,-1.4927330336371867,4,2.3421151548373036,1,0,-0.9054029227511945,3
5375,5,-0.47612853829875046,-1.599647014570184,1.5266418952715104,-0.9799901018497009,1,-0.6682574493739278,0,0,-0.9431896729226549,3
5376,15,1.2547088618011146,0.6610989341549391,1.6327046265518133,-1.0939329755802534,2,-0.6682574493739278,0,0,-1.2454836742943378,3
5377,8,0.6510132038105156,-0.21519020349247783,-0.6965961257963789,1.070981625300242,1,-0.6682574493739278,0,1,0.3793465830784579,1
5378,7,-0.383111986765481,-1.2515321516691895,-0.05206106647761467,0.5012672566474801,2,-0.6682574493739278,0,0,-1.6611379261804018,1
5379,6,0.23335064888652038,1.3893392220629235,0.27836513481871383,0.1594386354558229,2,-0.6682574493739278,0,0,0.908361085478903,2
5380,1,-0.24814679434461676,0.6210857315226723,1.1758190148828158,-1.4927330336371867,1,-0.6682574493739278,1,0,-1.5099909254945603,3
5381,4,0.30995251485512954,0.3914099484132469,1.5715145892747155,-1.036961538714977,1,-0.6682574493739278,0,0,0.26598633256407683,3
5382,11,-1.7838318216197984,-1.4067833778824486,1.3838651416249486,-0.8660472281191486,0,-0.6682574493739278,0,0,-1.5477776756660206,3
5383,14,0.9264151505071309,0.868367323790327,0.922900194137478,-1.0939329755802534,4,0.9161491844214572,0,0,1.4751623380508085,3
5384,1,-0.24814679434461676,0.6210857315226723,-0.2315518424904351,-0.011475675140005663,4,-0.5098167859943894,0,0,0.34155983290699754,2
5385,3,-1.4828959196003133,-1.3459633098813757,-0.8312142078059942,1.2418959358960706,0,-0.6682574493739278,0,0,-1.358843924808719,1
5386,9,1.3623162449474802,-0.524092127813878,0.8943448434081657,-1.4927330336371867,3,1.7083525013191496,1,0,0.3793465830784579,3
5387,12,-2.008165857670674,1.9735319804944969,-1.2758618120195722,0.9570387515696896,4,2.0252338280782265,0,0,0.908361085478903,1
5388,4,0.30995251485512954,0.3914099484132469,0.16006439608299128,0.27338150918637527,0,-0.6682574493739278,0,0,0.8327875851359823,2
5389,7,-0.383111986765481,-1.2515321516691895,0.06623967225810788,-0.2963328594663866,3,0.7577085210419187,0,0,-1.3966306749801791,2
5390,4,0.30995251485512954,0.3914099484132469,1.0738356194209862,-0.5811900437927676,0,-0.6682574493739278,0,0,-0.754255922065353,3
5391,4,0.30995251485512954,0.3914099484132469,-0.6965961257963789,1.070981625300242,0,-0.6682574493739278,0,0,-1.6989246763518622,1
5392,4,0.30995251485512954,0.3914099484132469,0.7597267613985504,-0.23936142260111043,0,-0.6682574493739278,0,0,-1.585564425837481,2
5393,13,-0.12047701773033298,0.5410593262580249,0.2457304482709283,-0.4672471700622152,4,1.0745898478009956,0,1,1.7018828390795706,0
5394,6,0.23335064888652038,1.3893392220629235,0.13966771699062533,-0.5242186069274913,1,-0.6682574493739278,1,1,-1.6233511760089414,0
5395,6,0.23335064888652038,1.3893392220629235,0.8045994554017555,-0.9799901018497009,4,0.7577085210419187,0,1,-0.07409441897906646,3
5396,0,0.6473654959072578,0.16733601367230244,-1.104529707643698,1.4697816833571753,2,-0.6682574493739278,0,1,-0.41417517052220976,1
5397,9,1.3623162449474802,-0.524092127813878,-1.2636238045641526,1.640695993953004,2,-0.6682574493739278,0,0,-0.5653221712080512,1
5398,1,-0.24814679434461676,0.6210857315226723,-1.2432271254717866,1.5837245570877276,0,-0.6682574493739278,0,0,1.3995888377078878,1
5399,5,-0.47612853829875046,-1.599647014570184,-0.23971051412738148,0.6721815672433087,1,-0.6682574493739278,0,1,1.5507358383937293,1
5400,15,1.2547088618011146,0.6610989341549391,-1.2921791552934647,0.786124440973861,0,-0.6682574493739278,1,0,-0.07409441897906646,1
5401,13,-0.12047701773033298,0.5410593262580249,0.13558838117215213,0.3303529460516515,1,-0.6682574493739278,0,1,-0.7164691718938927,2
5402,5,-0.47612853829875046,-1.599647014570184,0.7882821121278627,-1.1509044124455294,2,-0.6682574493739278,1,0,-0.41417517052220976,3
5403,1,-0.24814679434461676,0.6210857315226723,-0.42735996177714825,0.8430958778391372,1,-0.6682574493739278,0,0,-1.056549923437036,1
5404,14,0.9264151505071309,0.868367323790327,0.9147415225005316,-0.410275733196939,0,-0.6682574493739278,0,0,0.908361085478903,0
5405,8,0.6510132038105156,-0.21519020349247783,-1.5858913342235346,1.2418959358960706,3,2.3421151548373036,0,1,1.2484418370220463,1
5406,0,0.6473654959072578,0.16733601367230244,0.8331548061310678,-1.4927330336371867,4,-0.03449479585577385,1,0,-0.6031089213795116,3
5407,13,-0.12047701773033298,0.5410593262580249,0.6128706719335155,-0.9799901018497009,2,-0.6682574493739278,1,1,-1.3210571746372586,3
5408,6,0.23335064888652038,1.3893392220629235,-0.464073984143407,0.9000673147044134,0,-0.6682574493739278,0,0,-1.6233511760089414,1
5409,0,0.6473654959072578,0.16733601367230244,-0.9658322898156095,1.355838809626623,2,-0.6682574493739278,0,0,-0.8676161725797341,1
5410,9,1.3623162449474802,-0.524092127813878,1.3593891267141096,-0.8090757912538723,2,-0.6682574493739278,0,0,-0.07409441897906646,3
5411,7,-0.383111986765481,-1.2515321516691895,-0.6027714019714955,1.0140101884349657,2,-0.6682574493739278,0,0,-0.07409441897906646,1
5412,7,-0.383111986765481,-1.2515321516691895,1.028962925417781,-0.5242186069274913,2,-0.6682574493739278,0,0,0.5682803339357597,3
5413,8,0.6510132038105156,-0.21519020349247783,-0.9046422525385116,0.6152101303780324,4,0.7577085210419187,0,0,1.4373755878793482,1
5414,6,0.23335064888652038,1.3893392220629235,0.16822306771993767,-0.410275733196939,4,0.2823865309033032,0,0,0.4171333332499183,0
5415,10,-0.17336878232770134,-0.10715455638531189,0.5312839555640517,-0.06844711200528185,0,-0.6682574493739278,0,0,1.0217213359932842,2
5416,6,0.23335064888652038,1.3893392220629235,0.30284114972955295,-0.5242186069274913,3,1.3914711745600725,0,0,-0.07409441897906646,0
5417,15,1.2547088618011146,0.6610989341549391,0.3436345079142849,0.10246719859054672,1,-0.6682574493739278,0,0,-0.8676161725797341,2
5418,11,-1.7838318216197984,-1.4067833778824486,1.3716271341695292,-0.8090757912538723,2,-0.6682574493739278,0,0,1.0595080861647446,3
5419,13,-0.12047701773033298,0.5410593262580249,0.49456993319779297,-0.8660472281191486,1,-0.6682574493739278,1,0,1.3618020875364274,0
5420,1,-0.24814679434461676,0.6210857315226723,1.5959906041855545,-1.036961538714977,1,-0.6682574493739278,0,0,1.62630933873665,3
5421,12,-2.008165857670674,1.9735319804944969,0.0009702991625368165,-1.0939329755802534,3,0.9161491844214572,1,0,1.135081586507665,3
5422,11,-1.7838318216197984,-1.4067833778824486,-1.6715573864114717,1.1279530621655183,0,-0.6682574493739278,1,0,1.324015337364967,1
5423,0,0.6473654959072578,0.16733601367230244,-0.32945590213379167,-0.12541854887055803,2,-0.6682574493739278,1,0,-0.48974867086513046,2
5424,15,1.2547088618011146,0.6610989341549391,1.2125330372490746,-0.69513291752332,1,-0.6682574493739278,0,1,-0.48974867086513046,3
5425,1,-0.24814679434461676,0.6210857315226723,0.8943448434081657,-0.410275733196939,1,-0.6682574493739278,0,0,-1.2832704244657982,0
5426,4,0.30995251485512954,0.3914099484132469,1.3634684625325828,-0.8090757912538723,2,-0.6682574493739278,0,0,-1.2832704244657982,3
5427,3,-1.4828959196003133,-1.3459633098813757,0.559839306293364,-0.7521043543885961,4,0.9161491844214572,0,0,-1.169910173951417,0
5428,9,1.3623162449474802,-0.524092127813878,-0.3661699245000504,-0.06844711200528185,1,-0.6682574493739278,1,1,-0.11188116915052682,2
5429,6,0.23335064888652038,1.3893392220629235,0.4129832168283291,-0.8090757912538723,0,-0.6682574493739278,1,0,-0.30081492000782867,0
5430,14,0.9264151505071309,0.868367323790327,-1.1657197449207959,0.8430958778391372,3,-0.35137612261485085,0,0,0.5682803339357597,1
5431,5,-0.47612853829875046,-1.599647014570184,-0.09693376048081978,-0.12541854887055803,3,1.549911837939611,0,0,1.5885225885651897,2
5432,2,0.9902500388142728,-0.3176240022311628,-1.4104798940291874,1.070981625300242,4,2.0252338280782265,0,0,1.1728683366791255,1
5433,1,-0.24814679434461676,0.6210857315226723,-0.2764245364936402,0.04549576172527053,3,1.3914711745600725,0,0,-0.41417517052220976,2
5434,1,-0.24814679434461676,0.6210857315226723,0.12335037371673256,-0.5242186069274913,2,-0.6682574493739278,1,1,1.2484418370220463,0
5435,15,1.2547088618011146,0.6610989341549391,-0.09693376048081978,0.5582386935127562,0,-0.6682574493739278,0,0,0.492706833592839,1
5436,6,0.23335064888652038,1.3893392220629235,-1.6266846924082665,1.982524615144661,2,-0.6682574493739278,0,0,-0.8298294224082737,1
5437,9,1.3623162449474802,-0.524092127813878,-0.29682121558600616,0.7291530041085849,1,-0.6682574493739278,0,0,-1.3210571746372586,1
5438,3,-1.4828959196003133,-1.3459633098813757,-1.0882123643698052,0.6152101303780324,2,-0.6682574493739278,1,0,0.5682803339357597,1
5439,13,-0.12047701773033298,0.5410593262580249,-0.9903083047264487,1.355838809626623,2,-0.6682574493739278,0,0,0.1904128322211561,1
5440,13,-0.12047701773033298,0.5410593262580249,-0.05206106647761467,-0.18238998573583423,4,0.4408271942828417,0,0,0.7194273346216012,2
5441,7,-0.383111986765481,-1.2515321516691895,-0.8230555361690478,1.1849244990307943,1,-0.6682574493739278,0,0,-1.6989246763518622,1
5442,15,1.2547088618011146,0.6610989341549391,-0.7904208496212622,1.1849244990307943,2,-0.6682574493739278,0,1,0.7950008349645219,1
5443,11,-1.7838318216197984,-1.4067833778824486,1.1431843283350305,-1.4927330336371867,4,1.3914711745600725,1,0,-0.3763884203507494,3
5444,11,-1.7838318216197984,-1.4067833778824486,-1.6960334013223108,1.355838809626623,4,2.3421151548373036,0,0,0.7572140847930615,1
5445,5,-0.47612853829875046,-1.599647014570184,-1.3044171627488843,1.640695993953004,0,-0.6682574493739278,0,0,0.8327875851359823,1
5446,3,-1.4828959196003133,-1.3459633098813757,-0.8556902227168334,0.5582386935127562,3,1.549911837939611,0,0,-1.6989246763518622,1
5447,6,0.23335064888652038,1.3893392220629235,-1.3492898567520895,0.8430958778391372,1,-0.6682574493739278,1,1,-1.3210571746372586,1
5448,5,-0.47612853829875046,-1.599647014570184,-1.2269097821978938,1.5837245570877276,0,-0.6682574493739278,0,0,1.62630933873665,1
5449,14,0.9264151505071309,0.868367323790327,-1.659319378956052,1.982524615144661,0,-0.6682574493739278,0,0,-1.056549923437036,1
5450,11,-1.7838318216197984,-1.4067833778824486,1.1758190148828158,-1.321818723041358,3,1.3914711745600725,0,0,0.22819958239261645,3
5451,3,-1.4828959196003133,-1.3459633098813757,1.1554223357904498,-0.6381614806580438,1,-0.6682574493739278,0,0,-1.169910173951417,3
5452,13,-0.12047701773033298,0.5410593262580249,-0.06837840975150744,0.5012672566474801,2,-0.6682574493739278,0,0,-0.338601670179289,1
5453,12,-2.008165857670674,1.9735319804944969,-0.7659448347104232,1.1849244990307943,2,-0.6682574493739278,0,1,0.492706833592839,1
5454,6,0.23335064888652038,1.3893392220629235,1.6531013056441792,-1.4927330336371867,1,-0.6682574493739278,1,0,0.45492008342137863,3
5455,2,0.9902500388142728,-0.3176240022311628,-0.0846957530254002,-0.3533042963316628,1,-0.6682574493739278,1,0,-0.2252414196649079,2
5456,6,0.23335064888652038,1.3893392220629235,0.1070330304428398,-0.3533042963316628,3,1.7083525013191496,0,0,-1.2454836742943378,2
5457,5,-0.47612853829875046,-1.599647014570184,-0.5742160512421831,0.10246719859054672,1,-0.6682574493739278,1,1,-0.338601670179289,2
5458,15,1.2547088618011146,0.6610989341549391,-0.6721201108855397,1.070981625300242,1,-0.6682574493739278,0,1,1.3995888377078878,1
5459,5,-0.47612853829875046,-1.599647014570184,0.2906031422741334,-0.5242186069274913,4,1.7083525013191496,0,0,1.135081586507665,0
5460,11,-1.7838318216197984,-1.4067833778824486,-0.40288394686630913,0.8430958778391372,0,-0.6682574493739278,0,0,-1.4344174251516395,1
5461,9,1.3623162449474802,-0.524092127813878,-1.7123507445962036,1.1849244990307943,2,-0.6682574493739278,1,0,1.097294836336205,1
5462,8,0.6510132038105156,-0.21519020349247783,0.27836513481871383,0.1594386354558229,0,-0.6682574493739278,0,0,0.22819958239261645,2
5463,7,-0.383111986765481,-1.2515321516691895,-1.659319378956052,1.982524615144661,1,-0.6682574493739278,0,0,0.1904128322211561,1
5464,8,0.6510132038105156,-0.21519020349247783,-0.5782953870606563,0.10246719859054672,1,-0.6682574493739278,1,0,-0.4519619206936701,2
5465,6,0.23335064888652038,1.3893392220629235,1.6734979847365452,-1.0939329755802534,0,-0.6682574493739278,0,0,-0.4519619206936701,3
5466,9,1.3623162449474802,-0.524092127813878,1.130946320879611,-0.5811900437927676,0,-0.6682574493739278,0,0,-0.6031089213795116,3
5467,3,-1.4828959196003133,-1.3459633098813757,-0.35801125286310403,0.10246719859054672,3,0.12394586752376466,0,0,-0.8298294224082737,2
5468,14,0.9264151505071309,0.868367323790327,-0.5905333945160759,0.3303529460516515,4,-0.19293545923531236,0,0,1.0217213359932842,2
5469,11,-1.7838318216197984,-1.4067833778824486,-0.13772711866555168,-0.12541854887055803,3,0.4408271942828417,0,1,-0.9431896729226549,2
5470,1,-0.24814679434461676,0.6210857315226723,0.7719647688539699,-0.2963328594663866,1,-0.6682574493739278,0,1,-1.6611379261804018,2
5471,5,-0.47612853829875046,-1.599647014570184,1.6408632981887596,-1.0939329755802534,0,-0.6682574493739278,0,1,1.62630933873665,3
5472,1,-0.24814679434461676,0.6210857315226723,-1.6960334013223108,2.0394960520099374,0,-0.6682574493739278,0,0,-1.169910173951417,1
5473,0,0.6473654959072578,0.16733601367230244,-0.2193138350350155,0.6721815672433087,0,-0.6682574493739278,0,1,-0.754255922065353,1
5474,5,-0.47612853829875046,-1.599647014570184,-0.8883249092646189,1.2988673727613467,2,-0.6682574493739278,0,1,-0.9431896729226549,1
5475,0,0.6473654959072578,0.16733601367230244,1.5266418952715104,-1.4927330336371867,4,1.866793164698688,1,0,1.5507358383937293,3
5476,14,0.9264151505071309,0.868367323790327,-0.655802767611647,0.38732438291692767,4,1.3914711745600725,0,0,-1.1321234237799567,2
5477,7,-0.383111986765481,-1.2515321516691895,-1.4675905954878121,0.9570387515696896,1,-0.6682574493739278,1,1,0.8327875851359823,1
5478,10,-0.17336878232770134,-0.10715455638531189,0.18046107517535723,-0.5811900437927676,1,-0.6682574493739278,1,0,1.0595080861647446,0
5479,0,0.6473654959072578,0.16733601367230244,-0.20707582757959594,-0.23936142260111043,2,-0.6682574493739278,1,0,0.9839345858218238,2
5480,11,-1.7838318216197984,-1.4067833778824486,0.20493709008619637,-0.410275733196939,3,1.0745898478009956,0,0,-0.6786824217224323,0
5481,9,1.3623162449474802,-0.524092127813878,-1.361527864207509,0.8430958778391372,1,-0.6682574493739278,1,0,0.4171333332499183,1
5482,15,1.2547088618011146,0.6610989341549391,-0.5905333945160759,-0.5242186069274913,4,1.3914711745600725,1,1,-0.6408956715509719,0
5483,8,0.6510132038105156,-0.21519020349247783,-1.2269097821978938,1.5837245570877276,1,-0.6682574493739278,0,0,0.6438538342786805,1
5484,12,-2.008165857670674,1.9735319804944969,0.05808100062116149,0.38732438291692767,0,-0.6682574493739278,0,0,-0.8298294224082737,2
5485,3,-1.4828959196003133,-1.3459633098813757,-0.37840793195546996,0.10246719859054672,4,0.4408271942828417,0,1,-0.30081492000782867,2
5486,8,0.6510132038105156,-0.21519020349247783,-0.5905333945160759,0.3303529460516515,3,2.0252338280782265,0,0,0.8705743353074427,2
5487,4,0.30995251485512954,0.3914099484132469,0.0540016648026883,-0.2963328594663866,4,1.3914711745600725,0,0,1.5885225885651897,2
5488,15,1.2547088618011146,0.6610989341549391,0.29876181391107975,0.1594386354558229,1,-0.6682574493739278,0,0,-1.5099909254945603,2
5489,14,0.9264151505071309,0.868367323790327,0.13558838117215213,0.3303529460516515,0,-0.6682574493739278,0,0,-0.6408956715509719,2
5490,14,0.9264151505071309,0.868367323790327,0.6781400450290865,-0.18238998573583423,2,-0.6682574493739278,0,0,0.1904128322211561,2
5491,0,0.6473654959072578,0.16733601367230244,-1.5410186402203294,1.8685817414141086,2,-0.6682574493739278,0,1,1.7018828390795706,1
5492,10,-0.17336878232770134,-0.10715455638531189,-0.7822621779843159,1.1849244990307943,1,-0.6682574493739278,0,1,-0.8676161725797341,1
5493,3,-1.4828959196003133,-1.3459633098813757,-0.7251514765256912,1.1279530621655183,2,-0.6682574493739278,0,1,-0.5275354210365908,1
5494,15,1.2547088618011146,0.6610989341549391,0.11519170207978617,-0.3533042963316628,4,-0.19293545923531236,0,1,1.3995888377078878,2
5495,10,-0.17336878232770134,-0.10715455638531189,1.241088387978387,-1.3787901599066343,3,1.549911837939611,0,0,-0.4519619206936701,3
5496,1,-0.24814679434461676,0.6210857315226723,0.751568089761604,-0.9230186649844248,4,-0.5098167859943894,0,0,-0.2630281698363683,0
5497,2,0.9902500388142728,-0.3176240022311628,-0.7129134690702716,0.4442958197822039,3,0.9161491844214572,0,0,-0.5275354210365908,2
5498,3,-1.4828959196003133,-1.3459633098813757,1.6000699400040277,-1.036961538714977,1,-0.6682574493739278,0,0,0.7572140847930615,3
5499,4,0.30995251485512954,0.3914099484132469,-1.422717901484607,1.7546388676835563,2,-0.6682574493739278,0,0,1.6640960889081102,1
5500,4,0.30995251485512954,0.3914099484132469,-1.2799411478380451,0.786124440973861,1,-0.6682574493739278,1,0,0.6438538342786805,1
5501,8,0.6510132038105156,-0.21519020349247783,-1.1779577523762155,0.6721815672433087,0,-0.6682574493739278,1,0,-0.036307668807606094,1
5502,11,-1.7838318216197984,-1.4067833778824486,1.0330422612362542,-1.2078758493108057,3,1.0745898478009956,0,1,-0.18745466949344755,3
5503,10,-0.17336878232770134,-0.10715455638531189,0.9392175374113708,-1.0939329755802534,4,-0.5098167859943894,0,0,-0.30081492000782867,3
5504,7,-0.383111986765481,-1.2515321516691895,-1.5573359834942222,1.8685817414141086,1,-0.6682574493739278,0,1,0.4171333332499183,1
5505,0,0.6473654959072578,0.16733601367230244,-1.063736349458966,0.5582386935127562,0,-0.6682574493739278,1,1,-1.6989246763518622,1
5506,3,-1.4828959196003133,-1.3459633098813757,-0.4967086706911925,0.9000673147044134,0,-0.6682574493739278,0,1,1.324015337364967,1
5507,4,0.30995251485512954,0.3914099484132469,-0.6027714019714955,1.0140101884349657,1,-0.6682574493739278,0,0,-0.9809764230941153,1
5508,13,-0.12047701773033298,0.5410593262580249,-0.32537656631531847,-0.12541854887055803,2,-0.6682574493739278,1,0,0.492706833592839,2
5509,15,1.2547088618011146,0.6610989341549391,-1.251385797108733,1.5837245570877276,2,-0.6682574493739278,0,0,-0.1496679193219872,1
5510,5,-0.47612853829875046,-1.599647014570184,-0.011267708292882758,0.4442958197822039,0,-0.6682574493739278,0,0,-0.9809764230941153,2
5511,11,-1.7838318216197984,-1.4067833778824486,-0.23563117830890828,0.6721815672433087,0,-0.6682574493739278,0,0,1.0217213359932842,1
5512,9,1.3623162449474802,-0.524092127813878,-0.21115516339806914,-0.06844711200528185,3,2.0252338280782265,0,0,1.512949088222269,2
5513,4,0.30995251485512954,0.3914099484132469,0.5557599704748908,-0.7521043543885961,3,2.183674491457765,0,0,-0.41417517052220976,0
5514,6,0.23335064888652038,1.3893392220629235,1.3145164327109045,-0.7521043543885961,0,-0.6682574493739278,0,1,0.1904128322211561,3
5515,0,0.6473654959072578,0.16733601367230244,-0.5701367154237099,0.27338150918637527,3,-0.03449479585577385,0,0,-0.2630281698363683,2
5516,6,0.23335064888652038,1.3893392220629235,-0.6925167899779057,-0.4672471700622152,3,-0.19293545923531236,1,0,1.5507358383937293,0
5517,3,-1.4828959196003133,-1.3459633098813757,-0.4926293348727193,0.2164100723210991,4,1.3914711745600725,0,1,-0.07409441897906646,2
5518,7,-0.383111986765481,-1.2515321516691895,-1.4594319238508657,1.8116103045488325,2,-0.6682574493739278,0,0,0.1904128322211561,1
5519,7,-0.383111986765481,-1.2515321516691895,0.20085775426772318,-0.5811900437927676,2,-0.6682574493739278,1,0,1.1728683366791255,0
5520,4,0.30995251485512954,0.3914099484132469,-0.5946127303345491,0.3303529460516515,4,2.183674491457765,0,0,0.7572140847930615,2
5521,10,-0.17336878232770134,-0.10715455638531189,0.5272046197455785,-0.7521043543885961,4,0.2823865309033032,0,0,-0.6031089213795116,0
5522,9,1.3623162449474802,-0.524092127813878,0.8617101568603802,-1.4927330336371867,4,0.4408271942828417,1,0,1.1728683366791255,3
5523,7,-0.383111986765481,-1.2515321516691895,1.1880570223382354,-0.6381614806580438,2,-0.6682574493739278,0,0,-1.1321234237799567,3
5524,14,0.9264151505071309,0.868367323790327,-1.4349559089400266,1.7546388676835563,2,-0.6682574493739278,0,1,-0.48974867086513046,1
5525,13,-0.12047701773033298,0.5410593262580249,-1.5899706700420078,1.2418959358960706,4,0.12394586752376466,0,1,-0.6408956715509719,1
5526,2,0.9902500388142728,-0.3176240022311628,1.3104370968924313,-0.7521043543885961,1,-0.6682574493739278,0,0,1.4751623380508085,3
5527,8,0.6510132038105156,-0.21519020349247783,-0.4763119915988266,0.9000673147044134,2,-0.6682574493739278,0,0,-1.585564425837481,1
5528,1,-0.24814679434461676,0.6210857315226723,-0.5986920661530223,1.0140101884349657,2,-0.6682574493739278,0,0,-1.2076969241228774,1
5529,0,0.6473654959072578,0.16733601367230244,0.20085775426772318,0.27338150918637527,2,-0.6682574493739278,0,0,0.7950008349645219,2
5530,11,-1.7838318216197984,-1.4067833778824486,0.18861974681230362,-0.410275733196939,4,2.183674491457765,0,0,-0.41417517052220976,0
5531,11,-1.7838318216197984,-1.4067833778824486,1.0330422612362542,-1.3787901599066343,0,-0.6682574493739278,1,0,0.8705743353074427,3
5532,11,-1.7838318216197984,-1.4067833778824486,-0.8964835809015652,1.2988673727613467,2,-0.6682574493739278,0,0,-0.6408956715509719,1
5533,1,-0.24814679434461676,0.6210857315226723,-0.6680407750670666,1.070981625300242,0,-0.6682574493739278,0,0,-1.4722041753230999,1
5534,8,0.6510132038105156,-0.21519020349247783,1.3879444774434218,-1.4927330336371867,1,-0.6682574493739278,1,0,1.5507358383937293,3
5535,10,-0.17336878232770134,-0.10715455638531189,0.12742970953520574,0.3303529460516515,0,-0.6682574493739278,0,0,0.7950008349645219,2
5536,5,-0.47612853829875046,-1.599647014570184,1.0615976119655666,-1.3787901599066343,2,-0.6682574493739278,1,0,1.097294836336205,3
5537,3,-1.4828959196003133,-1.3459633098813757,-1.4308765731215534,1.7546388676835563,0,-0.6682574493739278,0,0,0.1904128322211561,1
5538,2,0.9902500388142728,-0.3176240022311628,0.13966771699062533,0.3303529460516515,0,-0.6682574493739278,0,0,1.3995888377078878,2
5539,13,-0.12047701773033298,0.5410593262580249,0.3477138437327581,-0.5811900437927676,4,1.0745898478009956,0,0,-1.2076969241228774,0
5540,2,0.9902500388142728,-0.3176240022311628,0.4619352466500074,-0.011475675140005663,1,-0.6682574493739278,0,1,-1.5099909254945603,2
5541,10,-0.17336878232770134,-0.10715455638531189,1.3797858058064754,-0.8660472281191486,0,-0.6682574493739278,0,1,0.492706833592839,3
5542,0,0.6473654959072578,0.16733601367230244,-1.0229429912742343,0.7291530041085849,3,1.0745898478009956,0,0,1.62630933873665,1
5543,3,-1.4828959196003133,-1.3459633098813757,1.689815328010438,-1.1509044124455294,1,-0.6682574493739278,0,1,-1.5099909254945603,3
5544,4,0.30995251485512954,0.3914099484132469,-1.3125758343858307,1.640695993953004,1,-0.6682574493739278,0,0,0.908361085478903,1
5545,4,0.30995251485512954,0.3914099484132469,-1.296258491111938,1.640695993953004,0,-0.6682574493739278,0,0,-0.754255922065353,1
5546,9,1.3623162449474802,-0.524092127813878,0.0988743588058934,0.3303529460516515,1,-0.6682574493739278,0,0,-0.754255922065353,2
5547,13,-0.12047701773033298,0.5410593262580249,-0.6027714019714955,0.3303529460516515,4,1.0745898478009956,0,1,-0.9054029227511945,2
5548,14,0.9264151505071309,0.868367323790327,-0.7292308123441644,1.1279530621655183,1,-0.6682574493739278,0,0,-0.07409441897906646,1
5549,3,-1.4828959196003133,-1.3459633098813757,1.6408632981887596,-1.0939329755802534,0,-0.6682574493739278,0,0,1.3618020875364274,3
5550,13,-0.12047701773033298,0.5410593262580249,-0.7700241705288964,1.1849244990307943,0,-0.6682574493739278,0,0,0.26598633256407683,1
5551,12,-2.008165857670674,1.9735319804944969,0.7678854330354967,-1.1509044124455294,2,-0.6682574493739278,1,1,-0.754255922065353,3
5552,0,0.6473654959072578,0.16733601367230244,1.5307212310899836,-0.9799901018497009,2,-0.6682574493739278,0,0,0.6438538342786805,3
5553,10,-0.17336878232770134,-0.10715455638531189,-1.443114580576973,1.8116103045488325,0,-0.6682574493739278,0,0,0.11483933187823536,1
5554,11,-1.7838318216197984,-1.4067833778824486,0.4456179033761147,-0.6381614806580438,3,-0.35137612261485085,0,0,-1.2832704244657982,0
5555,3,-1.4828959196003133,-1.3459633098813757,0.8494721494049606,-0.3533042963316628,1,-0.6682574493739278,0,0,-1.0943366736084963,2
5556,6,0.23335064888652038,1.3893392220629235,1.4368965072651,-1.4927330336371867,4,1.0745898478009956,0,1,0.3037730827355372,3
5557,4,0.30995251485512954,0.3914099484132469,0.6740607092106133,-0.18238998573583423,1,-0.6682574493739278,0,0,-0.4519619206936701,2
5558,14,0.9264151505071309,0.868367323790327,0.6903780524845061,-0.8660472281191486,4,0.2823865309033032,0,0,-0.8676161725797341,0
5559,13,-0.12047701773033298,0.5410593262580249,0.7393300823061845,-1.4927330336371867,3,1.3914711745600725,1,0,0.8327875851359823,3
5560,13,-0.12047701773033298,0.5410593262580249,-0.0846957530254002,-0.18238998573583423,3,0.2823865309033032,0,0,1.2106550868505859,2
5561,2,0.9902500388142728,-0.3176240022311628,1.7142913429212772,-1.1509044124455294,2,-0.6682574493739278,0,0,1.4751623380508085,3
5562,13,-0.12047701773033298,0.5410593262580249,0.6414260226628279,-0.12541854887055803,0,-0.6682574493739278,0,1,-0.9431896729226549,2
5563,3,-1.4828959196003133,-1.3459633098813757,0.31099982136649934,-1.3787901599066343,3,-0.5098167859943894,1,0,0.15262608204969574,3
5564,8,0.6510132038105156,-0.21519020349247783,0.4700939182869538,-0.69513291752332,3,-0.03449479585577385,0,1,0.07705258170677501,0
5565,14,0.9264151505071309,0.868367323790327,0.8168374628571751,-0.9799901018497009,3,-0.03449479585577385,0,1,-1.4722041753230999,3
5566,6,0.23335064888652038,1.3893392220629235,0.38850720191749,-0.5811900437927676,3,2.3421151548373036,0,0,0.9461478356503634,0
5567,2,0.9902500388142728,-0.3176240022311628,0.7148540673953453,-0.23936142260111043,0,-0.6682574493739278,0,0,-1.5477776756660206,2
5568,2,0.9902500388142728,-0.3176240022311628,-0.9984669763633951,1.355838809626623,2,-0.6682574493739278,0,0,-1.4722041753230999,1
5569,4,0.30995251485512954,0.3914099484132469,-0.5742160512421831,0.10246719859054672,0,-0.6682574493739278,1,0,1.097294836336205,2
5570,7,-0.383111986765481,-1.2515321516691895,-1.5247012969464366,1.1849244990307943,3,1.0745898478009956,0,0,-1.6233511760089414,1
5571,2,0.9902500388142728,-0.3176240022311628,1.7061326712843308,-1.4927330336371867,3,-0.03449479585577385,0,0,0.0014790813638542722,3
5572,12,-2.008165857670674,1.9735319804944969,-0.10509243211776616,-0.9799901018497009,3,-0.03449479585577385,1,0,-0.036307668807606094,3
5573,11,-1.7838318216197984,-1.4067833778824486,0.6332673510258815,-0.8090757912538723,4,2.3421151548373036,0,0,-0.2630281698363683,0
5574,10,-0.17336878232770134,-0.10715455638531189,-0.8230555361690478,0.5012672566474801,3,1.2330305111805342,0,0,0.5304935837642993,1
5575,15,1.2547088618011146,0.6610989341549391,-1.3084964985673575,0.9570387515696896,4,1.2330305111805342,0,0,-1.4722041753230999,1
5576,0,0.6473654959072578,0.16733601367230244,1.608228611640974,-1.4927330336371867,1,-0.6682574493739278,1,0,0.0014790813638542722,3
5577,7,-0.383111986765481,-1.2515321516691895,-0.8842455734461457,1.2418959358960706,2,-0.6682574493739278,0,0,1.2484418370220463,1
5578,6,0.23335064888652038,1.3893392220629235,-0.2233931708534887,0.6721815672433087,1,-0.6682574493739278,0,0,-1.0943366736084963,1
5579,9,1.3623162449474802,-0.524092127813878,0.08663635135047383,-0.2963328594663866,4,1.549911837939611,0,1,1.7018828390795706,2
5580,4,0.30995251485512954,0.3914099484132469,-1.4675905954878121,1.8116103045488325,2,-0.6682574493739278,0,0,0.22819958239261645,1
5581,3,-1.4828959196003133,-1.3459633098813757,1.6734979847365452,-1.0939329755802534,0,-0.6682574493739278,0,1,-0.4519619206936701,3
5582,3,-1.4828959196003133,-1.3459633098813757,0.4374592317391683,0.04549576172527053,0,-0.6682574493739278,0,1,1.6640960889081102,2
5583,2,0.9902500388142728,-0.3176240022311628,0.0988743588058934,-0.3533042963316628,3,1.866793164698688,0,0,-0.754255922065353,2
5584,12,-2.008165857670674,1.9735319804944969,-0.8720075659907262,-0.2963328594663866,3,2.3421151548373036,1,0,-0.30081492000782867,2
5585,6,0.23335064888652038,1.3893392220629235,-1.3737658716629286,0.1594386354558229,4,-0.5098167859943894,1,1,-0.8676161725797341,2
5586,5,-0.47612853829875046,-1.599647014570184,0.9596142165037368,-0.4672471700622152,0,-0.6682574493739278,0,1,0.3037730827355372,3
5587,6,0.23335064888652038,1.3893392220629235,0.3354758362773385,0.1594386354558229,2,-0.6682574493739278,0,0,-0.4519619206936701,2
5588,9,1.3623162449474802,-0.524092127813878,-0.5823747228791295,0.3303529460516515,4,0.2823865309033032,0,0,-1.358843924808719,2
5589,10,-0.17336878232770134,-0.10715455638531189,-1.1616404091023227,0.6721815672433087,2,-0.6682574493739278,1,0,-0.41417517052220976,1
5590,0,0.6473654959072578,0.16733601367230244,0.04584299316574192,0.38732438291692767,1,-0.6682574493739278,0,0,0.7194273346216012,2
5591,11,-1.7838318216197984,-1.4067833778824486,1.3349131118032704,-0.8090757912538723,1,-0.6682574493739278,0,0,1.2106550868505859,3
5592,4,0.30995251485512954,0.3914099484132469,-0.5742160512421831,0.9570387515696896,0,-0.6682574493739278,0,0,-0.036307668807606094,1
5593,7,-0.383111986765481,-1.2515321516691895,0.5516806346564176,-0.06844711200528185,0,-0.6682574493739278,0,1,0.0014790813638542722,2
5594,4,0.30995251485512954,0.3914099484132469,-1.659319378956052,1.982524615144661,0,-0.6682574493739278,0,0,1.4751623380508085,1
5595,11,-1.7838318216197984,-1.4067833778824486,-0.9413562749047704,0.6152101303780324,3,0.5992678576623801,0,1,-0.48974867086513046,1
5596,2,0.9902500388142728,-0.3176240022311628,-1.0147843196372879,-0.12541854887055803,3,1.0745898478009956,1,1,0.3037730827355372,2
5597,14,0.9264151505071309,0.868367323790327,-0.741468819799584,0.27338150918637527,2,-0.6682574493739278,1,0,-1.2076969241228774,2
5598,4,0.30995251485512954,0.3914099484132469,-0.37024926031852357,0.10246719859054672,3,0.7577085210419187,0,0,0.07705258170677501,2
5599,8,0.6510132038105156,-0.21519020349247783,1.5348005669084568,-1.4927330336371867,4,1.7083525013191496,1,0,0.9461478356503634,3
5600,7,-0.383111986765481,-1.2515321516691895,1.5511179101823496,-0.9799901018497009,0,-0.6682574493739278,0,0,-1.1321234237799567,3
5601,1,-0.24814679434461676,0.6210857315226723,0.0050496349810100075,0.4442958197822039,2,-0.6682574493739278,0,0,0.6438538342786805,2
5602,14,0.9264151505071309,0.868367323790327,-0.16220313357639082,-0.06844711200528185,4,1.866793164698688,0,1,-1.6611379261804018,2
5603,12,-2.008165857670674,1.9735319804944969,-1.1738784165577423,1.5267531202224516,0,-0.6682574493739278,0,0,-1.4722041753230999,1
5604,1,-0.24814679434461676,0.6210857315226723,1.6734979847365452,-1.0939329755802534,2,-0.6682574493739278,0,0,-0.9054029227511945,3
5605,1,-0.24814679434461676,0.6210857315226723,1.6367839623702864,-1.0939329755802534,0,-0.6682574493739278,0,0,0.07705258170677501,3
5606,14,0.9264151505071309,0.868367323790327,-0.4559153125064606,-0.011475675140005663,2,-0.6682574493739278,1,0,-1.056549923437036,2
5607,5,-0.47612853829875046,-1.599647014570184,0.3395551720958117,-0.5811900437927676,3,1.7083525013191496,0,0,0.11483933187823536,0
5608,2,0.9902500388142728,-0.3176240022311628,0.8861861717712193,-0.3533042963316628,2,-0.6682574493739278,0,0,1.62630933873665,2
5609,3,-1.4828959196003133,-1.3459633098813757,0.8168374628571751,-0.2963328594663866,0,-0.6682574493739278,0,0,-0.036307668807606094,2
5610,7,-0.383111986765481,-1.2515321516691895,-0.7047547974333253,0.4442958197822039,4,2.500555818216842,0,0,-0.9431896729226549,2
5611,9,1.3623162449474802,-0.524092127813878,0.18454041099383042,0.27338150918637527,2,-0.6682574493739278,0,0,0.908361085478903,2
5612,8,0.6510132038105156,-0.21519020349247783,-1.1290057225545371,-0.06844711200528185,3,1.3914711745600725,1,1,-0.338601670179289,2
5613,14,0.9264151505071309,0.868367323790327,0.7882821121278627,-0.2963328594663866,1,-0.6682574493739278,0,1,0.15262608204969574,2
5614,15,1.2547088618011146,0.6610989341549391,-0.7333101481626376,1.1279530621655183,0,-0.6682574493739278,0,0,-1.585564425837481,1
5615,14,0.9264151505071309,0.868367323790327,-0.5986920661530223,1.0140101884349657,1,-0.6682574493739278,0,0,-1.1321234237799567,1
5616,13,-0.12047701773033298,0.5410593262580249,0.8984241792266389,-1.4927330336371867,4,-0.03449479585577385,1,0,-1.6989246763518622,3
5617,9,1.3623162449474802,-0.524092127813878,-1.2799411478380451,0.10246719859054672,3,-0.5098167859943894,1,0,-1.2454836742943378,2
5618,2,0.9902500388142728,-0.3176240022311628,-0.867928230172253,0.5582386935127562,3,-0.35137612261485085,0,0,1.324015337364967,1
5619,15,1.2547088618011146,0.6610989341549391,0.3273171646403921,0.1594386354558229,1,-0.6682574493739278,0,0,-0.5275354210365908,2
5620,8,0.6510132038105156,-0.21519020349247783,1.2655644028892261,-1.4927330336371867,3,2.183674491457765,1,1,1.324015337364967,3
5621,6,0.23335064888652038,1.3893392220629235,-0.6884374541594325,1.070981625300242,2,-0.6682574493739278,0,1,1.4751623380508085,1
5622,15,1.2547088618011146,0.6610989341549391,1.3185957685293777,-0.8090757912538723,2,-0.6682574493739278,0,0,1.2106550868505859,3
5623,3,-1.4828959196003133,-1.3459633098813757,1.5266418952715104,-1.4927330336371867,3,-0.19293545923531236,0,0,0.15262608204969574,3
5624,14,0.9264151505071309,0.868367323790327,-0.5986920661530223,0.3303529460516515,4,1.549911837939611,0,1,-1.4344174251516395,2
5625,8,0.6510132038105156,-0.21519020349247783,-1.0107049838188147,0.7291530041085849,4,0.4408271942828417,0,0,-0.41417517052220976,1
5626,1,-0.24814679434461676,0.6210857315226723,1.6041492758225009,-1.4927330336371867,4,2.0252338280782265,0,0,1.4751623380508085,3
5627,14,0.9264151505071309,0.868367323790327,-0.7169928048887448,0.4442958197822039,4,2.183674491457765,0,0,0.8327875851359823,2
5628,10,-0.17336878232770134,-0.10715455638531189,-1.0229429912742343,1.4128102464918992,0,-0.6682574493739278,0,1,-0.4519619206936701,1
5629,13,-0.12047701773033298,0.5410593262580249,-1.7123507445962036,0.5012672566474801,3,0.5992678576623801,1,0,1.324015337364967,1
5630,0,0.6473654959072578,0.16733601367230244,-0.721072140707218,1.1279530621655183,2,-0.6682574493739278,0,0,1.7018828390795706,1
5631,15,1.2547088618011146,0.6610989341549391,0.13558838117215213,-0.5242186069274913,0,-0.6682574493739278,1,0,0.6438538342786805,0
5632,9,1.3623162449474802,-0.524092127813878,-0.2764245364936402,0.7291530041085849,2,-0.6682574493739278,0,0,-0.5275354210365908,1
5633,14,0.9264151505071309,0.868367323790327,-0.10509243211776616,-0.12541854887055803,3,-0.35137612261485085,0,1,0.492706833592839,2
5634,2,0.9902500388142728,-0.3176240022311628,-1.4390352447584998,1.8116103045488325,0,-0.6682574493739278,0,0,-0.2252414196649079,1
5635,15,1.2547088618011146,0.6610989341549391,-1.7082714087777304,2.0394960520099374,1,-0.6682574493739278,0,1,0.7950008349645219,1
5636,0,0.6473654959072578,0.16733601367230244,1.4899278729052516,-0.9230186649844248,2,-0.6682574493739278,0,0,1.6640960889081102,3
5637,9,1.3623162449474802,-0.524092127813878,0.5679979779303104,-1.4927330336371867,3,-0.19293545923531236,1,0,-0.338601670179289,3
5638,15,1.2547088618011146,0.6610989341549391,-0.7292308123441644,1.1279530621655183,0,-0.6682574493739278,0,0,-1.4722041753230999,1
5639,6,0.23335064888652038,1.3893392220629235,0.7801234404909163,-1.1509044124455294,0,-0.6682574493739278,1,0,-0.07409441897906646,3
5640,15,1.2547088618011146,0.6610989341549391,0.35179317955123124,-0.5811900437927676,3,0.5992678576623801,0,0,0.4171333332499183,0
5641,9,1.3623162449474802,-0.524092127813878,0.3395551720958117,-0.5811900437927676,4,-0.03449479585577385,0,0,0.1904128322211561,0
5642,9,1.3623162449474802,-0.524092127813878,0.4823319257423734,-0.011475675140005663,2,-0.6682574493739278,0,1,-0.6031089213795116,2
5643,0,0.6473654959072578,0.16733601367230244,-1.4675905954878121,1.8116103045488325,0,-0.6682574493739278,0,0,0.8327875851359823,1
5644,9,1.3623162449474802,-0.524092127813878,-0.5742160512421831,0.9570387515696896,2,-0.6682574493739278,0,0,0.4171333332499183,1
5645,12,-2.008165857670674,1.9735319804944969,0.18861974681230362,0.27338150918637527,0,-0.6682574493739278,0,1,-0.4519619206936701,2
5646,14,0.9264151505071309,0.868367323790327,1.5715145892747155,-1.036961538714977,0,-0.6682574493739278,0,0,1.6640960889081102,3
5647,13,-0.12047701773033298,0.5410593262580249,-1.6552400431375789,1.2988673727613467,4,0.7577085210419187,0,0,0.07705258170677501,1
5648,2,0.9902500388142728,-0.3176240022311628,1.7387673578321163,-1.1509044124455294,2,-0.6682574493739278,0,0,0.492706833592839,3
5649,7,-0.383111986765481,-1.2515321516691895,1.6000699400040277,-1.4927330336371867,2,-0.6682574493739278,1,0,-1.3966306749801791,3
5650,5,-0.47612853829875046,-1.599647014570184,-1.1086090434621712,1.4697816833571753,1,-0.6682574493739278,0,0,0.22819958239261645,1
5651,8,0.6510132038105156,-0.21519020349247783,0.1478263886275717,-0.3533042963316628,4,-0.35137612261485085,0,0,-0.30081492000782867,2
5652,7,-0.383111986765481,-1.2515321516691895,0.6577433659367206,-1.036961538714977,2,-0.6682574493739278,1,1,-0.338601670179289,3
5653,13,-0.12047701773033298,0.5410593262580249,1.3104370968924313,-1.4357615967719104,3,1.0745898478009956,0,0,-0.2630281698363683,3
5654,12,-2.008165857670674,1.9735319804944969,1.159501671608923,-0.6381614806580438,0,-0.6682574493739278,0,0,0.6060670841072201,3
5655,14,0.9264151505071309,0.868367323790327,-0.4151219543217287,0.1594386354558229,3,1.866793164698688,0,0,-0.5653221712080512,2
5656,6,0.23335064888652038,1.3893392220629235,-0.721072140707218,0.27338150918637527,0,-0.6682574493739278,1,0,0.34155983290699754,2
5657,11,-1.7838318216197984,-1.4067833778824486,-0.892404245083092,0.6152101303780324,4,1.7083525013191496,0,0,-0.18745466949344755,1
5658,3,-1.4828959196003133,-1.3459633098813757,1.1635810074273962,-1.4927330336371867,0,-0.6682574493739278,1,0,1.0595080861647446,3
5659,15,1.2547088618011146,0.6610989341549391,-1.039260334548127,0.7291530041085849,3,0.2823865309033032,0,0,-1.169910173951417,1
5660,5,-0.47612853829875046,-1.599647014570184,-0.9739909614525559,-0.18238998573583423,4,1.0745898478009956,1,0,1.6640960889081102,2
5661,0,0.6473654959072578,0.16733601367230244,-1.2677031403826258,0.786124440973861,2,-0.6682574493739278,1,0,1.0595080861647446,1
5662,15,1.2547088618011146,0.6610989341549391,-0.8556902227168334,1.2418959358960706,0,-0.6682574493739278,0,0,0.34155983290699754,1
5663,7,-0.383111986765481,-1.2515321516691895,1.4899278729052516,-0.9230186649844248,0,-0.6682574493739278,0,0,1.1728683366791255,3
5664,13,-0.12047701773033298,0.5410593262580249,0.3436345079142849,0.10246719859054672,1,-0.6682574493739278,0,0,1.7018828390795706,2
5665,0,0.6473654959072578,0.16733601367230244,-1.4553525880323925,1.8116103045488325,2,-0.6682574493739278,0,0,-1.2832704244657982,1
5666,1,-0.24814679434461676,0.6210857315226723,0.1070330304428398,-1.2078758493108057,4,0.7577085210419187,1,0,0.6438538342786805,3
5667,3,-1.4828959196003133,-1.3459633098813757,-0.9658322898156095,1.355838809626623,0,-0.6682574493739278,0,0,1.7018828390795706,1
5668,10,-0.17336878232770134,-0.10715455638531189,0.2375717766339819,-0.6381614806580438,0,-0.6682574493739278,1,0,1.5507358383937293,0
5669,15,1.2547088618011146,0.6610989341549391,-0.9984669763633951,-0.18238998573583423,3,1.866793164698688,1,0,-1.0187631732655755,2
5670,13,-0.12047701773033298,0.5410593262580249,-0.8516108868983602,0.5582386935127562,4,2.183674491457765,0,1,-0.5653221712080512,1
5671,7,-0.383111986765481,-1.2515321516691895,0.19677841844925,-0.410275733196939,3,0.7577085210419187,0,0,1.5507358383937293,0
5672,9,1.3623162449474802,-0.524092127813878,-1.0311016629111807,1.4128102464918992,1,-0.6682574493739278,0,0,0.45492008342137863,1
5673,15,1.2547088618011146,0.6610989341549391,-0.35801125286310403,0.10246719859054672,4,2.183674491457765,0,0,-0.036307668807606094,2
5674,1,-0.24814679434461676,0.6210857315226723,1.069756283602513,-0.5242186069274913,1,-0.6682574493739278,0,0,0.45492008342137863,3
5675,5,-0.47612853829875046,-1.599647014570184,-1.4961459462171245,1.8116103045488325,2,-0.6682574493739278,0,0,1.62630933873665,1
5676,7,-0.383111986765481,-1.2515321516691895,1.0004075746884686,-0.4672471700622152,0,-0.6682574493739278,0,0,0.3037730827355372,3
5677,5,-0.47612853829875046,-1.599647014570184,-0.9576736181786631,0.6721815672433087,4,1.866793164698688,0,1,1.62630933873665,1
5678,8,0.6510132038105156,-0.21519020349247783,1.710212007102804,-1.4927330336371867,3,-0.19293545923531236,0,0,0.0014790813638542722,3
5679,6,0.23335064888652038,1.3893392220629235,-1.6185260207713201,1.9255531782793849,1,-0.6682574493739278,0,1,-0.30081492000782867,1
5680,2,0.9902500388142728,-0.3176240022311628,-0.9617529539971363,1.355838809626623,1,-0.6682574493739278,0,0,-0.11188116915052682,1
5681,1,-0.24814679434461676,0.6210857315226723,0.15598506026451808,-0.5811900437927676,2,-0.6682574493739278,1,1,0.4171333332499183,0
5682,12,-2.008165857670674,1.9735319804944969,0.6006326644780959,-0.8090757912538723,4,-0.5098167859943894,0,0,1.097294836336205,0
5683,7,-0.383111986765481,-1.2515321516691895,0.3803485302805436,0.10246719859054672,0,-0.6682574493739278,0,0,-0.6031089213795116,2
5684,1,-0.24814679434461676,0.6210857315226723,0.049922328984215114,0.38732438291692767,1,-0.6682574493739278,0,0,-0.18745466949344755,2
5685,7,-0.383111986765481,-1.2515321516691895,1.0126455821438882,-0.5242186069274913,1,-0.6682574493739278,0,0,1.2106550868505859,3
5686,0,0.6473654959072578,0.16733601367230244,-1.320734506022777,0.1594386354558229,3,-0.5098167859943894,1,1,0.0014790813638542722,2
5687,3,-1.4828959196003133,-1.3459633098813757,-1.638922699863686,1.2988673727613467,4,1.0745898478009956,0,0,1.3995888377078878,1
5688,8,0.6510132038105156,-0.21519020349247783,1.3797858058064754,-1.4927330336371867,3,1.866793164698688,1,0,-0.5653221712080512,3
5689,5,-0.47612853829875046,-1.599647014570184,0.8617101568603802,-1.036961538714977,3,1.3914711745600725,0,0,1.0217213359932842,3
5690,13,-0.12047701773033298,0.5410593262580249,-0.20707582757959594,-0.06844711200528185,4,2.183674491457765,0,0,0.9839345858218238,2
5691,12,-2.008165857670674,1.9735319804944969,-0.4722326557803534,0.9000673147044134,0,-0.6682574493739278,0,0,1.2106550868505859,1
5692,3,-1.4828959196003133,-1.3459633098813757,-1.2840204836565183,0.786124440973861,2,-0.6682574493739278,1,1,0.3793465830784579,1
5693,3,-1.4828959196003133,-1.3459633098813757,1.477689865449832,-0.9230186649844248,2,-0.6682574493739278,0,1,-0.338601670179289,3
5694,11,-1.7838318216197984,-1.4067833778824486,-1.2228304463794206,0.9000673147044134,3,0.9161491844214572,0,0,-0.4519619206936701,1
5695,2,0.9902500388142728,-0.3176240022311628,1.6163872832779205,-1.036961538714977,0,-0.6682574493739278,0,0,0.0014790813638542722,3
5696,15,1.2547088618011146,0.6610989341549391,-0.42328062595867505,-0.69513291752332,3,2.183674491457765,1,0,-0.6031089213795116,0
5697,14,0.9264151505071309,0.868367323790327,1.1064703059687717,-1.2648472861760818,3,1.866793164698688,0,0,1.6640960889081102,3
5698,12,-2.008165857670674,1.9735319804944969,1.110549641787245,-1.4357615967719104,1,-0.6682574493739278,1,0,-0.6031089213795116,3
5699,7,-0.383111986765481,-1.2515321516691895,-1.169799080739269,1.5267531202224516,0,-0.6682574493739278,0,0,0.3793465830784579,1
5700,0,0.6473654959072578,0.16733601367230244,0.9392175374113708,-1.2648472861760818,1,-0.6682574493739278,1,1,-1.4722041753230999,3
5701,14,0.9264151505071309,0.868367323790327,-0.635406088519281,0.3303529460516515,3,1.3914711745600725,0,1,-1.2076969241228774,2
5702,7,-0.383111986765481,-1.2515321516691895,0.45785591083153426,-0.6381614806580438,4,0.9161491844214572,0,0,-0.8676161725797341,0
5703,13,-0.12047701773033298,0.5410593262580249,0.38850720191749,-0.5811900437927676,3,1.7083525013191496,0,0,-0.07409441897906646,0
5704,0,0.6473654959072578,0.16733601367230244,1.220691708886021,-0.69513291752332,1,-0.6682574493739278,0,0,-0.5653221712080512,3
5705,2,0.9902500388142728,-0.3176240022311628,0.5476012988379444,-0.06844711200528185,2,-0.6682574493739278,0,0,-1.3210571746372586,2
5706,7,-0.383111986765481,-1.2515321516691895,0.6944573883029793,-0.18238998573583423,1,-0.6682574493739278,0,0,0.4171333332499183,2
5707,3,-1.4828959196003133,-1.3459633098813757,0.21309576172314276,0.27338150918637527,1,-0.6682574493739278,0,1,-1.5477776756660206,2
5708,7,-0.383111986765481,-1.2515321516691895,-0.05206106647761467,0.5012672566474801,2,-0.6682574493739278,0,0,-0.5275354210365908,1
5709,3,-1.4828959196003133,-1.3459633098813757,0.16006439608299128,-0.5811900437927676,0,-0.6682574493739278,1,0,0.6060670841072201,0
5710,5,-0.47612853829875046,-1.599647014570184,-0.8230555361690478,1.1849244990307943,2,-0.6682574493739278,0,0,1.2106550868505859,1
5711,1,-0.24814679434461676,0.6210857315226723,-0.6517234317931738,1.070981625300242,2,-0.6682574493739278,0,1,-1.585564425837481,1
5712,9,1.3623162449474802,-0.524092127813878,0.6128706719335155,-0.8090757912538723,3,2.3421151548373036,0,0,0.039265831535314634,0
5713,2,0.9902500388142728,-0.3176240022311628,-1.3492898567520895,1.0140101884349657,4,1.7083525013191496,0,0,-1.0943366736084963,1
5714,13,-0.12047701773033298,0.5410593262580249,-0.5252640214205049,0.9570387515696896,0,-0.6682574493739278,0,0,-0.41417517052220976,1
5715,9,1.3623162449474802,-0.524092127813878,1.4532138505389929,-1.4927330336371867,4,2.0252338280782265,1,0,-1.0187631732655755,3
5716,15,1.2547088618011146,0.6610989341549391,-0.37432859613699676,0.10246719859054672,3,0.12394586752376466,0,0,0.5304935837642993,2
5717,15,1.2547088618011146,0.6610989341549391,0.049922328984215114,0.38732438291692767,2,-0.6682574493739278,0,0,-1.5099909254945603,2
5718,2,0.9902500388142728,-0.3176240022311628,-1.4064005582107142,1.7546388676835563,2,-0.6682574493739278,0,0,1.324015337364967,1
5719,9,1.3623162449474802,-0.524092127813878,0.474173254105427,-0.011475675140005663,1,-0.6682574493739278,0,0,-0.754255922065353,2
5720,13,-0.12047701773033298,0.5410593262580249,-1.0229429912742343,1.4128102464918992,0,-0.6682574493739278,0,0,0.9839345858218238,1
5721,6,0.23335064888652038,1.3893392220629235,-1.1738784165577423,1.5267531202224516,1,-0.6682574493739278,0,0,0.5304935837642993,1
5722,4,0.30995251485512954,0.3914099484132469,1.6449426340072328,-1.0939329755802534,0,-0.6682574493739278,0,1,1.324015337364967,3
5723,0,0.6473654959072578,0.16733601367230244,-1.1290057225545371,1.4697816833571753,2,-0.6682574493739278,0,0,-1.0943366736084963,1
5724,3,-1.4828959196003133,-1.3459633098813757,0.11519170207978617,-0.5242186069274913,0,-0.6682574493739278,1,0,0.6060670841072201,0
5725,15,1.2547088618011146,0.6610989341549391,-0.9903083047264487,0.5012672566474801,0,-0.6682574493739278,1,0,1.324015337364967,1
5726,7,-0.383111986765481,-1.2515321516691895,-0.48039132741729973,0.2164100723210991,3,-0.19293545923531236,0,0,0.5304935837642993,2
5727,0,0.6473654959072578,0.16733601367230244,1.6123079474594473,-1.036961538714977,2,-0.6682574493739278,0,0,1.5885225885651897,3
5728,8,0.6510132038105156,-0.21519020349247783,-1.5083839536725439,1.0140101884349657,1,-0.6682574493739278,1,0,1.0217213359932842,1
5729,0,0.6473654959072578,0.16733601367230244,-0.2682658648566938,-0.011475675140005663,3,0.5992678576623801,0,0,0.26598633256407683,2
5730,0,0.6473654959072578,0.16733601367230244,0.8657894926788534,-1.2078758493108057,0,-0.6682574493739278,1,0,-1.2454836742943378,3
5731,14,0.9264151505071309,0.868367323790327,-1.4553525880323925,1.8116103045488325,2,-0.6682574493739278,0,0,-0.6031089213795116,1
5732,3,-1.4828959196003133,-1.3459633098813757,-0.07245774556998062,-0.3533042963316628,0,-0.6682574493739278,1,1,1.3995888377078878,2
5733,9,1.3623162449474802,-0.524092127813878,1.0004075746884686,-1.321818723041358,0,-0.6682574493739278,1,0,0.7572140847930615,3
5734,4,0.30995251485512954,0.3914099484132469,0.13150904535367894,0.3303529460516515,1,-0.6682574493739278,0,0,-1.6989246763518622,2
5735,3,-1.4828959196003133,-1.3459633098813757,1.73060868619517,-1.4927330336371867,3,2.0252338280782265,0,0,-1.4344174251516395,3
5736,3,-1.4828959196003133,-1.3459633098813757,1.367547798351056,-1.4927330336371867,4,2.183674491457765,0,1,-0.6786824217224323,3
5737,7,-0.383111986765481,-1.2515321516691895,1.3430717834402168,-0.8090757912538723,1,-0.6682574493739278,0,1,-0.5275354210365908,3
5738,13,-0.12047701773033298,0.5410593262580249,-0.2152344992165423,0.6721815672433087,0,-0.6682574493739278,0,0,1.0595080861647446,1
5739,8,0.6510132038105156,-0.21519020349247783,-1.443114580576973,1.8116103045488325,0,-0.6682574493739278,0,0,-1.169910173951417,1
5740,9,1.3623162449474802,-0.524092127813878,-1.5818119984050614,1.9255531782793849,2,-0.6682574493739278,0,0,1.2106550868505859,1
5741,15,1.2547088618011146,0.6610989341549391,-0.7904208496212622,1.1849244990307943,1,-0.6682574493739278,0,1,-0.07409441897906646,1
5742,6,0.23335064888652038,1.3893392220629235,-1.7123507445962036,2.0394960520099374,1,-0.6682574493739278,0,0,-0.338601670179289,1
5743,0,0.6473654959072578,0.16733601367230244,1.220691708886021,-1.3787901599066343,3,0.4408271942828417,0,0,1.62630933873665,3
5744,12,-2.008165857670674,1.9735319804944969,-0.9658322898156095,1.355838809626623,1,-0.6682574493739278,0,0,0.6060670841072201,1
5745,10,-0.17336878232770134,-0.10715455638531189,0.4293005601022219,0.04549576172527053,0,-0.6682574493739278,0,1,-0.4519619206936701,2
5746,2,0.9902500388142728,-0.3176240022311628,-1.0596570136404928,1.4128102464918992,1,-0.6682574493739278,0,1,0.8327875851359823,1
5747,15,1.2547088618011146,0.6610989341549391,1.1758190148828158,-1.321818723041358,3,-0.35137612261485085,0,0,1.1728683366791255,3
5748,7,-0.383111986765481,-1.2515321516691895,1.2737230745261725,-0.7521043543885961,0,-0.6682574493739278,0,1,-0.4519619206936701,3
5749,11,-1.7838318216197984,-1.4067833778824486,-0.9617529539971363,-0.18238998573583423,4,1.3914711745600725,1,0,1.0217213359932842,2
5750,4,0.30995251485512954,0.3914099484132469,-1.5043046178540707,1.8685817414141086,0,-0.6682574493739278,0,1,0.5304935837642993,1
5751,3,-1.4828959196003133,-1.3459633098813757,-1.2228304463794206,0.7291530041085849,1,-0.6682574493739278,1,0,-0.3763884203507494,1
5752,0,0.6473654959072578,0.16733601367230244,-0.24378984994585465,-0.011475675140005663,4,0.5992678576623801,0,0,1.5507358383937293,2
5753,13,-0.12047701773033298,0.5410593262580249,0.4048245451913828,0.04549576172527053,0,-0.6682574493739278,0,1,0.7572140847930615,2
5754,13,-0.12047701773033298,0.5410593262580249,-0.8964835809015652,1.2988673727613467,0,-0.6682574493739278,0,0,-0.6786824217224323,1
5755,2,0.9902500388142728,-0.3176240022311628,0.7760441046724431,-1.1509044124455294,2,-0.6682574493739278,1,1,-0.338601670179289,3
5756,14,0.9264151505071309,0.868367323790327,-0.721072140707218,1.1279530621655183,1,-0.6682574493739278,0,1,-1.4722041753230999,1
5757,4,0.30995251485512954,0.3914099484132469,0.8984241792266389,-0.410275733196939,1,-0.6682574493739278,0,0,0.45492008342137863,0
5758,0,0.6473654959072578,0.16733601367230244,0.7311714106692381,-0.23936142260111043,0,-0.6682574493739278,0,0,-0.6786824217224323,2
5759,3,-1.4828959196003133,-1.3459633098813757,1.0044869105069418,-0.4672471700622152,0,-0.6682574493739278,0,0,-0.7920426722368133,3
5760,0,0.6473654959072578,0.16733601367230244,-0.3212972304968453,0.7291530041085849,1,-0.6682574493739278,0,0,-0.11188116915052682,1
5761,0,0.6473654959072578,0.16733601367230244,-0.12140977539165893,-0.12541854887055803,3,0.2823865309033032,0,0,-0.6408956715509719,2
5762,13,-0.12047701773033298,0.5410593262580249,1.5144038878160908,-1.4927330336371867,4,-0.35137612261485085,0,0,-0.30081492000782867,3
5763,0,0.6473654959072578,0.16733601367230244,-0.5334226930574513,0.27338150918637527,4,1.3914711745600725,0,0,1.4373755878793482,2
5764,12,-2.008165857670674,1.9735319804944969,0.7678854330354967,-0.2963328594663866,1,-0.6682574493739278,0,0,-1.2454836742943378,2
5765,9,1.3623162449474802,-0.524092127813878,-0.02350571574830233,0.4442958197822039,2,-0.6682574493739278,0,1,-0.7164691718938927,2
5766,13,-0.12047701773033298,0.5410593262580249,-0.443677305051041,0.8430958778391372,0,-0.6682574493739278,0,0,-0.754255922065353,1
5767,5,-0.47612853829875046,-1.599647014570184,-0.2315518424904351,-0.011475675140005663,3,0.12394586752376466,0,0,-0.2252414196649079,2
5768,2,0.9902500388142728,-0.3176240022311628,0.7107747315768721,-0.9230186649844248,3,1.2330305111805342,0,1,-0.30081492000782867,0
5769,15,1.2547088618011146,0.6610989341549391,1.1268669850611377,-1.2648472861760818,4,2.183674491457765,0,0,0.26598633256407683,3
5770,3,-1.4828959196003133,-1.3459633098813757,-0.15812379775791766,0.6152101303780324,2,-0.6682574493739278,0,1,1.4373755878793482,1
5771,12,-2.008165857670674,1.9735319804944969,-0.15812379775791766,0.6152101303780324,2,-0.6682574493739278,0,1,0.22819958239261645,1
5772,15,1.2547088618011146,0.6610989341549391,1.6204666190963937,-1.4927330336371867,1,-0.6682574493739278,1,0,-1.056549923437036,3
5773,3,-1.4828959196003133,-1.3459633098813757,-0.9903083047264487,1.355838809626623,1,-0.6682574493739278,0,0,-1.5099909254945603,1
5774,10,-0.17336878232770134,-0.10715455638531189,-1.1861164240131619,-0.011475675140005663,3,1.549911837939611,1,0,-1.5099909254945603,2
5775,9,1.3623162449474802,-0.524092127813878,1.1513429999719769,-1.4927330336371867,4,0.12394586752376466,1,0,-0.11188116915052682,3
5776,12,-2.008165857670674,1.9735319804944969,0.8290754703125947,-1.036961538714977,3,0.2823865309033032,0,0,0.3037730827355372,3
5777,6,0.23335064888652038,1.3893392220629235,1.498086544542198,-0.9230186649844248,0,-0.6682574493739278,0,0,-1.2454836742943378,3
5778,11,-1.7838318216197984,-1.4067833778824486,-1.7082714087777304,1.355838809626623,3,1.866793164698688,0,0,-1.1321234237799567,1
5779,3,-1.4828959196003133,-1.3459633098813757,0.5190459481086321,-0.011475675140005663,1,-0.6682574493739278,0,0,1.62630933873665,2
5780,10,-0.17336878232770134,-0.10715455638531189,-0.30497988722295255,0.7291530041085849,0,-0.6682574493739278,0,0,-1.0943366736084963,1
5781,4,0.30995251485512954,0.3914099484132469,-1.0922917001882784,1.4697816833571753,0,-0.6682574493739278,0,0,-1.4344174251516395,1
5782,10,-0.17336878232770134,-0.10715455638531189,1.0819942910579325,-1.2648472861760818,4,2.3421151548373036,0,1,1.7018828390795706,3
5783,4,0.30995251485512954,0.3914099484132469,-1.0596570136404928,0.7291530041085849,4,2.0252338280782265,0,0,-1.0943366736084963,1
5784,6,0.23335064888652038,1.3893392220629235,0.7882821121278627,-1.4927330336371867,4,2.3421151548373036,1,0,-0.6408956715509719,3
5785,10,-0.17336878232770134,-0.10715455638531189,0.06623967225810788,-1.1509044124455294,4,0.2823865309033032,1,1,0.1904128322211561,3
5786,9,1.3623162449474802,-0.524092127813878,-0.9168802599939312,-0.23936142260111043,4,1.2330305111805342,1,0,-1.3210571746372586,2
5787,0,0.6473654959072578,0.16733601367230244,0.18861974681230362,0.27338150918637527,2,-0.6682574493739278,0,0,0.0014790813638542722,2
5788,13,-0.12047701773033298,0.5410593262580249,0.27836513481871383,-1.3787901599066343,4,0.5992678576623801,1,0,-0.6031089213795116,3
5789,12,-2.008165857670674,1.9735319804944969,1.6204666190963937,-1.4927330336371867,3,0.4408271942828417,0,0,-0.9431896729226549,3
5790,1,-0.24814679434461676,0.6210857315226723,-0.30905922304142575,0.7291530041085849,2,-0.6682574493739278,0,0,1.4373755878793482,1
5791,12,-2.008165857670674,1.9735319804944969,1.6123079474594473,-1.4927330336371867,3,2.3421151548373036,1,0,-1.585564425837481,3
5792,1,-0.24814679434461676,0.6210857315226723,-1.532859968583383,1.1849244990307943,4,-0.03449479585577385,0,1,0.7572140847930615,1
5793,2,0.9902500388142728,-0.3176240022311628,0.9759315597776296,-0.4672471700622152,1,-0.6682574493739278,0,0,-0.6408956715509719,3
5794,1,-0.24814679434461676,0.6210857315226723,0.7434094181246577,-1.4927330336371867,3,1.3914711745600725,1,0,-0.5275354210365908,3
5795,4,0.30995251485512954,0.3914099484132469,0.3354758362773385,-0.69513291752332,1,-0.6682574493739278,1,0,0.15262608204969574,0
5796,12,-2.008165857670674,1.9735319804944969,-1.5858913342235346,1.9255531782793849,1,-0.6682574493739278,0,0,0.26598633256407683,1
5797,2,0.9902500388142728,-0.3176240022311628,-0.29274187976753296,0.7291530041085849,1,-0.6682574493739278,0,0,-0.5653221712080512,1
5798,8,0.6510132038105156,-0.21519020349247783,0.559839306293364,-1.4927330336371867,4,1.3914711745600725,1,0,1.0595080861647446,3
5799,8,0.6510132038105156,-0.21519020349247783,-0.2641865290382206,0.6721815672433087,1,-0.6682574493739278,0,0,-1.2454836742943378,1
5800,10,-0.17336878232770134,-0.10715455638531189,-1.4594319238508657,1.1279530621655183,3,0.9161491844214572,0,1,-1.3966306749801791,1
5801,7,-0.383111986765481,-1.2515321516691895,-1.5777326625865882,0.38732438291692767,3,0.5992678576623801,1,0,-1.3210571746372586,2
5802,14,0.9264151505071309,0.868367323790327,1.2492470596153333,-0.69513291752332,2,-0.6682574493739278,0,1,-1.3966306749801791,3
5803,12,-2.008165857670674,1.9735319804944969,-0.2193138350350155,0.6721815672433087,2,-0.6682574493739278,0,0,1.3995888377078878,1
5804,9,1.3623162449474802,-0.524092127813878,-0.16628246939486402,-0.23936142260111043,1,-0.6682574493739278,1,0,0.6060670841072201,2
5805,14,0.9264151505071309,0.868367323790327,-0.5252640214205049,0.27338150918637527,3,1.7083525013191496,0,0,1.62630933873665,2
5806,2,0.9902500388142728,-0.3176240022311628,1.73060868619517,-1.1509044124455294,2,-0.6682574493739278,0,0,1.2484418370220463,3
5807,5,-0.47612853829875046,-1.599647014570184,-0.9413562749047704,1.2988673727613467,2,-0.6682574493739278,0,0,-1.2832704244657982,1
5808,9,1.3623162449474802,-0.524092127813878,-1.422717901484607,0.9000673147044134,2,-0.6682574493739278,1,0,0.8705743353074427,1
5809,14,0.9264151505071309,0.868367323790327,-1.4512732522139193,1.8116103045488325,0,-0.6682574493739278,0,1,-1.6233511760089414,1
5810,2,0.9902500388142728,-0.3176240022311628,1.326754440166324,-1.4927330336371867,2,-0.6682574493739278,1,0,0.07705258170677501,3
5811,9,1.3623162449474802,-0.524092127813878,-1.3860038791183482,0.9000673147044134,0,-0.6682574493739278,1,1,1.0595080861647446,1
5812,5,-0.47612853829875046,-1.599647014570184,0.037684321528795535,0.38732438291692767,1,-0.6682574493739278,0,0,0.1904128322211561,2
5813,5,-0.47612853829875046,-1.599647014570184,-1.0678156852774392,0.7291530041085849,4,1.0745898478009956,0,0,1.4373755878793482,1
5814,6,0.23335064888652038,1.3893392220629235,-1.2595444687456794,1.640695993953004,2,-0.6682574493739278,0,0,1.2862285871935066,1
5815,9,1.3623162449474802,-0.524092127813878,-1.532859968583383,1.1849244990307943,3,1.3914711745600725,0,1,0.11483933187823536,1
5816,14,0.9264151505071309,0.868367323790327,-0.30090055140447935,0.7291530041085849,1,-0.6682574493739278,0,0,-1.5099909254945603,1
5817,5,-0.47612853829875046,-1.599647014570184,-0.8516108868983602,1.2418959358960706,0,-0.6682574493739278,0,0,0.5304935837642993,1
5818,6,0.23335064888652038,1.3893392220629235,-0.12956844702860532,-0.2963328594663866,1,-0.6682574493739278,1,0,0.492706833592839,2
5819,1,-0.24814679434461676,0.6210857315226723,0.08663635135047383,0.38732438291692767,1,-0.6682574493739278,0,1,0.3037730827355372,2
5820,5,-0.47612853829875046,-1.599647014570184,-0.5619780437867635,0.9570387515696896,0,-0.6682574493739278,0,0,1.324015337364967,1
5821,1,-0.24814679434461676,0.6210857315226723,1.1921363581567086,-1.321818723041358,3,2.500555818216842,0,0,1.1728683366791255,3
5822,7,-0.383111986765481,-1.2515321516691895,0.8168374628571751,-0.2963328594663866,0,-0.6682574493739278,0,0,1.62630933873665,2
5823,11,-1.7838318216197984,-1.4067833778824486,1.4491345147205197,-1.4927330336371867,2,-0.6682574493739278,1,0,-1.4344174251516395,3
5824,15,1.2547088618011146,0.6610989341549391,-0.7781828421658428,1.1849244990307943,0,-0.6682574493739278,0,0,0.5304935837642993,1
5825,10,-0.17336878232770134,-0.10715455638531189,0.8494721494049606,-1.036961538714977,3,1.866793164698688,0,0,1.2106550868505859,3
5826,14,0.9264151505071309,0.868367323790327,-1.230989118016367,0.04549576172527053,4,-0.03449479585577385,1,1,0.492706833592839,2
5827,12,-2.008165857670674,1.9735319804944969,1.0248835895993078,-1.4927330336371867,3,1.866793164698688,1,1,-0.18745466949344755,3
5828,8,0.6510132038105156,-0.21519020349247783,-0.4559153125064606,0.8430958778391372,0,-0.6682574493739278,0,0,0.3793465830784579,1
5829,13,-0.12047701773033298,0.5410593262580249,-0.4151219543217287,-0.011475675140005663,1,-0.6682574493739278,1,0,1.097294836336205,2
5830,3,-1.4828959196003133,-1.3459633098813757,-1.7041920729592572,2.0394960520099374,2,-0.6682574493739278,0,0,-0.5275354210365908,1
5831,11,-1.7838318216197984,-1.4067833778824486,-1.2880998194749915,0.9570387515696896,4,2.3421151548373036,0,1,0.0014790813638542722,1
5832,1,-0.24814679434461676,0.6210857315226723,0.033604985710322346,-0.4672471700622152,2,-0.6682574493739278,1,1,-1.5477776756660206,0
5833,14,0.9264151505071309,0.868367323790327,0.1926990826307768,0.27338150918637527,2,-0.6682574493739278,0,0,0.8327875851359823,2
5834,5,-0.47612853829875046,-1.599647014570184,0.15598506026451808,0.27338150918637527,0,-0.6682574493739278,0,0,0.7950008349645219,2
5835,4,0.30995251485512954,0.3914099484132469,-1.3860038791183482,1.070981625300242,3,0.2823865309033032,0,1,1.5507358383937293,1
5836,3,-1.4828959196003133,-1.3459633098813757,-0.5986920661530223,1.0140101884349657,2,-0.6682574493739278,0,0,0.34155983290699754,1
5837,13,-0.12047701773033298,0.5410593262580249,1.0983116343318253,-1.2648472861760818,4,0.5992678576623801,0,1,-1.6989246763518622,3
5838,9,1.3623162449474802,-0.524092127813878,1.049359604510147,-0.5242186069274913,2,-0.6682574493739278,0,0,-1.2454836742943378,3
5839,15,1.2547088618011146,0.6610989341549391,0.3803485302805436,-0.7521043543885961,0,-0.6682574493739278,1,0,-1.0943366736084963,0
5840,9,1.3623162449474802,-0.524092127813878,1.1391049925165573,-0.6381614806580438,2,-0.6682574493739278,0,1,-1.358843924808719,3
5841,13,-0.12047701773033298,0.5410593262580249,-0.7700241705288964,1.1849244990307943,0,-0.6682574493739278,0,0,-0.7164691718938927,1
5842,5,-0.47612853829875046,-1.599647014570184,1.0615976119655666,-0.5242186069274913,0,-0.6682574493739278,0,0,0.5304935837642993,3
5843,14,0.9264151505071309,0.868367323790327,1.3553097908956364,-1.4927330336371867,3,-0.35137612261485085,1,0,1.3618020875364274,3
5844,14,0.9264151505071309,0.868367323790327,-0.4110426185032555,0.8430958778391372,2,-0.6682574493739278,0,1,-1.3966306749801791,1
5845,0,0.6473654959072578,0.16733601367230244,1.0819942910579325,-1.2648472861760818,3,0.7577085210419187,0,0,1.0217213359932842,3
5846,8,0.6510132038105156,-0.21519020349247783,0.2375717766339819,0.2164100723210991,2,-0.6682574493739278,0,0,-1.2076969241228774,2
5847,5,-0.47612853829875046,-1.599647014570184,1.3797858058064754,-1.4927330336371867,0,-0.6682574493739278,1,0,-1.2076969241228774,3
5848,3,-1.4828959196003133,-1.3459633098813757,0.7311714106692381,-0.23936142260111043,0,-0.6682574493739278,0,0,-1.358843924808719,2
5849,9,1.3623162449474802,-0.524092127813878,0.19677841844925,-0.410275733196939,4,2.0252338280782265,0,0,0.5682803339357597,0
5850,0,0.6473654959072578,0.16733601367230244,-1.6837953938668913,2.0394960520099374,1,-0.6682574493739278,0,1,1.1728683366791255,1
5851,0,0.6473654959072578,0.16733601367230244,-0.07245774556998062,0.5012672566474801,1,-0.6682574493739278,0,0,-1.6233511760089414,1
5852,2,0.9902500388142728,-0.3176240022311628,1.7265293503766967,-1.1509044124455294,2,-0.6682574493739278,0,0,1.2862285871935066,3
5853,5,-0.47612853829875046,-1.599647014570184,-1.14532306582843,0.8430958778391372,3,-0.19293545923531236,0,1,1.3618020875364274,1
5854,14,0.9264151505071309,0.868367323790327,-1.0922917001882784,0.786124440973861,3,-0.03449479585577385,0,0,0.3793465830784579,1
5855,4,0.30995251485512954,0.3914099484132469,-0.2152344992165423,0.6721815672433087,1,-0.6682574493739278,0,0,-0.6031089213795116,1
5856,4,0.30995251485512954,0.3914099484132469,-0.721072140707218,1.1279530621655183,1,-0.6682574493739278,0,0,-1.2076969241228774,1
5857,5,-0.47612853829875046,-1.599647014570184,-0.5089466781466121,0.9000673147044134,2,-0.6682574493739278,0,0,-0.8298294224082737,1
5858,1,-0.24814679434461676,0.6210857315226723,-1.3044171627488843,1.640695993953004,1,-0.6682574493739278,0,0,0.0014790813638542722,1
5859,1,-0.24814679434461676,0.6210857315226723,-1.6430020356821593,1.2988673727613467,3,-0.19293545923531236,0,0,0.3793465830784579,1
5860,7,-0.383111986765481,-1.2515321516691895,1.4695311938128857,-0.9230186649844248,0,-0.6682574493739278,0,1,-0.3763884203507494,3
5861,4,0.30995251485512954,0.3914099484132469,-0.6517234317931738,0.2164100723210991,0,-0.6682574493739278,1,0,1.5507358383937293,2
5862,4,0.30995251485512954,0.3914099484132469,0.922900194137478,-0.410275733196939,1,-0.6682574493739278,0,0,-1.0187631732655755,0
5863,4,0.30995251485512954,0.3914099484132469,0.6985367241214525,-1.4927330336371867,4,0.7577085210419187,1,1,1.3618020875364274,3
5864,14,0.9264151505071309,0.868367323790327,1.5103245519976176,-1.4927330336371867,0,-0.6682574493739278,1,0,1.7018828390795706,3
5865,11,-1.7838318216197984,-1.4067833778824486,0.8413134777680142,-0.3533042963316628,0,-0.6682574493739278,0,0,0.7950008349645219,2
5866,13,-0.12047701773033298,0.5410593262580249,-0.06021973811456105,-0.3533042963316628,1,-0.6682574493739278,1,0,-1.2832704244657982,2
5867,5,-0.47612853829875046,-1.599647014570184,1.1962156939751818,-0.69513291752332,1,-0.6682574493739278,0,0,1.3995888377078878,3
5868,5,-0.47612853829875046,-1.599647014570184,0.7026160599399257,-0.8660472281191486,3,0.2823865309033032,0,0,0.9461478356503634,0
5869,11,-1.7838318216197984,-1.4067833778824486,1.2492470596153333,-1.4927330336371867,1,-0.6682574493739278,1,0,0.6816405844501409,3
5870,8,0.6510132038105156,-0.21519020349247783,0.04176365734726873,0.38732438291692767,2,-0.6682574493739278,0,0,-1.6989246763518622,2
5871,8,0.6510132038105156,-0.21519020349247783,-0.37840793195546996,0.10246719859054672,4,0.12394586752376466,0,0,-1.358843924808719,2
5872,9,1.3623162449474802,-0.524092127813878,-0.5905333945160759,1.0140101884349657,2,-0.6682574493739278,0,0,1.6640960889081102,1
5873,11,-1.7838318216197984,-1.4067833778824486,-0.4151219543217287,-0.011475675140005663,2,-0.6682574493739278,1,0,-0.6408956715509719,2
5874,15,1.2547088618011146,0.6610989341549391,-1.5899706700420078,1.9255531782793849,1,-0.6682574493739278,0,1,0.492706833592839,1
5875,6,0.23335064888652038,1.3893392220629235,-0.892404245083092,0.6152101303780324,3,0.5992678576623801,0,0,-0.6408956715509719,1
5876,13,-0.12047701773033298,0.5410593262580249,0.837234141949541,-0.3533042963316628,1,-0.6682574493739278,0,0,0.9839345858218238,2
5877,5,-0.47612853829875046,-1.599647014570184,-0.9658322898156095,1.355838809626623,2,-0.6682574493739278,0,0,0.7950008349645219,1
5878,0,0.6473654959072578,0.16733601367230244,-1.1779577523762155,0.8430958778391372,3,1.0745898478009956,0,1,1.2862285871935066,1
5879,0,0.6473654959072578,0.16733601367230244,-1.5410186402203294,1.8685817414141086,0,-0.6682574493739278,0,0,1.512949088222269,1
5880,15,1.2547088618011146,0.6610989341549391,-1.6633987147745253,1.982524615144661,1,-0.6682574493739278,0,0,-0.41417517052220976,1
5881,14,0.9264151505071309,0.868367323790327,-0.7496274914365304,1.1279530621655183,1,-0.6682574493739278,0,0,-1.2454836742943378,1
5882,0,0.6473654959072578,0.16733601367230244,-1.402321222392241,1.070981625300242,4,-0.35137612261485085,0,0,0.039265831535314634,1
5883,9,1.3623162449474802,-0.524092127813878,-1.5491773118572758,1.0140101884349657,2,-0.6682574493739278,1,0,-0.48974867086513046,1
5884,9,1.3623162449474802,-0.524092127813878,1.3838651416249486,-0.8660472281191486,2,-0.6682574493739278,0,0,0.7572140847930615,3
5885,1,-0.24814679434461676,0.6210857315226723,1.3185957685293777,-0.8090757912538723,0,-0.6682574493739278,0,0,-0.4519619206936701,3
5886,3,-1.4828959196003133,-1.3459633098813757,-1.1290057225545371,0.786124440973861,3,0.2823865309033032,0,0,-0.07409441897906646,1
5887,15,1.2547088618011146,0.6610989341549391,-1.3125758343858307,0.786124440973861,1,-0.6682574493739278,1,1,-1.0187631732655755,1
5888,6,0.23335064888652038,1.3893392220629235,-0.7659448347104232,0.3303529460516515,1,-0.6682574493739278,1,0,-1.2454836742943378,2
5889,1,-0.24814679434461676,0.6210857315226723,-1.1126883792806443,1.4697816833571753,2,-0.6682574493739278,0,0,0.07705258170677501,1
5890,11,-1.7838318216197984,-1.4067833778824486,-0.02758505156677552,0.4442958197822039,0,-0.6682574493739278,0,0,0.15262608204969574,2
5891,6,0.23335064888652038,1.3893392220629235,0.2946824780926066,-0.5242186069274913,3,-0.03449479585577385,0,0,-1.0943366736084963,0
5892,4,0.30995251485512954,0.3914099484132469,0.8005201195832823,-0.9799901018497009,4,0.4408271942828417,0,0,0.6816405844501409,3
5893,11,-1.7838318216197984,-1.4067833778824486,-0.04390239484066829,0.5012672566474801,2,-0.6682574493739278,0,1,0.5682803339357597,1
5894,1,-0.24814679434461676,0.6210857315226723,-1.0351809987296539,0.5582386935127562,1,-0.6682574493739278,1,0,-1.2076969241228774,1
5895,14,0.9264151505071309,0.868367323790327,-0.2641865290382206,-0.8660472281191486,4,0.9161491844214572,1,0,-0.41417517052220976,0
5896,10,-0.17336878232770134,-0.10715455638531189,1.2900404178000653,-1.4357615967719104,3,0.7577085210419187,0,1,-0.4519619206936701,3
5897,11,-1.7838318216197984,-1.4067833778824486,0.3313965004588653,-0.5242186069274913,4,-0.35137612261485085,0,0,-1.358843924808719,0
5898,8,0.6510132038105156,-0.21519020349247783,0.8494721494049606,-0.3533042963316628,0,-0.6682574493739278,0,0,-1.358843924808719,2
5899,12,-2.008165857670674,1.9735319804944969,-0.8597695585353066,-0.2963328594663866,3,0.2823865309033032,1,0,0.7572140847930615,2
5900,2,0.9902500388142728,-0.3176240022311628,0.30692048554802615,0.1594386354558229,2,-0.6682574493739278,0,1,0.7572140847930615,2
5901,8,0.6510132038105156,-0.21519020349247783,-1.5165426253094902,1.1849244990307943,4,2.3421151548373036,0,0,-0.8298294224082737,1
5902,4,0.30995251485512954,0.3914099484132469,-1.0270223270927075,0.7291530041085849,3,-0.19293545923531236,0,0,1.4373755878793482,1
5903,4,0.30995251485512954,0.3914099484132469,-0.8393728794429406,-0.2963328594663866,4,2.500555818216842,1,0,1.0217213359932842,2
5904,14,0.9264151505071309,0.868367323790327,1.306357761073958,-1.4927330336371867,3,2.500555818216842,1,1,1.3995888377078878,3
5905,10,-0.17336878232770134,-0.10715455638531189,-0.37840793195546996,-0.7521043543885961,3,0.7577085210419187,1,1,-1.056549923437036,0
5906,3,-1.4828959196003133,-1.3459633098813757,-0.6476440959747006,0.38732438291692767,3,2.0252338280782265,0,1,1.4751623380508085,2
5907,2,0.9902500388142728,-0.3176240022311628,0.7801234404909163,-0.2963328594663866,1,-0.6682574493739278,0,0,0.34155983290699754,2
5908,12,-2.008165857670674,1.9735319804944969,1.5348005669084568,-1.4927330336371867,3,2.0252338280782265,0,0,0.45492008342137863,3
5909,4,0.30995251485512954,0.3914099484132469,-1.063736349458966,1.4128102464918992,2,-0.6682574493739278,0,0,-0.07409441897906646,1
5910,12,-2.008165857670674,1.9735319804944969,0.09479502298742022,0.3303529460516515,0,-0.6682574493739278,0,0,0.5304935837642993,2
5911,14,0.9264151505071309,0.868367323790327,-0.08061641720692701,0.5012672566474801,0,-0.6682574493739278,0,0,-0.4519619206936701,1
5912,7,-0.383111986765481,-1.2515321516691895,0.3477138437327581,0.10246719859054672,2,-0.6682574493739278,0,0,0.7950008349645219,2
5913,5,-0.47612853829875046,-1.599647014570184,0.3436345079142849,-0.5811900437927676,4,-0.35137612261485085,0,0,1.2862285871935066,0
5914,14,0.9264151505071309,0.868367323790327,1.1472636641535037,-0.6381614806580438,0,-0.6682574493739278,0,0,1.5885225885651897,3
5915,0,0.6473654959072578,0.16733601367230244,0.17230240353841084,0.27338150918637527,2,-0.6682574493739278,0,1,1.62630933873665,2
5916,6,0.23335064888652038,1.3893392220629235,0.7760441046724431,-0.9799901018497009,4,1.866793164698688,0,0,-0.9809764230941153,3
5917,10,-0.17336878232770134,-0.10715455638531189,-0.2601071932197474,0.6721815672433087,1,-0.6682574493739278,0,0,-1.0943366736084963,1
5918,11,-1.7838318216197984,-1.4067833778824486,-0.9821496330895023,1.355838809626623,2,-0.6682574493739278,0,1,-1.5099909254945603,1
5919,2,0.9902500388142728,-0.3176240022311628,1.6775773205550184,-1.4927330336371867,3,1.549911837939611,0,1,-1.056549923437036,3
5920,14,0.9264151505071309,0.868367323790327,0.07031900807658106,-0.4672471700622152,2,-0.6682574493739278,1,0,-0.11188116915052682,0
5921,7,-0.383111986765481,-1.2515321516691895,1.3145164327109045,-0.7521043543885961,0,-0.6682574493739278,0,0,-0.2630281698363683,3
5922,1,-0.24814679434461676,0.6210857315226723,-0.7251514765256912,1.1279530621655183,1,-0.6682574493739278,0,0,0.15262608204969574,1
5923,11,-1.7838318216197984,-1.4067833778824486,-0.5089466781466121,0.04549576172527053,1,-0.6682574493739278,1,0,1.5507358383937293,2
5924,4,0.30995251485512954,0.3914099484132469,-0.7455481556180572,0.4442958197822039,4,2.183674491457765,0,0,-0.5275354210365908,2
5925,11,-1.7838318216197984,-1.4067833778824486,0.7026160599399257,-0.18238998573583423,2,-0.6682574493739278,0,0,-1.585564425837481,2
5926,1,-0.24814679434461676,0.6210857315226723,-1.381924543299875,1.7546388676835563,0,-0.6682574493739278,0,1,1.0595080861647446,1
5927,8,0.6510132038105156,-0.21519020349247783,-0.06429907393303425,0.5012672566474801,1,-0.6682574493739278,0,1,1.7018828390795706,1
5928,4,0.30995251485512954,0.3914099484132469,0.6577433659367206,-0.8660472281191486,4,1.7083525013191496,0,0,1.324015337364967,0
5929,12,-2.008165857670674,1.9735319804944969,0.3925865377359632,-1.4357615967719104,4,0.7577085210419187,1,0,1.62630933873665,3
5930,13,-0.12047701773033298,0.5410593262580249,1.4042618207173145,-0.8660472281191486,0,-0.6682574493739278,0,0,1.2106550868505859,3
5931,5,-0.47612853829875046,-1.599647014570184,-0.933197603267824,1.2988673727613467,2,-0.6682574493739278,0,0,-0.3763884203507494,1
5932,0,0.6473654959072578,0.16733601367230244,-1.4553525880323925,0.9570387515696896,2,-0.6682574493739278,1,0,0.3793465830784579,1
5933,14,0.9264151505071309,0.868367323790327,1.3104370968924313,-0.7521043543885961,1,-0.6682574493739278,0,0,1.0217213359932842,3
5934,15,1.2547088618011146,0.6610989341549391,-0.655802767611647,-0.4672471700622152,3,-0.03449479585577385,1,0,-1.6989246763518622,0
5935,1,-0.24814679434461676,0.6210857315226723,0.7597267613985504,-0.23936142260111043,2,-0.6682574493739278,0,0,0.26598633256407683,2
5936,9,1.3623162449474802,-0.524092127813878,-1.0311016629111807,0.5582386935127562,0,-0.6682574493739278,1,0,-0.30081492000782867,1
5937,1,-0.24814679434461676,0.6210857315226723,0.25796845572634786,0.2164100723210991,1,-0.6682574493739278,0,0,0.7572140847930615,2
5938,11,-1.7838318216197984,-1.4067833778824486,0.9147415225005316,-1.0939329755802534,4,-0.35137612261485085,0,0,-0.41417517052220976,3
5939,11,-1.7838318216197984,-1.4067833778824486,0.31099982136649934,-0.5242186069274913,4,1.3914711745600725,0,1,1.1728683366791255,0
5940,7,-0.383111986765481,-1.2515321516691895,1.1513429999719769,-1.321818723041358,4,0.4408271942828417,0,1,-0.6408956715509719,3
5941,9,1.3623162449474802,-0.524092127813878,1.0942322985133521,-0.5811900437927676,2,-0.6682574493739278,0,0,1.2862285871935066,3
5942,8,0.6510132038105156,-0.21519020349247783,-1.251385797108733,0.7291530041085849,1,-0.6682574493739278,1,0,-1.4722041753230999,1
5943,4,0.30995251485512954,0.3914099484132469,0.27428579900024064,-0.4672471700622152,3,2.183674491457765,0,0,-1.6233511760089414,0
5944,4,0.30995251485512954,0.3914099484132469,1.2492470596153333,-0.69513291752332,0,-0.6682574493739278,0,0,0.15262608204969574,3
5945,15,1.2547088618011146,0.6610989341549391,-1.6185260207713201,0.38732438291692767,4,0.7577085210419187,1,0,-1.169910173951417,2
5946,7,-0.383111986765481,-1.2515321516691895,1.2655644028892261,-1.4927330336371867,2,-0.6682574493739278,1,0,0.5304935837642993,3
5947,11,-1.7838318216197984,-1.4067833778824486,-0.8434522152614138,0.38732438291692767,2,-0.6682574493739278,1,1,-0.036307668807606094,2
5948,13,-0.12047701773033298,0.5410593262580249,-0.5578987079682904,0.9570387515696896,1,-0.6682574493739278,0,1,0.7194273346216012,1
5949,5,-0.47612853829875046,-1.599647014570184,1.3104370968924313,-0.7521043543885961,1,-0.6682574493739278,0,0,-0.8298294224082737,3
5950,8,0.6510132038105156,-0.21519020349247783,-1.4308765731215534,0.9000673147044134,0,-0.6682574493739278,1,0,-0.6786824217224323,1
5951,8,0.6510132038105156,-0.21519020349247783,-0.9617529539971363,0.6721815672433087,3,2.183674491457765,0,0,0.22819958239261645,1
5952,7,-0.383111986765481,-1.2515321516691895,1.1472636641535037,-0.6381614806580438,1,-0.6682574493739278,0,0,0.11483933187823536,3
5953,0,0.6473654959072578,0.16733601367230244,1.7346880220136431,-1.1509044124455294,2,-0.6682574493739278,0,1,-0.30081492000782867,3
5954,9,1.3623162449474802,-0.524092127813878,0.1519057244460449,0.3303529460516515,0,-0.6682574493739278,0,1,-0.754255922065353,2
5955,0,0.6473654959072578,0.16733601367230244,-0.35393191704463084,0.786124440973861,0,-0.6682574493739278,0,0,-0.036307668807606094,1
5956,13,-0.12047701773033298,0.5410593262580249,1.689815328010438,-1.1509044124455294,2,-0.6682574493739278,0,0,-0.9431896729226549,3
5957,0,0.6473654959072578,0.16733601367230244,-0.8801662376276725,0.5582386935127562,3,-0.5098167859943894,0,0,1.4751623380508085,1
5958,1,-0.24814679434461676,0.6210857315226723,-1.4308765731215534,0.9000673147044134,1,-0.6682574493739278,1,0,0.4171333332499183,1
5959,13,-0.12047701773033298,0.5410593262580249,0.8045994554017555,-1.4927330336371867,4,-0.19293545923531236,1,0,-1.6233511760089414,3
5960,12,-2.008165857670674,1.9735319804944969,1.4001824848988413,-0.8660472281191486,0,-0.6682574493739278,0,0,-0.754255922065353,3
5961,12,-2.008165857670674,1.9735319804944969,0.9963282388699954,-1.321818723041358,1,-0.6682574493739278,1,1,-1.3210571746372586,3
5962,6,0.23335064888652038,1.3893392220629235,0.3721898586435972,-0.5811900437927676,3,1.7083525013191496,0,1,1.512949088222269,0
5963,10,-0.17336878232770134,-0.10715455638531189,-0.6517234317931738,0.38732438291692767,4,0.7577085210419187,0,0,1.3618020875364274,2
5964,6,0.23335064888652038,1.3893392220629235,0.062160336439634686,0.38732438291692767,1,-0.6682574493739278,0,1,1.5507358383937293,2
5965,9,1.3623162449474802,-0.524092127813878,0.35995185118817763,-0.5811900437927676,4,0.9161491844214572,0,0,-1.3210571746372586,0
5966,8,0.6510132038105156,-0.21519020349247783,1.73060868619517,-1.1509044124455294,1,-0.6682574493739278,0,0,1.5885225885651897,3
5967,5,-0.47612853829875046,-1.599647014570184,0.9269795299559512,-0.410275733196939,0,-0.6682574493739278,0,0,-1.2832704244657982,0
5968,3,-1.4828959196003133,-1.3459633098813757,1.6571806414626524,-1.0939329755802534,0,-0.6682574493739278,0,0,0.15262608204969574,3
5969,8,0.6510132038105156,-0.21519020349247783,1.326754440166324,-0.8090757912538723,0,-0.6682574493739278,0,1,0.4171333332499183,3
5970,9,1.3623162449474802,-0.524092127813878,0.7923614479463359,-0.9799901018497009,3,2.183674491457765,0,0,-0.1496679193219872,3
5971,15,1.2547088618011146,0.6610989341549391,-0.4518359766879874,0.1594386354558229,3,0.2823865309033032,0,0,0.492706833592839,2
5972,15,1.2547088618011146,0.6610989341549391,-0.6027714019714955,0.1594386354558229,0,-0.6682574493739278,1,0,0.9839345858218238,2
5973,4,0.30995251485512954,0.3914099484132469,-1.316655170204304,1.6976674308182802,1,-0.6682574493739278,0,0,1.3995888377078878,1
5974,5,-0.47612853829875046,-1.599647014570184,-0.1744411410318104,-0.23936142260111043,2,-0.6682574493739278,1,0,0.5304935837642993,2
5975,14,0.9264151505071309,0.868367323790327,-0.5905333945160759,0.3303529460516515,4,2.500555818216842,0,1,0.492706833592839,2
5976,6,0.23335064888652038,1.3893392220629235,0.08663635135047383,0.38732438291692767,1,-0.6682574493739278,0,0,-0.6786824217224323,2
5977,13,-0.12047701773033298,0.5410593262580249,-0.655802767611647,0.38732438291692767,3,-0.19293545923531236,0,0,0.9461478356503634,2
5978,8,0.6510132038105156,-0.21519020349247783,0.049922328984215114,-0.2963328594663866,3,1.0745898478009956,0,0,0.7950008349645219,2
5979,1,-0.24814679434461676,0.6210857315226723,-0.15404446193944446,0.6152101303780324,2,-0.6682574493739278,0,0,0.5304935837642993,1
5980,14,0.9264151505071309,0.868367323790327,0.4700939182869538,-0.69513291752332,4,1.0745898478009956,0,1,-0.6786824217224323,0
5981,3,-1.4828959196003133,-1.3459633098813757,-1.4267972373030802,1.7546388676835563,2,-0.6682574493739278,0,0,1.4751623380508085,1
5982,1,-0.24814679434461676,0.6210857315226723,1.4083411565357877,-1.4927330336371867,2,-0.6682574493739278,1,1,1.62630933873665,3
5983,6,0.23335064888652038,1.3893392220629235,0.8331548061310678,-1.4927330336371867,4,-0.35137612261485085,1,0,1.0595080861647446,3
5984,11,-1.7838318216197984,-1.4067833778824486,-0.5252640214205049,-0.5811900437927676,3,0.12394586752376466,1,0,0.6060670841072201,0
5985,4,0.30995251485512954,0.3914099484132469,-1.5614153193126954,1.2418959358960706,3,1.866793164698688,0,1,0.6438538342786805,1
5986,14,0.9264151505071309,0.868367323790327,-0.5089466781466121,0.2164100723210991,3,2.500555818216842,0,0,-0.5275354210365908,2
5987,9,1.3623162449474802,-0.524092127813878,-0.34985258122615764,0.786124440973861,1,-0.6682574493739278,0,1,-1.6611379261804018,1
5988,12,-2.008165857670674,1.9735319804944969,0.28244447063718703,0.1594386354558229,0,-0.6682574493739278,0,0,-1.6989246763518622,2
5989,7,-0.383111986765481,-1.2515321516691895,0.2946824780926066,0.1594386354558229,0,-0.6682574493739278,0,0,-0.7920426722368133,2
5990,7,-0.383111986765481,-1.2515321516691895,1.3553097908956364,-0.8090757912538723,2,-0.6682574493739278,0,0,-0.9809764230941153,3
5991,4,0.30995251485512954,0.3914099484132469,0.09071568716894703,-0.2963328594663866,3,0.2823865309033032,0,0,0.0014790813638542722,2
5992,12,-2.008165857670674,1.9735319804944969,-1.594050005860481,0.38732438291692767,4,1.549911837939611,1,0,-1.056549923437036,2
5993,7,-0.383111986765481,-1.2515321516691895,0.4007452093729096,-0.6381614806580438,3,-0.5098167859943894,0,0,0.3793465830784579,0
5994,4,0.30995251485512954,0.3914099484132469,-1.063736349458966,1.4128102464918992,1,-0.6682574493739278,0,1,1.135081586507665,1
5995,8,0.6510132038105156,-0.21519020349247783,0.7434094181246577,-0.9230186649844248,4,1.0745898478009956,0,1,-0.18745466949344755,0
5996,4,0.30995251485512954,0.3914099484132469,0.4252212242837487,0.04549576172527053,0,-0.6682574493739278,0,0,0.6438538342786805,2
5997,13,-0.12047701773033298,0.5410593262580249,1.53887990272693,-1.4927330336371867,3,0.9161491844214572,0,0,1.097294836336205,3
5998,6,0.23335064888652038,1.3893392220629235,-1.7205094162331498,0.5012672566474801,3,0.2823865309033032,1,0,-0.6031089213795116,1
5999,2,0.9902500388142728,-0.3176240022311628,0.0540016648026883,0.38732438291692767,1,-0.6682574493739278,0,0,-1.358843924808719,2
6000,3,-1.4828959196003133,-1.3459633098813757,0.31099982136649934,-0.69513291752332,1,-0.6682574493739278,1,0,1.3618020875364274,0
6001,4,0.30995251485512954,0.3914099484132469,0.8821068359527461,-0.3533042963316628,2,-0.6682574493739278,0,1,-0.4519619206936701,2
6002,1,-0.24814679434461676,0.6210857315226723,1.2655644028892261,-0.7521043543885961,2,-0.6682574493739278,0,1,1.3995888377078878,3
6003,0,0.6473654959072578,0.16733601367230244,0.8086787912202287,-1.1509044124455294,0,-0.6682574493739278,1,0,1.0595080861647446,3
6004,13,-0.12047701773033298,0.5410593262580249,0.5720773137487836,-0.06844711200528185,2,-0.6682574493739278,0,0,-0.41417517052220976,2
6005,4,0.30995251485512954,0.3914099484132469,-0.6190887452453883,1.0140101884349657,2,-0.6682574493739278,0,1,0.6438538342786805,1
6006,14,0.9264151505071309,0.868367323790327,-1.700112737140784,1.355838809626623,4,2.0252338280782265,0,0,-0.6031089213795116,1
6007,14,0.9264151505071309,0.868367323790327,-1.3696865358444554,1.6976674308182802,0,-0.6682574493739278,0,1,1.097294836336205,1
6008,11,-1.7838318216197984,-1.4067833778824486,-0.04798173065914148,0.5012672566474801,0,-0.6682574493739278,0,1,-0.4519619206936701,1
6009,4,0.30995251485512954,0.3914099484132469,1.5959906041855545,-1.4927330336371867,3,1.2330305111805342,1,0,-1.4344174251516395,3
6010,6,0.23335064888652038,1.3893392220629235,-1.3860038791183482,0.9000673147044134,2,-0.6682574493739278,1,0,0.8705743353074427,1
6011,4,0.30995251485512954,0.3914099484132469,-0.39472527522936274,0.10246719859054672,3,0.4408271942828417,0,0,-0.6786824217224323,2
6012,7,-0.383111986765481,-1.2515321516691895,-1.3452105209336163,1.0140101884349657,3,0.2823865309033032,0,0,-1.5477776756660206,1
6013,12,-2.008165857670674,1.9735319804944969,1.4736105296313589,-1.4927330336371867,3,1.7083525013191496,0,0,-1.0943366736084963,3
6014,6,0.23335064888652038,1.3893392220629235,-1.6103673491343737,1.070981625300242,2,-0.6682574493739278,1,0,1.0595080861647446,1
6015,12,-2.008165857670674,1.9735319804944969,-0.08061641720692701,0.5012672566474801,1,-0.6682574493739278,0,0,-0.9054029227511945,1
6016,5,-0.47612853829875046,-1.599647014570184,-0.6598821034301202,0.38732438291692767,4,0.9161491844214572,0,0,0.9461478356503634,2
6017,0,0.6473654959072578,0.16733601367230244,-1.6960334013223108,2.0394960520099374,1,-0.6682574493739278,0,0,0.3793465830784579,1
6018,5,-0.47612853829875046,-1.599647014570184,-1.251385797108733,0.9000673147044134,3,-0.03449479585577385,0,1,0.4171333332499183,1
6019,14,0.9264151505071309,0.868367323790327,0.7066953957583989,-0.9230186649844248,4,2.500555818216842,0,0,-0.48974867086513046,0
6020,7,-0.383111986765481,-1.2515321516691895,1.5674352534562424,-1.036961538714977,2,-0.6682574493739278,0,0,-0.9809764230941153,3
6021,4,0.30995251485512954,0.3914099484132469,-1.6674780505929985,0.4442958197822039,4,1.0745898478009956,1,0,-0.9431896729226549,2
6022,6,0.23335064888652038,1.3893392220629235,1.3145164327109045,-1.4357615967719104,4,2.0252338280782265,0,0,1.0217213359932842,3
6023,6,0.23335064888652038,1.3893392220629235,0.5679979779303104,-0.9230186649844248,1,-0.6682574493739278,1,0,-1.6989246763518622,0
6024,10,-0.17336878232770134,-0.10715455638531189,-0.7537068272550036,0.4442958197822039,4,-0.03449479585577385,0,0,0.1904128322211561,2
6025,13,-0.12047701773033298,0.5410593262580249,0.062160336439634686,0.38732438291692767,0,-0.6682574493739278,0,0,-0.4519619206936701,2
6026,8,0.6510132038105156,-0.21519020349247783,0.96369355232221,-0.4672471700622152,2,-0.6682574493739278,0,1,0.4171333332499183,3
6027,3,-1.4828959196003133,-1.3459633098813757,0.4864112615608466,-0.8660472281191486,0,-0.6682574493739278,1,0,-0.48974867086513046,0
6028,6,0.23335064888652038,1.3893392220629235,-1.6674780505929985,1.1279530621655183,2,-0.6682574493739278,1,1,-1.1321234237799567,1
6029,2,0.9902500388142728,-0.3176240022311628,0.5231252839271053,-0.06844711200528185,0,-0.6682574493739278,0,0,0.039265831535314634,2
6030,5,-0.47612853829875046,-1.599647014570184,-0.8720075659907262,1.2418959358960706,1,-0.6682574493739278,0,0,-1.5099909254945603,1
6031,6,0.23335064888652038,1.3893392220629235,1.4368965072651,-0.8660472281191486,0,-0.6682574493739278,0,0,-1.358843924808719,3
6032,13,-0.12047701773033298,0.5410593262580249,-1.700112737140784,2.0394960520099374,1,-0.6682574493739278,0,0,-0.5653221712080512,1
6033,12,-2.008165857670674,1.9735319804944969,0.25796845572634786,-1.321818723041358,3,2.0252338280782265,1,0,0.908361085478903,3
6034,3,-1.4828959196003133,-1.3459633098813757,-1.634843364045213,1.2988673727613467,4,0.5992678576623801,0,0,-0.6031089213795116,1
6035,4,0.30995251485512954,0.3914099484132469,0.9065828508635853,-1.4927330336371867,4,2.500555818216842,1,0,-1.0943366736084963,3
6036,4,0.30995251485512954,0.3914099484132469,-0.6476440959747006,0.38732438291692767,3,-0.03449479585577385,0,0,0.7950008349645219,2
6037,1,-0.24814679434461676,0.6210857315226723,-0.9862289689079755,1.355838809626623,2,-0.6682574493739278,0,0,-1.169910173951417,1
6038,3,-1.4828959196003133,-1.3459633098813757,0.8045994554017555,-1.4927330336371867,4,2.0252338280782265,1,0,-1.0943366736084963,3
6039,11,-1.7838318216197984,-1.4067833778824486,0.18454041099383042,-0.410275733196939,3,-0.19293545923531236,0,0,0.6438538342786805,0
6040,10,-0.17336878232770134,-0.10715455638531189,-1.5002252820355975,1.1849244990307943,4,-0.03449479585577385,0,0,1.324015337364967,1
6041,3,-1.4828959196003133,-1.3459633098813757,0.5312839555640517,-0.06844711200528185,0,-0.6682574493739278,0,0,-0.30081492000782867,2
6042,14,0.9264151505071309,0.868367323790327,1.2084537014306014,-1.3787901599066343,3,1.2330305111805342,0,0,-0.338601670179289,3
6043,5,-0.47612853829875046,-1.599647014570184,-0.21115516339806914,-0.06844711200528185,4,1.866793164698688,0,0,0.492706833592839,2
6044,11,-1.7838318216197984,-1.4067833778824486,-1.0963710360067516,-0.06844711200528185,3,0.7577085210419187,1,1,1.135081586507665,2
6045,11,-1.7838318216197984,-1.4067833778824486,0.14374705280909852,-1.2078758493108057,4,2.0252338280782265,1,0,0.9839345858218238,3
6046,9,1.3623162449474802,-0.524092127813878,-1.124926386736064,1.4697816833571753,0,-0.6682574493739278,0,0,-1.2832704244657982,1
6047,15,1.2547088618011146,0.6610989341549391,-0.8842455734461457,0.38732438291692767,1,-0.6682574493739278,1,0,-0.2630281698363683,2
6048,11,-1.7838318216197984,-1.4067833778824486,0.6047120002965691,-0.8090757912538723,4,-0.5098167859943894,0,0,0.34155983290699754,0
6049,7,-0.383111986765481,-1.2515321516691895,0.49864926901626616,-0.011475675140005663,2,-0.6682574493739278,0,1,-1.6989246763518622,2
6050,9,1.3623162449474802,-0.524092127813878,0.27836513481871383,-0.5242186069274913,4,1.549911837939611,0,0,1.62630933873665,0
6051,6,0.23335064888652038,1.3893392220629235,-0.6802787825224861,0.2164100723210991,1,-0.6682574493739278,1,0,-1.358843924808719,2
6052,9,1.3623162449474802,-0.524092127813878,-0.29274187976753296,-0.12541854887055803,0,-0.6682574493739278,1,0,-0.07409441897906646,2
6053,3,-1.4828959196003133,-1.3459633098813757,1.0126455821438882,-1.2078758493108057,3,0.4408271942828417,0,0,-1.6989246763518622,3
6054,9,1.3623162449474802,-0.524092127813878,-1.2391477896533134,0.9000673147044134,3,-0.5098167859943894,0,1,-0.1496679193219872,1
6055,5,-0.47612853829875046,-1.599647014570184,-1.4104798940291874,1.7546388676835563,2,-0.6682574493739278,0,0,-1.6989246763518622,1
6056,3,-1.4828959196003133,-1.3459633098813757,0.7923614479463359,-0.2963328594663866,2,-0.6682574493739278,0,0,0.8327875851359823,2
6057,13,-0.12047701773033298,0.5410593262580249,-1.7205094162331498,0.5012672566474801,4,0.5992678576623801,1,1,1.0217213359932842,1
6058,6,0.23335064888652038,1.3893392220629235,0.4048245451913828,0.04549576172527053,2,-0.6682574493739278,0,0,0.6060670841072201,2
6059,7,-0.383111986765481,-1.2515321516691895,0.5435219630194713,-0.06844711200528185,0,-0.6682574493739278,0,0,0.8327875851359823,2
6060,0,0.6473654959072578,0.16733601367230244,0.45377657501306107,0.04549576172527053,1,-0.6682574493739278,0,0,0.22819958239261645,2
6061,0,0.6473654959072578,0.16733601367230244,-1.6226053565897933,1.982524615144661,2,-0.6682574493739278,0,0,1.6640960889081102,1
6062,8,0.6510132038105156,-0.21519020349247783,-0.48039132741729973,0.2164100723210991,4,2.183674491457765,0,0,-0.6786824217224323,2
6063,3,-1.4828959196003133,-1.3459633098813757,-0.6884374541594325,0.38732438291692767,3,1.3914711745600725,0,0,0.8705743353074427,2
6064,15,1.2547088618011146,0.6610989341549391,1.457293186357466,-0.9230186649844248,0,-0.6682574493739278,0,0,0.0014790813638542722,3
6065,9,1.3623162449474802,-0.524092127813878,0.9800108955961028,-1.1509044124455294,3,-0.5098167859943894,0,0,0.6816405844501409,3
6066,14,0.9264151505071309,0.868367323790327,0.474173254105427,-0.011475675140005663,0,-0.6682574493739278,0,1,-1.4344174251516395,2
6067,12,-2.008165857670674,1.9735319804944969,-0.3212972304968453,0.7291530041085849,0,-0.6682574493739278,0,0,-1.6611379261804018,1
6068,10,-0.17336878232770134,-0.10715455638531189,0.9718522239591564,-1.4927330336371867,3,-0.35137612261485085,1,0,0.492706833592839,3
6069,5,-0.47612853829875046,-1.599647014570184,0.5639186421118372,-0.7521043543885961,4,-0.5098167859943894,0,0,-1.0943366736084963,0
6070,14,0.9264151505071309,0.868367323790327,-1.124926386736064,0.786124440973861,3,-0.03449479585577385,0,0,-0.6031089213795116,1
6071,3,-1.4828959196003133,-1.3459633098813757,-0.06837840975150744,-0.18238998573583423,3,2.3421151548373036,0,0,-1.2076969241228774,2
6072,0,0.6473654959072578,0.16733601367230244,0.5924739928411495,-0.12541854887055803,0,-0.6682574493739278,0,1,-0.8676161725797341,2
6073,12,-2.008165857670674,1.9735319804944969,-1.1004503718252248,1.4697816833571753,2,-0.6682574493739278,0,1,1.512949088222269,1
6074,7,-0.383111986765481,-1.2515321516691895,-0.6394854243377542,1.0140101884349657,1,-0.6682574493739278,0,0,0.7194273346216012,1
6075,0,0.6473654959072578,0.16733601367230244,1.3879444774434218,-1.4927330336371867,3,0.5992678576623801,0,0,-1.0187631732655755,3
6076,12,-2.008165857670674,1.9735319804944969,1.73060868619517,-1.4927330336371867,3,1.866793164698688,0,0,0.8705743353074427,3
6077,15,1.2547088618011146,0.6610989341549391,-1.402321222392241,0.2164100723210991,4,1.7083525013191496,1,0,-1.0187631732655755,2
6078,0,0.6473654959072578,0.16733601367230244,0.6495846942997743,-0.8660472281191486,4,2.500555818216842,0,0,1.4751623380508085,0
6079,8,0.6510132038105156,-0.21519020349247783,0.5231252839271053,-0.06844711200528185,2,-0.6682574493739278,0,0,1.62630933873665,2
6080,14,0.9264151505071309,0.868367323790327,-1.0800536927328588,1.4697816833571753,0,-0.6682574493739278,0,1,-0.48974867086513046,1
6081,13,-0.12047701773033298,0.5410593262580249,-1.0066256480003415,0.6721815672433087,4,0.7577085210419187,0,0,1.7018828390795706,1
6082,12,-2.008165857670674,1.9735319804944969,-0.35801125286310403,0.10246719859054672,4,0.9161491844214572,0,1,0.6438538342786805,2
6083,11,-1.7838318216197984,-1.4067833778824486,1.6163872832779205,-1.4927330336371867,4,0.4408271942828417,0,0,-1.3966306749801791,3
6084,7,-0.383111986765481,-1.2515321516691895,-0.17036180521333721,-0.06844711200528185,3,1.3914711745600725,0,0,-1.169910173951417,2
6085,4,0.30995251485512954,0.3914099484132469,-0.15404446193944446,0.6152101303780324,0,-0.6682574493739278,0,0,-0.9054029227511945,1
6086,4,0.30995251485512954,0.3914099484132469,1.3430717834402168,-1.4927330336371867,4,-0.19293545923531236,1,1,1.7018828390795706,3
6087,13,-0.12047701773033298,0.5410593262580249,-1.5083839536725439,1.8685817414141086,2,-0.6682574493739278,0,1,0.908361085478903,1
6088,11,-1.7838318216197984,-1.4067833778824486,-1.6103673491343737,1.9255531782793849,1,-0.6682574493739278,0,0,0.07705258170677501,1
6089,13,-0.12047701773033298,0.5410593262580249,0.11519170207978617,-1.2078758493108057,3,1.0745898478009956,1,0,0.6816405844501409,3
6090,5,-0.47612853829875046,-1.599647014570184,0.45377657501306107,0.04549576172527053,1,-0.6682574493739278,0,0,-1.5099909254945603,2
6091,9,1.3623162449474802,-0.524092127813878,0.4700939182869538,-1.4927330336371867,4,2.500555818216842,1,0,-1.6989246763518622,3
6092,9,1.3623162449474802,-0.524092127813878,-0.9576736181786631,1.355838809626623,2,-0.6682574493739278,0,0,-1.169910173951417,1
6093,2,0.9902500388142728,-0.3176240022311628,-1.4267972373030802,1.7546388676835563,0,-0.6682574493739278,0,0,-1.1321234237799567,1
6094,10,-0.17336878232770134,-0.10715455638531189,-1.1738784165577423,1.5267531202224516,0,-0.6682574493739278,0,0,-0.7164691718938927,1
6095,10,-0.17336878232770134,-0.10715455638531189,0.7026160599399257,-0.8660472281191486,3,0.7577085210419187,0,0,0.492706833592839,0
6096,7,-0.383111986765481,-1.2515321516691895,-0.43959796923256783,0.8430958778391372,1,-0.6682574493739278,0,0,0.11483933187823536,1
6097,14,0.9264151505071309,0.868367323790327,-1.0147843196372879,1.4128102464918992,2,-0.6682574493739278,0,0,0.22819958239261645,1
6098,6,0.23335064888652038,1.3893392220629235,-0.5660573796052367,0.9570387515696896,2,-0.6682574493739278,0,0,0.6438538342786805,1
6099,7,-0.383111986765481,-1.2515321516691895,-1.6960334013223108,1.355838809626623,3,0.5992678576623801,0,0,1.5885225885651897,1
6100,10,-0.17336878232770134,-0.10715455638531189,-0.15404446193944446,-0.06844711200528185,3,0.9161491844214572,0,0,1.62630933873665,2
6101,2,0.9902500388142728,-0.3176240022311628,0.19677841844925,-0.5811900437927676,2,-0.6682574493739278,1,1,-0.9431896729226549,0
6102,0,0.6473654959072578,0.16733601367230244,-0.272345200675167,0.6721815672433087,1,-0.6682574493739278,0,0,-0.8676161725797341,1
6103,15,1.2547088618011146,0.6610989341549391,1.6653393130995988,-1.0939329755802534,0,-0.6682574493739278,0,1,0.3793465830784579,3
6104,5,-0.47612853829875046,-1.599647014570184,1.498086544542198,-0.9230186649844248,1,-0.6682574493739278,0,1,0.6816405844501409,3
6105,0,0.6473654959072578,0.16733601367230244,0.7474887539431309,-1.4927330336371867,4,1.7083525013191496,1,0,0.26598633256407683,3
6106,4,0.30995251485512954,0.3914099484132469,1.7183706787397504,-1.4927330336371867,3,1.7083525013191496,0,0,0.22819958239261645,3
6107,15,1.2547088618011146,0.6610989341549391,0.35587251536970443,0.10246719859054672,1,-0.6682574493739278,0,0,-0.2630281698363683,2
6108,2,0.9902500388142728,-0.3176240022311628,-1.1616404091023227,0.6721815672433087,0,-0.6682574493739278,1,1,1.3618020875364274,1
6109,2,0.9902500388142728,-0.3176240022311628,1.4164998281727341,-0.8660472281191486,2,-0.6682574493739278,0,0,0.22819958239261645,3
6110,12,-2.008165857670674,1.9735319804944969,-0.549740036331344,0.9570387515696896,2,-0.6682574493739278,0,1,0.8327875851359823,1
6111,0,0.6473654959072578,0.16733601367230244,-1.7123507445962036,1.1849244990307943,1,-0.6682574493739278,1,1,-1.585564425837481,1
6112,0,0.6473654959072578,0.16733601367230244,-1.0066256480003415,1.355838809626623,2,-0.6682574493739278,0,0,1.4373755878793482,1
6113,12,-2.008165857670674,1.9735319804944969,-1.4308765731215534,1.7546388676835563,1,-0.6682574493739278,0,0,-1.6611379261804018,1
6114,4,0.30995251485512954,0.3914099484132469,-0.10917176793623935,0.5582386935127562,2,-0.6682574493739278,0,0,-0.1496679193219872,1
6115,14,0.9264151505071309,0.868367323790327,-0.4110426185032555,-0.011475675140005663,1,-0.6682574493739278,1,0,-0.6031089213795116,2
6116,0,0.6473654959072578,0.16733601367230244,1.261485067070753,-1.4357615967719104,3,1.7083525013191496,0,0,-0.9054029227511945,3
6117,9,1.3623162449474802,-0.524092127813878,-0.08877508884387339,-0.18238998573583423,3,1.3914711745600725,0,0,-1.5099909254945603,2
6118,3,-1.4828959196003133,-1.3459633098813757,-0.39064593941088954,0.786124440973861,2,-0.6682574493739278,0,0,0.9461478356503634,1
6119,2,0.9902500388142728,-0.3176240022311628,-1.149402401646903,0.8430958778391372,3,1.549911837939611,0,1,-1.5477776756660206,1
6120,3,-1.4828959196003133,-1.3459633098813757,-1.6185260207713201,1.2418959358960706,4,1.0745898478009956,0,0,0.9461478356503634,1
6121,12,-2.008165857670674,1.9735319804944969,1.200295029793655,-1.3787901599066343,4,0.12394586752376466,0,0,-1.6233511760089414,3
6122,4,0.30995251485512954,0.3914099484132469,-0.5864540586976027,1.0140101884349657,1,-0.6682574493739278,0,0,-0.036307668807606094,1
6123,13,-0.12047701773033298,0.5410593262580249,-0.76186549889195,0.4442958197822039,3,0.7577085210419187,0,1,0.3793465830784579,2
6124,5,-0.47612853829875046,-1.599647014570184,-1.2554651329272062,1.640695993953004,0,-0.6682574493739278,0,0,1.097294836336205,1
6125,4,0.30995251485512954,0.3914099484132469,1.2043743656121282,-1.3787901599066343,3,-0.19293545923531236,0,0,0.26598633256407683,3
6126,7,-0.383111986765481,-1.2515321516691895,0.8739481643157998,-1.036961538714977,4,0.4408271942828417,0,0,-0.9054029227511945,3
6127,4,0.30995251485512954,0.3914099484132469,-1.2187511105609474,0.7291530041085849,2,-0.6682574493739278,1,0,0.15262608204969574,1
6128,11,-1.7838318216197984,-1.4067833778824486,-0.39064593941088954,0.786124440973861,2,-0.6682574493739278,0,0,1.0595080861647446,1
6129,12,-2.008165857670674,1.9735319804944969,1.4654518579944125,-0.9230186649844248,2,-0.6682574493739278,0,0,1.0595080861647446,3
6130,15,1.2547088618011146,0.6610989341549391,-1.487987274580178,1.8116103045488325,1,-0.6682574493739278,0,0,-0.8676161725797341,1
6131,1,-0.24814679434461676,0.6210857315226723,-1.5777326625865882,1.9255531782793849,2,-0.6682574493739278,0,1,-0.7164691718938927,1
6132,13,-0.12047701773033298,0.5410593262580249,-1.2146717747424742,1.5837245570877276,1,-0.6682574493739278,0,0,1.7018828390795706,1
6133,5,-0.47612853829875046,-1.599647014570184,-0.38656660359241635,0.10246719859054672,4,1.7083525013191496,0,1,1.512949088222269,2
6134,8,0.6510132038105156,-0.21519020349247783,-1.3370518492966699,1.0140101884349657,4,0.7577085210419187,0,0,-0.036307668807606094,1
6135,7,-0.383111986765481,-1.2515321516691895,0.5883946570226763,-0.8090757912538723,4,0.9161491844214572,0,0,-1.169910173951417,0
6136,9,1.3623162449474802,-0.524092127813878,0.9677728881406832,-1.1509044124455294,4,-0.03449479585577385,0,0,1.2106550868505859,3
6137,12,-2.008165857670674,1.9735319804944969,0.14374705280909852,-0.5242186069274913,1,-0.6682574493739278,1,0,0.7572140847930615,0
6138,12,-2.008165857670674,1.9735319804944969,1.6123079474594473,-1.036961538714977,1,-0.6682574493739278,0,1,0.7572140847930615,3
6139,5,-0.47612853829875046,-1.599647014570184,1.1717396790643426,-1.4927330336371867,2,-0.6682574493739278,1,0,1.2862285871935066,3
6140,3,-1.4828959196003133,-1.3459633098813757,-0.9984669763633951,0.6721815672433087,3,0.7577085210419187,0,0,-1.6989246763518622,1
6141,1,-0.24814679434461676,0.6210857315226723,-0.7985795212582086,-0.3533042963316628,4,-0.5098167859943894,1,0,0.0014790813638542722,2
6142,5,-0.47612853829875046,-1.599647014570184,-0.8638488943537798,1.2418959358960706,1,-0.6682574493739278,0,0,-0.9054029227511945,1
6143,4,0.30995251485512954,0.3914099484132469,-1.3370518492966699,1.6976674308182802,2,-0.6682574493739278,0,0,-1.358843924808719,1
6144,7,-0.383111986765481,-1.2515321516691895,-1.6633987147745253,1.982524615144661,1,-0.6682574493739278,0,0,-1.5477776756660206,1
6145,14,0.9264151505071309,0.868367323790327,-1.5247012969464366,1.8685817414141086,0,-0.6682574493739278,0,0,-1.585564425837481,1
6146,12,-2.008165857670674,1.9735319804944969,-0.05206106647761467,-0.18238998573583423,3,1.3914711745600725,0,0,-0.3763884203507494,2
6147,2,0.9902500388142728,-0.3176240022311628,-0.5701367154237099,0.27338150918637527,4,0.2823865309033032,0,0,-0.2630281698363683,2
6148,12,-2.008165857670674,1.9735319804944969,0.27020646318176744,-1.321818723041358,3,0.4408271942828417,1,1,-1.2454836742943378,3
6149,7,-0.383111986765481,-1.2515321516691895,-0.9046422525385116,1.2988673727613467,0,-0.6682574493739278,0,0,-1.2454836742943378,1
6150,3,-1.4828959196003133,-1.3459633098813757,-0.7537068272550036,0.4442958197822039,4,2.183674491457765,0,1,-0.6031089213795116,2
6151,10,-0.17336878232770134,-0.10715455638531189,1.3797858058064754,-1.4927330336371867,2,-0.6682574493739278,1,0,0.07705258170677501,3
6152,8,0.6510132038105156,-0.21519020349247783,-1.6266846924082665,1.1279530621655183,2,-0.6682574493739278,1,1,-1.2076969241228774,1
6153,3,-1.4828959196003133,-1.3459633098813757,0.7882821121278627,-1.4927330336371867,3,1.3914711745600725,1,0,1.62630933873665,3
6154,5,-0.47612853829875046,-1.599647014570184,-0.42735996177714825,0.8430958778391372,0,-0.6682574493739278,0,0,-1.5099909254945603,1
6155,6,0.23335064888652038,1.3893392220629235,0.4048245451913828,-0.8090757912538723,2,-0.6682574493739278,1,0,-1.1321234237799567,0
6156,4,0.30995251485512954,0.3914099484132469,-0.8556902227168334,0.5582386935127562,4,1.549911837939611,0,0,-0.7164691718938927,1
6157,7,-0.383111986765481,-1.2515321516691895,-1.3941625507552946,0.9000673147044134,0,-0.6682574493739278,1,1,-1.1321234237799567,1
6158,6,0.23335064888652038,1.3893392220629235,0.45785591083153426,-0.6381614806580438,4,0.7577085210419187,0,0,0.3037730827355372,0
6159,5,-0.47612853829875046,-1.599647014570184,1.432817171446627,-1.4927330336371867,3,0.4408271942828417,0,0,-1.169910173951417,3
6160,11,-1.7838318216197984,-1.4067833778824486,1.4001824848988413,-1.4927330336371867,1,-0.6682574493739278,1,0,-1.2832704244657982,3
6161,0,0.6473654959072578,0.16733601367230244,-0.7292308123441644,0.4442958197822039,3,0.5992678576623801,0,0,-1.6233511760089414,2
6162,2,0.9902500388142728,-0.3176240022311628,1.0534389403286202,-1.2078758493108057,4,2.3421151548373036,0,0,-0.9431896729226549,3
6163,8,0.6510132038105156,-0.21519020349247783,-1.1167677150991175,0.786124440973861,3,0.7577085210419187,0,0,0.8327875851359823,1
6164,14,0.9264151505071309,0.868367323790327,-1.634843364045213,1.1279530621655183,2,-0.6682574493739278,1,0,-0.6786824217224323,1
6165,7,-0.383111986765481,-1.2515321516691895,-1.4308765731215534,1.7546388676835563,1,-0.6682574493739278,0,0,1.1728683366791255,1
6166,11,-1.7838318216197984,-1.4067833778824486,1.3185957685293777,-1.4927330336371867,1,-0.6682574493739278,1,0,1.4751623380508085,3
6167,14,0.9264151505071309,0.868367323790327,-0.1785204768502836,0.6152101303780324,1,-0.6682574493739278,0,0,0.5304935837642993,1
6168,0,0.6473654959072578,0.16733601367230244,0.9188208583190048,-0.410275733196939,0,-0.6682574493739278,0,0,-0.8298294224082737,0
6169,2,0.9902500388142728,-0.3176240022311628,0.7760441046724431,-0.2963328594663866,2,-0.6682574493739278,0,0,0.492706833592839,2
6170,8,0.6510132038105156,-0.21519020349247783,-0.1825998126687568,0.6152101303780324,2,-0.6682574493739278,0,0,-0.1496679193219872,1
6171,5,-0.47612853829875046,-1.599647014570184,-0.06837840975150744,0.5012672566474801,2,-0.6682574493739278,0,0,-1.6989246763518622,1
6172,1,-0.24814679434461676,0.6210857315226723,0.5190459481086321,-0.011475675140005663,1,-0.6682574493739278,0,1,-1.056549923437036,2
6173,3,-1.4828959196003133,-1.3459633098813757,0.28244447063718703,-0.69513291752332,2,-0.6682574493739278,1,0,0.6060670841072201,0
6174,2,0.9902500388142728,-0.3176240022311628,-0.8556902227168334,0.38732438291692767,2,-0.6682574493739278,1,1,-1.6989246763518622,2
6175,7,-0.383111986765481,-1.2515321516691895,-0.5619780437867635,0.27338150918637527,3,-0.5098167859943894,0,0,-0.07409441897906646,2
6176,14,0.9264151505071309,0.868367323790327,0.6006326644780959,-0.12541854887055803,1,-0.6682574493739278,0,0,-0.6786824217224323,2
6177,11,-1.7838318216197984,-1.4067833778824486,0.6251086793889351,-0.8090757912538723,3,1.2330305111805342,0,0,1.3995888377078878,0
6178,2,0.9902500388142728,-0.3176240022311628,-1.5777326625865882,1.9255531782793849,1,-0.6682574493739278,0,0,-0.036307668807606094,1
6179,13,-0.12047701773033298,0.5410593262580249,-1.2799411478380451,0.786124440973861,0,-0.6682574493739278,1,0,-0.3763884203507494,1
6180,0,0.6473654959072578,0.16733601367230244,0.3436345079142849,-0.5811900437927676,4,2.500555818216842,0,0,-0.11188116915052682,0
6181,2,0.9902500388142728,-0.3176240022311628,-1.2473064612902598,0.9000673147044134,4,1.866793164698688,0,0,-1.6611379261804018,1
6182,7,-0.383111986765481,-1.2515321516691895,0.45785591083153426,-1.4927330336371867,3,0.12394586752376466,1,0,-1.4722041753230999,3
6183,12,-2.008165857670674,1.9735319804944969,-0.8760869018091993,0.5582386935127562,4,1.3914711745600725,0,0,0.1904128322211561,1
6184,3,-1.4828959196003133,-1.3459633098813757,0.5027286048347394,-0.8660472281191486,1,-0.6682574493739278,1,1,-0.18745466949344755,0
6185,10,-0.17336878232770134,-0.10715455638531189,-0.443677305051041,0.8430958778391372,1,-0.6682574493739278,0,0,-1.169910173951417,1
6186,13,-0.12047701773033298,0.5410593262580249,-0.33353523795226486,0.7291530041085849,0,-0.6682574493739278,0,0,-1.6611379261804018,1
6187,0,0.6473654959072578,0.16733601367230244,-1.573653326768115,0.38732438291692767,3,-0.35137612261485085,1,0,-0.2630281698363683,2
6188,12,-2.008165857670674,1.9735319804944969,1.2981990894370117,-0.7521043543885961,1,-0.6682574493739278,0,0,1.324015337364967,3
6189,7,-0.383111986765481,-1.2515321516691895,1.0452802686916738,-0.5242186069274913,2,-0.6682574493739278,0,1,-1.585564425837481,3
6190,9,1.3623162449474802,-0.524092127813878,1.0983116343318253,-1.4357615967719104,1,-0.6682574493739278,1,0,-1.6233511760089414,3
6191,12,-2.008165857670674,1.9735319804944969,0.4864112615608466,-0.011475675140005663,2,-0.6682574493739278,0,1,0.9839345858218238,2
6192,2,0.9902500388142728,-0.3176240022311628,-0.8148968645321014,-0.3533042963316628,3,2.0252338280782265,1,0,1.6640960889081102,2
6193,15,1.2547088618011146,0.6610989341549391,-0.39880461104783593,-0.011475675140005663,1,-0.6682574493739278,1,0,-1.3210571746372586,2
6194,9,1.3623162449474802,-0.524092127813878,-0.7169928048887448,1.1279530621655183,2,-0.6682574493739278,0,0,1.135081586507665,1
6195,13,-0.12047701773033298,0.5410593262580249,1.200295029793655,-1.3787901599066343,4,2.500555818216842,0,0,-0.1496679193219872,3
6196,8,0.6510132038105156,-0.21519020349247783,-0.01942637992982914,-0.23936142260111043,4,1.7083525013191496,0,0,1.3618020875364274,2
6197,10,-0.17336878232770134,-0.10715455638531189,0.45785591083153426,-0.8090757912538723,1,-0.6682574493739278,1,1,0.4171333332499183,0
6198,12,-2.008165857670674,1.9735319804944969,0.01320830661795639,-0.23936142260111043,3,0.2823865309033032,0,0,-0.6786824217224323,2
6199,3,-1.4828959196003133,-1.3459633098813757,1.3797858058064754,-1.4927330336371867,0,-0.6682574493739278,1,0,0.45492008342137863,3
6200,9,1.3623162449474802,-0.524092127813878,0.029525649891849155,0.4442958197822039,1,-0.6682574493739278,0,0,1.135081586507665,2
6201,10,-0.17336878232770134,-0.10715455638531189,-1.5899706700420078,1.2418959358960706,4,2.3421151548373036,0,0,0.8705743353074427,1
6202,6,0.23335064888652038,1.3893392220629235,0.7107747315768721,-0.23936142260111043,2,-0.6682574493739278,0,0,-0.6031089213795116,2
6203,3,-1.4828959196003133,-1.3459633098813757,-0.867928230172253,-0.2963328594663866,3,1.549911837939611,1,0,-0.18745466949344755,2
6204,15,1.2547088618011146,0.6610989341549391,1.5633559176377692,-1.036961538714977,2,-0.6682574493739278,0,1,1.512949088222269,3
6205,5,-0.47612853829875046,-1.599647014570184,1.6123079474594473,-1.4927330336371867,3,-0.5098167859943894,0,0,0.7950008349645219,3
6206,9,1.3623162449474802,-0.524092127813878,1.4287378356281537,-0.8660472281191486,2,-0.6682574493739278,0,0,-0.036307668807606094,3
6207,2,0.9902500388142728,-0.3176240022311628,1.6327046265518133,-1.4927330336371867,4,-0.35137612261485085,0,0,0.22819958239261645,3
6208,5,-0.47612853829875046,-1.599647014570184,1.6163872832779205,-1.036961538714977,2,-0.6682574493739278,0,0,0.15262608204969574,3
6209,8,0.6510132038105156,-0.21519020349247783,0.0988743588058934,-1.2078758493108057,4,1.3914711745600725,1,0,0.15262608204969574,3
6210,1,-0.24814679434461676,0.6210857315226723,-1.659319378956052,1.2988673727613467,3,0.7577085210419187,0,0,0.6060670841072201,1
6211,14,0.9264151505071309,0.868367323790327,0.5679979779303104,-1.4927330336371867,3,1.7083525013191496,1,0,1.4373755878793482,3
6212,3,-1.4828959196003133,-1.3459633098813757,-0.33353523795226486,0.7291530041085849,0,-0.6682574493739278,0,1,1.5885225885651897,1
6213,2,0.9902500388142728,-0.3176240022311628,-0.5619780437867635,0.27338150918637527,3,1.3914711745600725,0,0,-0.18745466949344755,2
6214,8,0.6510132038105156,-0.21519020349247783,0.8413134777680142,-0.3533042963316628,2,-0.6682574493739278,0,0,0.8327875851359823,2
6215,1,-0.24814679434461676,0.6210857315226723,-1.402321222392241,1.7546388676835563,2,-0.6682574493739278,0,1,0.7194273346216012,1
6216,4,0.30995251485512954,0.3914099484132469,0.13966771699062533,-0.3533042963316628,3,0.4408271942828417,0,0,1.2484418370220463,2
6217,1,-0.24814679434461676,0.6210857315226723,0.3844278660990168,-0.5811900437927676,3,-0.5098167859943894,0,1,-0.4519619206936701,0
6218,15,1.2547088618011146,0.6610989341549391,0.7189334032138185,-1.0939329755802534,2,-0.6682574493739278,1,0,-0.036307668807606094,3
6219,12,-2.008165857670674,1.9735319804944969,-0.2274725066719619,-0.011475675140005663,3,2.183674491457765,0,1,1.4373755878793482,2
6220,12,-2.008165857670674,1.9735319804944969,-0.272345200675167,-0.8660472281191486,4,-0.5098167859943894,1,1,-1.4722041753230999,0
6221,1,-0.24814679434461676,0.6210857315226723,-0.19075848430570316,0.6152101303780324,0,-0.6682574493739278,0,0,-1.2832704244657982,1
6222,8,0.6510132038105156,-0.21519020349247783,0.6414260226628279,-0.9799901018497009,0,-0.6682574493739278,1,0,0.6060670841072201,3
6223,14,0.9264151505071309,0.868367323790327,-0.6109300736084419,1.0140101884349657,1,-0.6682574493739278,0,0,-0.7920426722368133,1
6224,12,-2.008165857670674,1.9735319804944969,-0.8189762003505746,0.5012672566474801,4,0.9161491844214572,0,0,-0.6408956715509719,1
6225,15,1.2547088618011146,0.6610989341549391,0.08663635135047383,-1.1509044124455294,4,0.2823865309033032,1,0,-0.9054029227511945,3
6226,14,0.9264151505071309,0.868367323790327,-0.1785204768502836,0.6152101303780324,1,-0.6682574493739278,0,1,-1.169910173951417,1
6227,1,-0.24814679434461676,0.6210857315226723,-1.5695739909496418,1.9255531782793849,2,-0.6682574493739278,0,0,-0.30081492000782867,1
6228,10,-0.17336878232770134,-0.10715455638531189,0.4333798959206951,-0.6381614806580438,4,0.12394586752376466,0,0,0.34155983290699754,0
6229,12,-2.008165857670674,1.9735319804944969,-0.5089466781466121,0.9000673147044134,1,-0.6682574493739278,0,0,-1.3210571746372586,1
6230,10,-0.17336878232770134,-0.10715455638531189,1.1962156939751818,-0.69513291752332,1,-0.6682574493739278,0,1,-0.6786824217224323,3
6231,13,-0.12047701773033298,0.5410593262580249,-1.6756367222299449,0.4442958197822039,4,1.3914711745600725,1,0,-1.6989246763518622,2
6232,8,0.6510132038105156,-0.21519020349247783,1.114628977605718,-0.5811900437927676,2,-0.6682574493739278,0,0,-0.6031089213795116,3
6233,2,0.9902500388142728,-0.3176240022311628,1.220691708886021,-0.69513291752332,0,-0.6682574493739278,0,0,1.4373755878793482,3
6234,3,-1.4828959196003133,-1.3459633098813757,-0.8801662376276725,0.38732438291692767,2,-0.6682574493739278,1,0,-1.4722041753230999,2
6235,6,0.23335064888652038,1.3893392220629235,-0.7496274914365304,-0.410275733196939,4,1.7083525013191496,1,1,-1.6611379261804018,0
6236,1,-0.24814679434461676,0.6210857315226723,0.4660145824684806,-0.011475675140005663,1,-0.6682574493739278,0,1,1.3995888377078878,2
6237,2,0.9902500388142728,-0.3176240022311628,-1.1412437300099567,1.5267531202224516,0,-0.6682574493739278,0,0,-1.585564425837481,1
6238,12,-2.008165857670674,1.9735319804944969,0.8739481643157998,-1.036961538714977,3,2.500555818216842,0,0,-0.2252414196649079,3
6239,10,-0.17336878232770134,-0.10715455638531189,0.8005201195832823,-1.1509044124455294,2,-0.6682574493739278,1,0,-0.5275354210365908,3
6240,0,0.6473654959072578,0.16733601367230244,0.06623967225810788,-1.1509044124455294,4,1.3914711745600725,1,0,-0.2252414196649079,3
6241,7,-0.383111986765481,-1.2515321516691895,-0.8638488943537798,0.5582386935127562,4,-0.19293545923531236,0,0,0.9461478356503634,1
6242,15,1.2547088618011146,0.6610989341549391,1.608228611640974,-1.036961538714977,0,-0.6682574493739278,0,0,0.9839345858218238,3
6243,3,-1.4828959196003133,-1.3459633098813757,0.35587251536970443,0.10246719859054672,1,-0.6682574493739278,0,0,1.2484418370220463,2
6244,0,0.6473654959072578,0.16733601367230244,-0.03166438738524872,-0.18238998573583423,3,-0.19293545923531236,0,1,0.4171333332499183,2
6245,4,0.30995251485512954,0.3914099484132469,0.5394426272009981,-0.06844711200528185,2,-0.6682574493739278,0,0,-0.754255922065353,2
6246,0,0.6473654959072578,0.16733601367230244,-0.6925167899779057,1.070981625300242,1,-0.6682574493739278,0,0,0.1904128322211561,1
6247,12,-2.008165857670674,1.9735319804944969,-0.827134871987521,1.2418959358960706,0,-0.6682574493739278,0,0,-0.7164691718938927,1
6248,2,0.9902500388142728,-0.3176240022311628,1.0330422612362542,-1.2078758493108057,3,0.2823865309033032,0,1,0.7194273346216012,3
6249,3,-1.4828959196003133,-1.3459633098813757,-0.37432859613699676,0.10246719859054672,3,-0.03449479585577385,0,0,-1.2454836742943378,2
6250,2,0.9902500388142728,-0.3176240022311628,1.1921363581567086,-0.6381614806580438,2,-0.6682574493739278,0,1,-0.2252414196649079,3
6251,6,0.23335064888652038,1.3893392220629235,1.179898350701289,-1.4927330336371867,4,2.183674491457765,1,1,0.3037730827355372,3
6252,0,0.6473654959072578,0.16733601367230244,-0.5742160512421831,0.9570387515696896,1,-0.6682574493739278,0,1,-1.0187631732655755,1
6253,6,0.23335064888652038,1.3893392220629235,-1.1330850583730103,0.8430958778391372,4,1.3914711745600725,0,0,1.135081586507665,1
6254,14,0.9264151505071309,0.868367323790327,-0.721072140707218,1.1279530621655183,0,-0.6682574493739278,0,0,0.5682803339357597,1
6255,12,-2.008165857670674,1.9735319804944969,-0.8638488943537798,0.5582386935127562,4,0.2823865309033032,0,0,0.9461478356503634,1
6256,13,-0.12047701773033298,0.5410593262580249,1.2778024103446457,-1.4927330336371867,0,-0.6682574493739278,1,1,1.2484418370220463,3
6257,11,-1.7838318216197984,-1.4067833778824486,0.05808100062116149,-0.2963328594663866,3,0.7577085210419187,0,1,-0.5275354210365908,2
6258,12,-2.008165857670674,1.9735319804944969,0.8821068359527461,-0.3533042963316628,2,-0.6682574493739278,0,0,-1.358843924808719,2
6259,6,0.23335064888652038,1.3893392220629235,-1.084133028551332,0.786124440973861,4,1.2330305111805342,0,0,-1.2076969241228774,1
6260,12,-2.008165857670674,1.9735319804944969,-1.1167677150991175,1.4697816833571753,0,-0.6682574493739278,0,1,-1.3966306749801791,1
6261,14,0.9264151505071309,0.868367323790327,0.6822193808475597,-0.8660472281191486,4,1.3914711745600725,0,0,1.62630933873665,0
6262,1,-0.24814679434461676,0.6210857315226723,0.21309576172314276,-0.410275733196939,4,-0.19293545923531236,0,0,-0.18745466949344755,0
6263,1,-0.24814679434461676,0.6210857315226723,-1.483907938761705,1.8116103045488325,2,-0.6682574493739278,0,1,-0.07409441897906646,1
6264,15,1.2547088618011146,0.6610989341549391,1.0575182761470934,-0.5242186069274913,1,-0.6682574493739278,0,1,0.0014790813638542722,3
6265,5,-0.47612853829875046,-1.599647014570184,0.3762691944620704,-0.5811900437927676,3,2.3421151548373036,0,1,0.6438538342786805,0
6266,7,-0.383111986765481,-1.2515321516691895,1.6979739996473844,-1.1509044124455294,1,-0.6682574493739278,0,0,-0.6786824217224323,3
6267,3,-1.4828959196003133,-1.3459633098813757,-1.2391477896533134,0.7291530041085849,1,-0.6682574493739278,1,1,0.0014790813638542722,1
6268,13,-0.12047701773033298,0.5410593262580249,0.8821068359527461,-1.036961538714977,4,0.5992678576623801,0,0,-0.6786824217224323,3
6269,4,0.30995251485512954,0.3914099484132469,1.0371215970547274,-1.2078758493108057,3,-0.03449479585577385,0,0,-1.6233511760089414,3
6270,1,-0.24814679434461676,0.6210857315226723,-0.08061641720692701,-0.3533042963316628,2,-0.6682574493739278,1,1,0.5682803339357597,2
6271,7,-0.383111986765481,-1.2515321516691895,-1.4553525880323925,0.9570387515696896,0,-0.6682574493739278,1,1,-0.48974867086513046,1
6272,14,0.9264151505071309,0.868367323790327,-1.0514983420035466,-0.12541854887055803,3,2.0252338280782265,1,1,-0.48974867086513046,2
6273,8,0.6510132038105156,-0.21519020349247783,-1.4920666103986513,1.8116103045488325,1,-0.6682574493739278,0,0,0.5682803339357597,1
6274,15,1.2547088618011146,0.6610989341549391,-1.271782476201099,0.9570387515696896,4,-0.35137612261485085,0,1,1.3618020875364274,1
6275,1,-0.24814679434461676,0.6210857315226723,1.457293186357466,-0.9230186649844248,1,-0.6682574493739278,0,0,-0.30081492000782867,3
6276,12,-2.008165857670674,1.9735319804944969,0.7230127390322917,-1.0939329755802534,1,-0.6682574493739278,1,0,1.7018828390795706,3
6277,5,-0.47612853829875046,-1.599647014570184,1.5470385743638764,-0.9799901018497009,0,-0.6682574493739278,0,0,-1.5477776756660206,3
6278,15,1.2547088618011146,0.6610989341549391,-0.3131385588598989,0.7291530041085849,1,-0.6682574493739278,0,0,0.26598633256407683,1
6279,5,-0.47612853829875046,-1.599647014570184,-1.532859968583383,1.8685817414141086,1,-0.6682574493739278,0,0,-1.0943366736084963,1
6280,1,-0.24814679434461676,0.6210857315226723,1.0615976119655666,-1.3787901599066343,1,-0.6682574493739278,1,0,-1.2076969241228774,3
6281,7,-0.383111986765481,-1.2515321516691895,-0.35801125286310403,0.10246719859054672,3,-0.5098167859943894,0,0,1.3995888377078878,2
6282,11,-1.7838318216197984,-1.4067833778824486,0.559839306293364,-0.7521043543885961,4,2.183674491457765,0,0,-0.41417517052220976,0
6283,11,-1.7838318216197984,-1.4067833778824486,0.4211418884652755,0.04549576172527053,0,-0.6682574493739278,0,0,1.3618020875364274,2
6284,8,0.6510132038105156,-0.21519020349247783,-0.443677305051041,0.8430958778391372,0,-0.6682574493739278,0,0,1.0217213359932842,1
6285,6,0.23335064888652038,1.3893392220629235,0.4660145824684806,-0.8660472281191486,0,-0.6682574493739278,1,1,0.7194273346216012,0
6286,5,-0.47612853829875046,-1.599647014570184,1.3797858058064754,-1.4927330336371867,4,1.866793164698688,1,1,0.22819958239261645,3
6287,3,-1.4828959196003133,-1.3459633098813757,-1.5654946551311686,1.9255531782793849,1,-0.6682574493739278,0,1,1.5507358383937293,1
6288,0,0.6473654959072578,0.16733601367230244,0.5027286048347394,-0.011475675140005663,2,-0.6682574493739278,0,0,-0.5653221712080512,2
6289,8,0.6510132038105156,-0.21519020349247783,1.6571806414626524,-1.0939329755802534,0,-0.6682574493739278,0,0,-0.30081492000782867,3
6290,2,0.9902500388142728,-0.3176240022311628,-0.11733043957318573,-0.12541854887055803,3,2.3421151548373036,0,0,0.5682803339357597,2
6291,4,0.30995251485512954,0.3914099484132469,-0.16220313357639082,-0.9230186649844248,3,0.12394586752376466,1,0,0.7572140847930615,0
6292,5,-0.47612853829875046,-1.599647014570184,1.3226751043478508,-1.4927330336371867,4,0.5992678576623801,0,0,-0.7164691718938927,3
6293,0,0.6473654959072578,0.16733601367230244,-0.11733043957318573,0.5582386935127562,1,-0.6682574493739278,0,0,-1.2076969241228774,1
6294,13,-0.12047701773033298,0.5410593262580249,-1.2432271254717866,1.5837245570877276,0,-0.6682574493739278,0,1,-1.6989246763518622,1
6295,0,0.6473654959072578,0.16733601367230244,1.5837525967301351,-1.036961538714977,0,-0.6682574493739278,0,0,1.3618020875364274,3
6296,5,-0.47612853829875046,-1.599647014570184,-1.4471939163954461,1.8116103045488325,2,-0.6682574493739278,0,1,-0.07409441897906646,1
6297,6,0.23335064888652038,1.3893392220629235,-0.12140977539165893,-0.2963328594663866,2,-0.6682574493739278,1,0,1.5507358383937293,2
6298,8,0.6510132038105156,-0.21519020349247783,-1.1575610732838495,0.6721815672433087,0,-0.6682574493739278,1,0,1.5507358383937293,1
6299,6,0.23335064888652038,1.3893392220629235,1.1962156939751818,-1.4927330336371867,1,-0.6682574493739278,1,1,-1.5099909254945603,3
6300,8,0.6510132038105156,-0.21519020349247783,1.4287378356281537,-0.8660472281191486,0,-0.6682574493739278,0,0,-0.8298294224082737,3
6301,1,-0.24814679434461676,0.6210857315226723,-1.0514983420035466,-0.12541854887055803,3,0.9161491844214572,1,0,0.908361085478903,2
6302,0,0.6473654959072578,0.16733601367230244,1.5470385743638764,-0.9799901018497009,1,-0.6682574493739278,0,0,-0.7920426722368133,3
6303,6,0.23335064888652038,1.3893392220629235,-1.512463289491017,1.1849244990307943,3,0.4408271942828417,0,0,-0.338601670179289,1
6304,13,-0.12047701773033298,0.5410593262580249,-0.37840793195546996,0.786124440973861,0,-0.6682574493739278,0,0,-1.1321234237799567,1
6305,8,0.6510132038105156,-0.21519020349247783,-0.8516108868983602,1.2418959358960706,0,-0.6682574493739278,0,1,1.0217213359932842,1
6306,5,-0.47612853829875046,-1.599647014570184,1.130946320879611,-0.5811900437927676,2,-0.6682574493739278,0,0,0.22819958239261645,3
6307,3,-1.4828959196003133,-1.3459633098813757,-1.0107049838188147,1.4128102464918992,1,-0.6682574493739278,0,0,1.4751623380508085,1
6308,8,0.6510132038105156,-0.21519020349247783,-0.5578987079682904,0.9570387515696896,1,-0.6682574493739278,0,1,1.097294836336205,1
6309,13,-0.12047701773033298,0.5410593262580249,-1.5287806327649098,1.8685817414141086,1,-0.6682574493739278,0,0,0.908361085478903,1
6310,5,-0.47612853829875046,-1.599647014570184,0.5924739928411495,-0.12541854887055803,0,-0.6682574493739278,0,0,0.45492008342137863,2
6311,0,0.6473654959072578,0.16733601367230244,-1.4104798940291874,1.7546388676835563,0,-0.6682574493739278,0,0,-1.2076969241228774,1
6312,11,-1.7838318216197984,-1.4067833778824486,1.0819942910579325,-0.5811900437927676,0,-0.6682574493739278,0,0,-0.8676161725797341,3
6313,15,1.2547088618011146,0.6610989341549391,-1.296258491111938,0.9570387515696896,3,0.4408271942828417,0,0,1.097294836336205,1
6314,15,1.2547088618011146,0.6610989341549391,-1.6552400431375789,1.1279530621655183,0,-0.6682574493739278,1,0,0.5682803339357597,1
6315,4,0.30995251485512954,0.3914099484132469,-1.2473064612902598,0.9000673147044134,3,-0.19293545923531236,0,0,0.26598633256407683,1
6316,9,1.3623162449474802,-0.524092127813878,0.922900194137478,-0.410275733196939,2,-0.6682574493739278,0,0,1.4751623380508085,0
6317,0,0.6473654959072578,0.16733601367230244,1.0330422612362542,-1.4927330336371867,4,1.3914711745600725,1,1,-1.5477776756660206,3
6318,6,0.23335064888652038,1.3893392220629235,-1.3452105209336163,1.6976674308182802,1,-0.6682574493739278,0,0,1.2484418370220463,1
6319,10,-0.17336878232770134,-0.10715455638531189,-0.39880461104783593,0.1594386354558229,3,1.549911837939611,0,1,0.9461478356503634,2
6320,4,0.30995251485512954,0.3914099484132469,-0.5905333945160759,1.0140101884349657,2,-0.6682574493739278,0,0,1.62630933873665,1
6321,13,-0.12047701773033298,0.5410593262580249,-0.635406088519281,0.3303529460516515,3,1.866793164698688,0,0,-0.7164691718938927,2
6322,9,1.3623162449474802,-0.524092127813878,0.9025035150451121,-0.410275733196939,0,-0.6682574493739278,0,0,-0.6031089213795116,0
6323,12,-2.008165857670674,1.9735319804944969,0.22941310499703552,-0.4672471700622152,4,0.9161491844214572,0,1,1.3995888377078878,0
6324,13,-0.12047701773033298,0.5410593262580249,-0.9454356107232436,0.4442958197822039,0,-0.6682574493739278,1,0,-0.07409441897906646,2
6325,13,-0.12047701773033298,0.5410593262580249,1.1635810074273962,-1.4927330336371867,0,-0.6682574493739278,1,0,1.3995888377078878,3
6326,15,1.2547088618011146,0.6610989341549391,0.18046107517535723,-0.410275733196939,4,1.866793164698688,0,0,-1.2832704244657982,0
6327,15,1.2547088618011146,0.6610989341549391,0.4293005601022219,0.04549576172527053,2,-0.6682574493739278,0,0,0.7194273346216012,2
6328,2,0.9902500388142728,-0.3176240022311628,1.5470385743638764,-1.4927330336371867,1,-0.6682574493739278,1,0,1.2106550868505859,3
6329,4,0.30995251485512954,0.3914099484132469,-1.7041920729592572,1.355838809626623,3,0.4408271942828417,0,0,-0.30081492000782867,1
6330,10,-0.17336878232770134,-0.10715455638531189,-1.0433396703666002,1.4128102464918992,0,-0.6682574493739278,0,0,0.3793465830784579,1
6331,6,0.23335064888652038,1.3893392220629235,-1.169799080739269,-0.011475675140005663,3,1.3914711745600725,1,0,0.6816405844501409,2
6332,0,0.6473654959072578,0.16733601367230244,-1.2391477896533134,1.5837245570877276,0,-0.6682574493739278,0,1,-0.6031089213795116,1
6333,11,-1.7838318216197984,-1.4067833778824486,-1.6960334013223108,1.355838809626623,3,2.3421151548373036,0,1,0.6816405844501409,1
6334,6,0.23335064888652038,1.3893392220629235,0.7148540673953453,-1.4927330336371867,3,0.5992678576623801,1,1,0.6060670841072201,3
6335,3,-1.4828959196003133,-1.3459633098813757,-0.7251514765256912,1.1279530621655183,1,-0.6682574493739278,0,0,-1.2832704244657982,1
6336,15,1.2547088618011146,0.6610989341549391,-1.4798286029432317,1.8116103045488325,1,-0.6682574493739278,0,0,1.3995888377078878,1
6337,7,-0.383111986765481,-1.2515321516691895,1.0819942910579325,-0.5811900437927676,2,-0.6682574493739278,0,1,1.0595080861647446,3
6338,8,0.6510132038105156,-0.21519020349247783,-0.7822621779843159,0.5012672566474801,3,2.183674491457765,0,0,-0.07409441897906646,1
6339,5,-0.47612853829875046,-1.599647014570184,-0.13772711866555168,-0.12541854887055803,3,-0.5098167859943894,0,0,0.8327875851359823,2
6340,11,-1.7838318216197984,-1.4067833778824486,-0.9209595958124044,1.2988673727613467,0,-0.6682574493739278,0,0,1.2862285871935066,1
6341,14,0.9264151505071309,0.868367323790327,-0.35393191704463084,0.786124440973861,0,-0.6682574493739278,0,0,0.3037730827355372,1
6342,14,0.9264151505071309,0.868367323790327,-0.7537068272550036,1.1279530621655183,2,-0.6682574493739278,0,0,1.3995888377078878,1
6343,1,-0.24814679434461676,0.6210857315226723,-0.7292308123441644,0.27338150918637527,1,-0.6682574493739278,1,0,0.9839345858218238,2
6344,7,-0.383111986765481,-1.2515321516691895,-0.7659448347104232,0.3303529460516515,2,-0.6682574493739278,1,0,0.492706833592839,2
6345,2,0.9902500388142728,-0.3176240022311628,-1.7082714087777304,2.0394960520099374,0,-0.6682574493739278,0,0,-1.2832704244657982,1
6346,6,0.23335064888652038,1.3893392220629235,0.9106621866820584,-0.410275733196939,1,-0.6682574493739278,0,0,-0.07409441897906646,0
6347,11,-1.7838318216197984,-1.4067833778824486,1.130946320879611,-0.5811900437927676,2,-0.6682574493739278,0,0,-0.338601670179289,3
6348,7,-0.383111986765481,-1.2515321516691895,-1.0270223270927075,0.7291530041085849,3,2.3421151548373036,0,0,0.4171333332499183,1
6349,12,-2.008165857670674,1.9735319804944969,0.05808100062116149,0.38732438291692767,2,-0.6682574493739278,0,1,-0.5653221712080512,2
6350,2,0.9902500388142728,-0.3176240022311628,-0.14996512612097126,-0.12541854887055803,3,-0.19293545923531236,0,0,1.2106550868505859,2
6351,9,1.3623162449474802,-0.524092127813878,0.31099982136649934,-0.5242186069274913,4,1.3914711745600725,0,1,-1.358843924808719,0
6352,9,1.3623162449474802,-0.524092127813878,0.4700939182869538,-0.69513291752332,4,0.4408271942828417,0,1,-1.1321234237799567,0
6353,7,-0.383111986765481,-1.2515321516691895,-0.7373894839811108,0.27338150918637527,2,-0.6682574493739278,1,0,0.3037730827355372,2
6354,1,-0.24814679434461676,0.6210857315226723,-0.5823747228791295,0.3303529460516515,3,0.7577085210419187,0,0,-1.0943366736084963,2
6355,8,0.6510132038105156,-0.21519020349247783,0.837234141949541,-1.036961538714977,4,2.3421151548373036,0,1,0.45492008342137863,3
6356,10,-0.17336878232770134,-0.10715455638531189,1.0779149552394593,-0.5811900437927676,1,-0.6682574493739278,0,0,-1.3966306749801791,3
6357,1,-0.24814679434461676,0.6210857315226723,-1.2840204836565183,1.640695993953004,1,-0.6682574493739278,0,0,0.5682803339357597,1
6358,1,-0.24814679434461676,0.6210857315226723,1.2778024103446457,-1.4927330336371867,3,0.4408271942828417,1,0,-1.3210571746372586,3
6359,6,0.23335064888652038,1.3893392220629235,-0.6190887452453883,0.3303529460516515,4,-0.03449479585577385,0,0,-0.18745466949344755,2
6360,14,0.9264151505071309,0.868367323790327,-1.512463289491017,1.8685817414141086,1,-0.6682574493739278,0,0,-0.30081492000782867,1
6361,13,-0.12047701773033298,0.5410593262580249,0.9596142165037368,-1.1509044124455294,4,1.549911837939611,0,1,0.7194273346216012,3
6362,14,0.9264151505071309,0.868367323790327,-1.4920666103986513,1.1279530621655183,4,1.0745898478009956,0,0,-1.5477776756660206,1
6363,6,0.23335064888652038,1.3893392220629235,0.7311714106692381,-1.0939329755802534,1,-0.6682574493739278,1,0,-1.6233511760089414,3
6364,4,0.30995251485512954,0.3914099484132469,1.6612599772811256,-1.4927330336371867,4,1.0745898478009956,0,1,-0.7920426722368133,3
6365,15,1.2547088618011146,0.6610989341549391,-0.6680407750670666,1.070981625300242,2,-0.6682574493739278,0,0,-1.358843924808719,1
6366,11,-1.7838318216197984,-1.4067833778824486,1.0208042537808346,-0.5242186069274913,2,-0.6682574493739278,0,0,-1.358843924808719,3
6367,0,0.6473654959072578,0.16733601367230244,-0.43959796923256783,0.8430958778391372,1,-0.6682574493739278,0,0,-0.11188116915052682,1
6368,9,1.3623162449474802,-0.524092127813878,0.7882821121278627,-0.9799901018497009,4,2.0252338280782265,0,1,-0.3763884203507494,3
6369,11,-1.7838318216197984,-1.4067833778824486,-0.827134871987521,0.5582386935127562,4,1.866793164698688,0,1,1.5885225885651897,1
6370,5,-0.47612853829875046,-1.599647014570184,-0.95359428236019,0.5012672566474801,2,-0.6682574493739278,1,1,0.3037730827355372,1
6371,12,-2.008165857670674,1.9735319804944969,1.518483223634564,-1.4927330336371867,3,0.2823865309033032,0,1,-1.2454836742943378,3
6372,7,-0.383111986765481,-1.2515321516691895,0.6903780524845061,-0.18238998573583423,1,-0.6682574493739278,0,0,0.6060670841072201,2
6373,3,-1.4828959196003133,-1.3459633098813757,1.0819942910579325,-0.5811900437927676,2,-0.6682574493739278,0,0,0.8327875851359823,3
6374,7,-0.383111986765481,-1.2515321516691895,-0.6517234317931738,0.38732438291692767,4,1.0745898478009956,0,0,1.4373755878793482,2
6375,12,-2.008165857670674,1.9735319804944969,-1.2840204836565183,1.640695993953004,1,-0.6682574493739278,0,0,-1.4344174251516395,1
6376,8,0.6510132038105156,-0.21519020349247783,-1.5981293416789542,0.38732438291692767,4,0.4408271942828417,1,0,-1.6233511760089414,2
6377,14,0.9264151505071309,0.868367323790327,-1.6470813715006325,1.982524615144661,2,-0.6682574493739278,0,0,0.34155983290699754,1
6378,5,-0.47612853829875046,-1.599647014570184,1.4205791639912073,-0.8660472281191486,1,-0.6682574493739278,0,1,1.7018828390795706,3
6379,1,-0.24814679434461676,0.6210857315226723,-1.3737658716629286,0.8430958778391372,0,-0.6682574493739278,1,0,-0.7920426722368133,1
6380,11,-1.7838318216197984,-1.4067833778824486,1.6571806414626524,-1.4927330336371867,2,-0.6682574493739278,1,0,0.5682803339357597,3
6381,9,1.3623162449474802,-0.524092127813878,1.1635810074273962,-0.6381614806580438,2,-0.6682574493739278,0,1,0.8327875851359823,3
6382,9,1.3623162449474802,-0.524092127813878,0.4700939182869538,-0.011475675140005663,0,-0.6682574493739278,0,0,-0.8298294224082737,2
6383,0,0.6473654959072578,0.16733601367230244,-1.3084964985673575,0.9570387515696896,4,0.7577085210419187,0,0,1.62630933873665,1
6384,3,-1.4828959196003133,-1.3459633098813757,1.2370090521599137,-1.4927330336371867,0,-0.6682574493739278,1,0,-0.41417517052220976,3
6385,7,-0.383111986765481,-1.2515321516691895,-0.6109300736084419,0.3303529460516515,4,1.7083525013191496,0,0,1.5885225885651897,2
6386,1,-0.24814679434461676,0.6210857315226723,1.049359604510147,-0.5242186069274913,0,-0.6682574493739278,0,0,-0.3763884203507494,3
6387,13,-0.12047701773033298,0.5410593262580249,-0.38656660359241635,0.786124440973861,1,-0.6682574493739278,0,0,-0.30081492000782867,1
6388,14,0.9264151505071309,0.868367323790327,0.07847767971352745,0.38732438291692767,0,-0.6682574493739278,0,0,1.0217213359932842,2
6389,7,-0.383111986765481,-1.2515321516691895,-1.14532306582843,-0.011475675140005663,4,2.500555818216842,1,0,1.512949088222269,2
6390,12,-2.008165857670674,1.9735319804944969,-1.5287806327649098,0.3303529460516515,3,0.9161491844214572,1,0,1.135081586507665,2
6391,0,0.6473654959072578,0.16733601367230244,0.559839306293364,-0.9230186649844248,2,-0.6682574493739278,1,0,0.7572140847930615,0
6392,13,-0.12047701773033298,0.5410593262580249,-1.5287806327649098,1.0140101884349657,1,-0.6682574493739278,1,0,-1.1321234237799567,1
6393,5,-0.47612853829875046,-1.599647014570184,0.21309576172314276,-0.5811900437927676,1,-0.6682574493739278,1,1,-0.3763884203507494,0
6394,8,0.6510132038105156,-0.21519020349247783,-1.0433396703666002,0.7291530041085849,4,0.4408271942828417,0,0,-0.2252414196649079,1
6395,15,1.2547088618011146,0.6610989341549391,-0.6190887452453883,0.3303529460516515,4,1.2330305111805342,0,0,0.6060670841072201,2
6396,1,-0.24814679434461676,0.6210857315226723,-0.08877508884387339,-1.036961538714977,4,0.5992678576623801,1,0,-0.4519619206936701,3
6397,10,-0.17336878232770134,-0.10715455638531189,0.9065828508635853,-1.0939329755802534,4,0.4408271942828417,0,0,-0.6408956715509719,3
6398,3,-1.4828959196003133,-1.3459633098813757,0.22941310499703552,0.2164100723210991,1,-0.6682574493739278,0,0,1.2106550868505859,2
6399,11,-1.7838318216197984,-1.4067833778824486,0.07439834389505426,0.38732438291692767,2,-0.6682574493739278,0,0,-1.585564425837481,2
6400,7,-0.383111986765481,-1.2515321516691895,-1.4961459462171245,1.8116103045488325,2,-0.6682574493739278,0,1,0.7950008349645219,1
6401,4,0.30995251485512954,0.3914099484132469,-1.2391477896533134,0.7291530041085849,0,-0.6682574493739278,1,0,-0.8298294224082737,1
6402,3,-1.4828959196003133,-1.3459633098813757,-1.4961459462171245,0.27338150918637527,3,0.4408271942828417,1,0,-1.6989246763518622,2
6403,7,-0.383111986765481,-1.2515321516691895,0.16006439608299128,-0.410275733196939,3,1.0745898478009956,0,1,1.3995888377078878,0
6404,12,-2.008165857670674,1.9735319804944969,0.2865238064556602,-0.69513291752332,1,-0.6682574493739278,1,0,1.7018828390795706,0
6405,0,0.6473654959072578,0.16733601367230244,-0.4681533199618802,0.04549576172527053,1,-0.6682574493739278,1,0,-0.30081492000782867,2
6406,15,1.2547088618011146,0.6610989341549391,0.16006439608299128,0.27338150918637527,1,-0.6682574493739278,0,0,-0.2630281698363683,2
6407,8,0.6510132038105156,-0.21519020349247783,1.608228611640974,-1.4927330336371867,4,1.866793164698688,1,1,-0.5653221712080512,3
6408,7,-0.383111986765481,-1.2515321516691895,1.5021658803606712,-0.9799901018497009,0,-0.6682574493739278,0,0,-0.9054029227511945,3
6409,11,-1.7838318216197984,-1.4067833778824486,0.9759315597776296,-0.4672471700622152,1,-0.6682574493739278,0,1,-0.4519619206936701,3
6410,14,0.9264151505071309,0.868367323790327,0.8739481643157998,-1.4927330336371867,3,0.4408271942828417,1,1,0.45492008342137863,3
6411,2,0.9902500388142728,-0.3176240022311628,-0.7781828421658428,0.5012672566474801,4,-0.35137612261485085,0,0,0.15262608204969574,1
6412,4,0.30995251485512954,0.3914099484132469,1.3145164327109045,-1.4357615967719104,4,0.5992678576623801,0,0,1.1728683366791255,3
6413,13,-0.12047701773033298,0.5410593262580249,-1.381924543299875,0.2164100723210991,3,2.183674491457765,1,0,0.6438538342786805,2
6414,15,1.2547088618011146,0.6610989341549391,-0.09693376048081978,-0.12541854887055803,3,0.2823865309033032,0,0,-0.3763884203507494,2
6415,4,0.30995251485512954,0.3914099484132469,-0.9862289689079755,1.355838809626623,2,-0.6682574493739278,0,0,0.7950008349645219,1
6416,8,0.6510132038105156,-0.21519020349247783,0.8331548061310678,-1.036961538714977,3,-0.03449479585577385,0,0,1.3995888377078878,3
6417,1,-0.24814679434461676,0.6210857315226723,-1.1738784165577423,1.5267531202224516,0,-0.6682574493739278,0,0,1.2862285871935066,1
6418,11,-1.7838318216197984,-1.4067833778824486,-0.2315518424904351,-0.011475675140005663,3,1.7083525013191496,0,0,-0.07409441897906646,2
6419,11,-1.7838318216197984,-1.4067833778824486,-0.7781828421658428,1.1849244990307943,2,-0.6682574493739278,0,1,0.6816405844501409,1
6420,11,-1.7838318216197984,-1.4067833778824486,-1.104529707643698,1.4697816833571753,1,-0.6682574493739278,0,0,1.2862285871935066,1
6421,14,0.9264151505071309,0.868367323790327,-0.5864540586976027,-0.5242186069274913,4,1.2330305111805342,1,0,-1.6233511760089414,0
6422,14,0.9264151505071309,0.868367323790327,0.049922328984215114,0.38732438291692767,0,-0.6682574493739278,0,0,0.3037730827355372,2
6423,15,1.2547088618011146,0.6610989341549391,-1.0963710360067516,1.4697816833571753,0,-0.6682574493739278,0,0,-1.6989246763518622,1
6424,13,-0.12047701773033298,0.5410593262580249,-0.10509243211776616,0.5582386935127562,1,-0.6682574493739278,0,0,-1.2454836742943378,1
6425,7,-0.383111986765481,-1.2515321516691895,-1.0107049838188147,1.4128102464918992,2,-0.6682574493739278,0,0,1.135081586507665,1
6426,0,0.6473654959072578,0.16733601367230244,0.8127581270387019,-0.2963328594663866,0,-0.6682574493739278,0,1,0.9461478356503634,2
6427,15,1.2547088618011146,0.6610989341549391,-0.039823059022195094,-0.18238998573583423,3,2.183674491457765,0,1,0.11483933187823536,2
6428,11,-1.7838318216197984,-1.4067833778824486,-0.0071883724744095665,0.4442958197822039,1,-0.6682574493739278,0,0,-0.48974867086513046,2
6429,13,-0.12047701773033298,0.5410593262580249,-1.3656072000259822,1.6976674308182802,2,-0.6682574493739278,0,1,1.512949088222269,1
6430,4,0.30995251485512954,0.3914099484132469,-0.33761457377073806,0.786124440973861,2,-0.6682574493739278,0,1,-0.754255922065353,1
6431,1,-0.24814679434461676,0.6210857315226723,-0.5905333945160759,1.0140101884349657,2,-0.6682574493739278,0,0,-0.5653221712080512,1
6432,0,0.6473654959072578,0.16733601367230244,-0.635406088519281,1.0140101884349657,2,-0.6682574493739278,0,0,-1.2076969241228774,1
6433,11,-1.7838318216197984,-1.4067833778824486,-0.10917176793623935,-0.12541854887055803,3,0.2823865309033032,0,0,0.3037730827355372,2
6434,3,-1.4828959196003133,-1.3459633098813757,-0.9821496330895023,0.5012672566474801,0,-0.6682574493739278,1,1,-0.9809764230941153,1
6435,5,-0.47612853829875046,-1.599647014570184,0.26204779154482105,0.2164100723210991,2,-0.6682574493739278,0,1,0.07705258170677501,2
6436,6,0.23335064888652038,1.3893392220629235,0.4619352466500074,-0.011475675140005663,0,-0.6682574493739278,0,0,0.11483933187823536,2
6437,4,0.30995251485512954,0.3914099484132469,0.5557599704748908,-0.06844711200528185,2,-0.6682574493739278,0,0,0.4171333332499183,2
6438,1,-0.24814679434461676,0.6210857315226723,-0.4681533199618802,0.9000673147044134,0,-0.6682574493739278,0,1,-0.7920426722368133,1
6439,2,0.9902500388142728,-0.3176240022311628,0.021366978254902774,-0.23936142260111043,3,0.12394586752376466,0,0,-0.3763884203507494,2
6440,7,-0.383111986765481,-1.2515321516691895,-0.38248726777394315,0.786124440973861,0,-0.6682574493739278,0,1,-0.7164691718938927,1
6441,8,0.6510132038105156,-0.21519020349247783,0.029525649891849155,0.4442958197822039,2,-0.6682574493739278,0,0,0.9839345858218238,2
6442,10,-0.17336878232770134,-0.10715455638531189,-1.3941625507552946,1.070981625300242,4,1.0745898478009956,0,0,-0.11188116915052682,1
6443,11,-1.7838318216197984,-1.4067833778824486,1.1921363581567086,-0.6381614806580438,0,-0.6682574493739278,0,1,-0.7920426722368133,3
6444,8,0.6510132038105156,-0.21519020349247783,0.037684321528795535,0.38732438291692767,1,-0.6682574493739278,0,0,-1.056549923437036,2
6445,11,-1.7838318216197984,-1.4067833778824486,0.9596142165037368,-1.1509044124455294,3,-0.03449479585577385,0,0,-0.4519619206936701,3
6446,6,0.23335064888652038,1.3893392220629235,1.2574057312522797,-1.4927330336371867,0,-0.6682574493739278,1,1,1.62630933873665,3
6447,8,0.6510132038105156,-0.21519020349247783,1.5021658803606712,-0.9799901018497009,0,-0.6682574493739278,0,0,-1.169910173951417,3
6448,3,-1.4828959196003133,-1.3459633098813757,-1.3737658716629286,1.6976674308182802,2,-0.6682574493739278,0,0,1.3618020875364274,1
6449,6,0.23335064888652038,1.3893392220629235,1.5551972460008228,-0.9799901018497009,1,-0.6682574493739278,0,0,1.62630933873665,3
6450,8,0.6510132038105156,-0.21519020349247783,1.6449426340072328,-1.0939329755802534,2,-0.6682574493739278,0,0,1.512949088222269,3
6451,5,-0.47612853829875046,-1.599647014570184,-0.7006754616148521,1.070981625300242,1,-0.6682574493739278,0,0,-0.8298294224082737,1
6452,12,-2.008165857670674,1.9735319804944969,1.7061326712843308,-1.1509044124455294,0,-0.6682574493739278,0,0,-0.9809764230941153,3
6453,10,-0.17336878232770134,-0.10715455638531189,-0.1785204768502836,0.6152101303780324,0,-0.6682574493739278,0,0,-0.7164691718938927,1
6454,8,0.6510132038105156,-0.21519020349247783,-0.8312142078059942,1.2418959358960706,0,-0.6682574493739278,0,0,1.0595080861647446,1
6455,3,-1.4828959196003133,-1.3459633098813757,-0.5946127303345491,1.0140101884349657,0,-0.6682574493739278,0,1,-1.0943366736084963,1
6456,10,-0.17336878232770134,-0.10715455638531189,1.4613725221759393,-1.4927330336371867,3,-0.35137612261485085,0,0,-0.754255922065353,3
6457,9,1.3623162449474802,-0.524092127813878,0.25388911990787466,-0.6381614806580438,1,-0.6682574493739278,1,1,0.492706833592839,0
6458,7,-0.383111986765481,-1.2515321516691895,0.5027286048347394,-0.011475675140005663,2,-0.6682574493739278,0,1,-0.3763884203507494,2
6459,5,-0.47612853829875046,-1.599647014570184,1.4205791639912073,-0.8660472281191486,1,-0.6682574493739278,0,0,-0.30081492000782867,3
6460,5,-0.47612853829875046,-1.599647014570184,-0.5293433572389781,0.27338150918637527,3,1.7083525013191496,0,0,1.62630933873665,2
6461,13,-0.12047701773033298,0.5410593262580249,0.6169500077519887,-0.8090757912538723,3,0.4408271942828417,0,0,0.4171333332499183,0
6462,6,0.23335064888652038,1.3893392220629235,1.2900404178000653,-1.4927330336371867,3,-0.5098167859943894,1,1,1.324015337364967,3
6463,11,-1.7838318216197984,-1.4067833778824486,0.559839306293364,-0.9230186649844248,1,-0.6682574493739278,1,0,0.3793465830784579,0
6464,13,-0.12047701773033298,0.5410593262580249,-0.16220313357639082,0.6152101303780324,1,-0.6682574493739278,0,0,-0.036307668807606094,1
6465,15,1.2547088618011146,0.6610989341549391,1.2492470596153333,-1.3787901599066343,3,0.7577085210419187,0,1,-0.11188116915052682,3
6466,6,0.23335064888652038,1.3893392220629235,-0.8434522152614138,0.5582386935127562,3,2.0252338280782265,0,1,0.3037730827355372,1
6467,9,1.3623162449474802,-0.524092127813878,1.4736105296313589,-1.4927330336371867,4,0.5992678576623801,0,0,-1.4722041753230999,3
6468,12,-2.008165857670674,1.9735319804944969,0.4619352466500074,-0.69513291752332,4,0.2823865309033032,0,0,0.22819958239261645,0
6469,8,0.6510132038105156,-0.21519020349247783,1.0575182761470934,-1.4927330336371867,4,-0.03449479585577385,1,0,-0.5275354210365908,3
6470,1,-0.24814679434461676,0.6210857315226723,0.07439834389505426,0.38732438291692767,2,-0.6682574493739278,0,1,-1.6989246763518622,2
6471,14,0.9264151505071309,0.868367323790327,0.5190459481086321,-1.4927330336371867,4,2.183674491457765,1,1,0.22819958239261645,3
6472,8,0.6510132038105156,-0.21519020349247783,-1.4512732522139193,1.8116103045488325,1,-0.6682574493739278,0,1,-1.6233511760089414,1
6473,13,-0.12047701773033298,0.5410593262580249,-0.6517234317931738,1.070981625300242,2,-0.6682574493739278,0,0,1.135081586507665,1
6474,3,-1.4828959196003133,-1.3459633098813757,0.9963282388699954,-0.4672471700622152,0,-0.6682574493739278,0,0,1.1728683366791255,3
6475,11,-1.7838318216197984,-1.4067833778824486,0.22125443336008915,0.2164100723210991,1,-0.6682574493739278,0,0,0.07705258170677501,2
6476,12,-2.008165857670674,1.9735319804944969,0.2498097840894015,-0.6381614806580438,0,-0.6682574493739278,1,0,-1.169910173951417,0
6477,8,0.6510132038105156,-0.21519020349247783,-1.6022086774974273,1.9255531782793849,0,-0.6682574493739278,0,1,0.9839345858218238,1
6478,13,-0.12047701773033298,0.5410593262580249,-0.7537068272550036,1.1279530621655183,1,-0.6682574493739278,0,0,1.0595080861647446,1
6479,7,-0.383111986765481,-1.2515321516691895,-0.02758505156677552,0.4442958197822039,0,-0.6682574493739278,0,0,0.7572140847930615,2
6480,8,0.6510132038105156,-0.21519020349247783,1.4899278729052516,-0.9230186649844248,1,-0.6682574493739278,0,0,1.6640960889081102,3
6481,7,-0.383111986765481,-1.2515321516691895,1.0208042537808346,-1.2078758493108057,3,2.3421151548373036,0,0,0.6816405844501409,3
6482,2,0.9902500388142728,-0.3176240022311628,0.4823319257423734,-0.69513291752332,4,1.866793164698688,0,0,1.0595080861647446,0
6483,3,-1.4828959196003133,-1.3459633098813757,0.13966771699062533,0.3303529460516515,2,-0.6682574493739278,0,0,-1.5099909254945603,2
6484,5,-0.47612853829875046,-1.599647014570184,0.4456179033761147,0.04549576172527053,2,-0.6682574493739278,0,0,-0.036307668807606094,2
6485,4,0.30995251485512954,0.3914099484132469,-1.0882123643698052,0.6152101303780324,1,-0.6682574493739278,1,0,1.2484418370220463,1
6486,0,0.6473654959072578,0.16733601367230244,1.5348005669084568,-0.9799901018497009,2,-0.6682574493739278,0,1,0.5682803339357597,3
6487,10,-0.17336878232770134,-0.10715455638531189,0.30284114972955295,0.1594386354558229,0,-0.6682574493739278,0,0,-1.4722041753230999,2
6488,1,-0.24814679434461676,0.6210857315226723,-0.10101309629929296,0.5582386935127562,1,-0.6682574493739278,0,1,-0.2630281698363683,1
6489,12,-2.008165857670674,1.9735319804944969,-0.30497988722295255,0.04549576172527053,3,0.9161491844214572,0,0,1.4751623380508085,2
6490,9,1.3623162449474802,-0.524092127813878,-0.5007880065096657,0.9000673147044134,2,-0.6682574493739278,0,0,0.492706833592839,1
6491,5,-0.47612853829875046,-1.599647014570184,1.5062452161791444,-0.9799901018497009,2,-0.6682574493739278,0,1,-1.2454836742943378,3
6492,1,-0.24814679434461676,0.6210857315226723,0.7066953957583989,-1.0939329755802534,0,-0.6682574493739278,1,0,-1.2832704244657982,3
6493,11,-1.7838318216197984,-1.4067833778824486,-0.29682121558600616,0.7291530041085849,0,-0.6682574493739278,0,0,-1.2832704244657982,1
6494,7,-0.383111986765481,-1.2515321516691895,0.8657894926788534,-1.2078758493108057,1,-0.6682574493739278,1,0,-1.056549923437036,3
6495,4,0.30995251485512954,0.3914099484132469,-0.847531551079887,0.5582386935127562,3,-0.5098167859943894,0,1,1.135081586507665,1
6496,13,-0.12047701773033298,0.5410593262580249,0.9800108955961028,-1.1509044124455294,4,0.5992678576623801,0,0,0.15262608204969574,3
6497,3,-1.4828959196003133,-1.3459633098813757,0.31507915718497254,-0.69513291752332,1,-0.6682574493739278,1,0,-1.169910173951417,0
6498,9,1.3623162449474802,-0.524092127813878,-0.12548911121013212,-0.12541854887055803,4,-0.03449479585577385,0,1,-0.30081492000782867,2
6499,11,-1.7838318216197984,-1.4067833778824486,0.2375717766339819,0.2164100723210991,2,-0.6682574493739278,0,0,0.9839345858218238,2
6500,6,0.23335064888652038,1.3893392220629235,-0.24786918576432784,0.6721815672433087,1,-0.6682574493739278,0,0,1.5507358383937293,1
6501,0,0.6473654959072578,0.16733601367230244,-0.39472527522936274,0.786124440973861,0,-0.6682574493739278,0,0,-0.1496679193219872,1
6502,12,-2.008165857670674,1.9735319804944969,-1.341131185115143,0.8430958778391372,1,-0.6682574493739278,1,0,-1.6989246763518622,1
6503,4,0.30995251485512954,0.3914099484132469,-0.2233931708534887,-0.8660472281191486,3,1.3914711745600725,1,1,0.7950008349645219,0
6504,12,-2.008165857670674,1.9735319804944969,0.5435219630194713,-0.06844711200528185,2,-0.6682574493739278,0,0,-1.3210571746372586,2
6505,11,-1.7838318216197984,-1.4067833778824486,0.9963282388699954,-1.321818723041358,0,-0.6682574493739278,1,1,-0.48974867086513046,3
6506,4,0.30995251485512954,0.3914099484132469,0.6781400450290865,-1.036961538714977,2,-0.6682574493739278,1,0,-0.2252414196649079,3
6507,6,0.23335064888652038,1.3893392220629235,0.6128706719335155,-0.8090757912538723,4,2.500555818216842,0,1,0.4171333332499183,0
6508,8,0.6510132038105156,-0.21519020349247783,-0.32537656631531847,0.7291530041085849,1,-0.6682574493739278,0,1,0.9839345858218238,1
6509,0,0.6473654959072578,0.16733601367230244,-1.6307640282267397,1.2988673727613467,4,1.0745898478009956,0,0,-1.2832704244657982,1
6510,3,-1.4828959196003133,-1.3459633098813757,1.1431843283350305,-0.6381614806580438,2,-0.6682574493739278,0,0,-1.585564425837481,3
6511,2,0.9902500388142728,-0.3176240022311628,0.8249961344941215,-0.2963328594663866,2,-0.6682574493739278,0,1,-1.3966306749801791,2
6512,14,0.9264151505071309,0.868367323790327,1.0656769477840398,-0.5242186069274913,0,-0.6682574493739278,0,1,-1.2076969241228774,3
6513,13,-0.12047701773033298,0.5410593262580249,-0.5986920661530223,-0.5242186069274913,3,0.4408271942828417,1,0,1.2484418370220463,0
6514,2,0.9902500388142728,-0.3176240022311628,1.0126455821438882,-1.4927330336371867,4,0.7577085210419187,1,0,-1.056549923437036,3
6515,11,-1.7838318216197984,-1.4067833778824486,0.9310588657744244,-1.2648472861760818,1,-0.6682574493739278,1,0,-0.036307668807606094,3
6516,5,-0.47612853829875046,-1.599647014570184,-0.847531551079887,1.2418959358960706,0,-0.6682574493739278,0,0,-1.0187631732655755,1
6517,2,0.9902500388142728,-0.3176240022311628,0.9188208583190048,-1.4927330336371867,3,-0.35137612261485085,1,0,0.6816405844501409,3
6518,6,0.23335064888652038,1.3893392220629235,0.8535514852234338,-1.036961538714977,3,0.7577085210419187,0,0,-0.48974867086513046,3
6519,11,-1.7838318216197984,-1.4067833778824486,-1.3248138418412503,1.6976674308182802,0,-0.6682574493739278,0,0,-0.4519619206936701,1
6520,8,0.6510132038105156,-0.21519020349247783,1.73060868619517,-1.1509044124455294,1,-0.6682574493739278,0,0,-1.6989246763518622,3
6521,5,-0.47612853829875046,-1.599647014570184,1.1962156939751818,-1.4927330336371867,2,-0.6682574493739278,1,0,-0.9431896729226549,3
6522,10,-0.17336878232770134,-0.10715455638531189,0.3721898586435972,0.10246719859054672,2,-0.6682574493739278,0,0,0.22819958239261645,2
6523,15,1.2547088618011146,0.6610989341549391,0.49456993319779297,-0.011475675140005663,2,-0.6682574493739278,0,1,0.9461478356503634,2
6524,4,0.30995251485512954,0.3914099484132469,1.6327046265518133,-1.0939329755802534,1,-0.6682574493739278,0,0,1.6640960889081102,3
6525,5,-0.47612853829875046,-1.599647014570184,0.07439834389505426,-0.2963328594663866,4,2.3421151548373036,0,0,-0.9431896729226549,2
6526,2,0.9902500388142728,-0.3176240022311628,0.3313965004588653,-0.5242186069274913,4,0.12394586752376466,0,0,1.6640960889081102,0
6527,15,1.2547088618011146,0.6610989341549391,-0.9658322898156095,0.5012672566474801,1,-0.6682574493739278,1,0,-0.3763884203507494,1
6528,15,1.2547088618011146,0.6610989341549391,0.025446314073375963,0.4442958197822039,0,-0.6682574493739278,0,1,1.2106550868505859,2
6529,4,0.30995251485512954,0.3914099484132469,-0.9495149465417168,1.355838809626623,2,-0.6682574493739278,0,0,-1.358843924808719,1
6530,3,-1.4828959196003133,-1.3459633098813757,0.2457304482709283,0.2164100723210991,2,-0.6682574493739278,0,0,-1.3966306749801791,2
6531,8,0.6510132038105156,-0.21519020349247783,-0.6965961257963789,1.070981625300242,0,-0.6682574493739278,0,0,1.7018828390795706,1
6532,11,-1.7838318216197984,-1.4067833778824486,0.5557599704748908,-0.9230186649844248,2,-0.6682574493739278,1,1,0.6060670841072201,0
6533,10,-0.17336878232770134,-0.10715455638531189,1.7020533354658576,-1.4927330336371867,2,-0.6682574493739278,1,0,1.4373755878793482,3
6534,8,0.6510132038105156,-0.21519020349247783,-0.7904208496212622,0.3303529460516515,0,-0.6682574493739278,1,1,-0.6031089213795116,2
6535,14,0.9264151505071309,0.868367323790327,0.9392175374113708,-1.2648472861760818,0,-0.6682574493739278,1,1,1.5507358383937293,3
6536,6,0.23335064888652038,1.3893392220629235,0.9310588657744244,-1.0939329755802534,3,1.549911837939611,0,1,-0.6031089213795116,3
6537,10,-0.17336878232770134,-0.10715455638531189,-1.6919540655038376,1.355838809626623,4,1.2330305111805342,0,0,-0.3763884203507494,1
6538,6,0.23335064888652038,1.3893392220629235,-0.95359428236019,1.355838809626623,2,-0.6682574493739278,0,0,-0.6408956715509719,1
6539,4,0.30995251485512954,0.3914099484132469,-1.0025463121818683,0.6721815672433087,3,0.4408271942828417,0,0,1.135081586507665,1
6540,12,-2.008165857670674,1.9735319804944969,-1.594050005860481,1.9255531782793849,2,-0.6682574493739278,0,0,0.11483933187823536,1
6541,9,1.3623162449474802,-0.524092127813878,-0.464073984143407,0.2164100723210991,3,-0.35137612261485085,0,0,0.22819958239261645,2
6542,7,-0.383111986765481,-1.2515321516691895,-1.3533691925705627,1.0140101884349657,4,0.4408271942828417,0,0,-0.6408956715509719,1
6543,2,0.9902500388142728,-0.3176240022311628,-1.3982418865737678,1.070981625300242,4,-0.03449479585577385,0,1,1.0595080861647446,1
6544,5,-0.47612853829875046,-1.599647014570184,0.6985367241214525,-0.18238998573583423,0,-0.6682574493739278,0,0,1.4751623380508085,2
6545,0,0.6473654959072578,0.16733601367230244,1.7224500145582236,-1.4927330336371867,0,-0.6682574493739278,1,0,-1.4344174251516395,3
6546,14,0.9264151505071309,0.868367323790327,0.25388911990787466,0.2164100723210991,0,-0.6682574493739278,0,1,-1.6611379261804018,2
6547,3,-1.4828959196003133,-1.3459633098813757,0.04176365734726873,-0.2963328594663866,4,0.9161491844214572,0,1,1.5885225885651897,2
6548,11,-1.7838318216197984,-1.4067833778824486,-0.039823059022195094,0.5012672566474801,1,-0.6682574493739278,0,0,1.62630933873665,1
6549,1,-0.24814679434461676,0.6210857315226723,-0.7700241705288964,0.5012672566474801,4,0.5992678576623801,0,0,0.15262608204969574,1
6550,2,0.9902500388142728,-0.3176240022311628,-1.4349559089400266,1.070981625300242,4,-0.03449479585577385,0,0,0.11483933187823536,1
6551,1,-0.24814679434461676,0.6210857315226723,-0.2193138350350155,-0.011475675140005663,4,1.0745898478009956,0,0,-0.2630281698363683,2
6552,12,-2.008165857670674,1.9735319804944969,-1.320734506022777,0.8430958778391372,0,-0.6682574493739278,1,0,0.039265831535314634,1
6553,2,0.9902500388142728,-0.3176240022311628,-1.5614153193126954,0.38732438291692767,4,2.500555818216842,1,0,0.3793465830784579,2
6554,4,0.30995251485512954,0.3914099484132469,0.4129832168283291,-0.6381614806580438,3,-0.03449479585577385,0,0,-0.7164691718938927,0
6555,0,0.6473654959072578,0.16733601367230244,0.2906031422741334,0.1594386354558229,1,-0.6682574493739278,0,1,-0.6786824217224323,2
6556,15,1.2547088618011146,0.6610989341549391,-0.08061641720692701,-0.18238998573583423,4,0.7577085210419187,0,1,-0.5275354210365908,2
6557,4,0.30995251485512954,0.3914099484132469,0.3925865377359632,-1.4357615967719104,3,2.3421151548373036,1,1,-1.3210571746372586,3
6558,13,-0.12047701773033298,0.5410593262580249,1.5919112683670815,-1.036961538714977,2,-0.6682574493739278,0,1,0.5682803339357597,3
6559,7,-0.383111986765481,-1.2515321516691895,1.7061326712843308,-1.4927330336371867,3,-0.35137612261485085,0,0,-0.3763884203507494,3
6560,7,-0.383111986765481,-1.2515321516691895,-0.9005629167200384,1.2988673727613467,1,-0.6682574493739278,0,0,0.22819958239261645,1
6561,13,-0.12047701773033298,0.5410593262580249,-0.10101309629929296,-0.2963328594663866,2,-0.6682574493739278,1,0,-1.0187631732655755,2
6562,7,-0.383111986765481,-1.2515321516691895,0.6944573883029793,-1.036961538714977,2,-0.6682574493739278,1,1,1.2862285871935066,3
6563,3,-1.4828959196003133,-1.3459633098813757,-0.8230555361690478,0.5012672566474801,3,2.0252338280782265,0,0,-1.4722041753230999,1
6564,2,0.9902500388142728,-0.3176240022311628,1.7428466936505895,-1.1509044124455294,1,-0.6682574493739278,0,0,0.3037730827355372,3
6565,13,-0.12047701773033298,0.5410593262580249,1.0819942910579325,-1.2648472861760818,3,2.0252338280782265,0,0,-0.8676161725797341,3
6566,4,0.30995251485512954,0.3914099484132469,-0.8230555361690478,1.1849244990307943,2,-0.6682574493739278,0,0,-1.6611379261804018,1
6567,9,1.3623162449474802,-0.524092127813878,-1.634843364045213,1.982524615144661,0,-0.6682574493739278,0,0,-0.30081492000782867,1
6568,11,-1.7838318216197984,-1.4067833778824486,-1.5002252820355975,1.0140101884349657,1,-0.6682574493739278,1,0,1.2106550868505859,1
6569,4,0.30995251485512954,0.3914099484132469,1.3145164327109045,-0.7521043543885961,2,-0.6682574493739278,0,0,1.1728683366791255,3
6570,12,-2.008165857670674,1.9735319804944969,0.16822306771993767,0.27338150918637527,0,-0.6682574493739278,0,0,-0.2252414196649079,2
6571,10,-0.17336878232770134,-0.10715455638531189,-0.24378984994585465,-0.011475675140005663,4,2.183674491457765,0,0,0.6060670841072201,2
6572,15,1.2547088618011146,0.6610989341549391,-1.4716699313062853,1.8116103045488325,2,-0.6682574493739278,0,0,-0.07409441897906646,1
6573,15,1.2547088618011146,0.6610989341549391,-0.035743723203721905,0.5012672566474801,1,-0.6682574493739278,0,1,0.4171333332499183,1
6574,10,-0.17336878232770134,-0.10715455638531189,-0.09693376048081978,-0.12541854887055803,4,0.2823865309033032,0,0,0.908361085478903,2
6575,3,-1.4828959196003133,-1.3459633098813757,1.5470385743638764,-0.9799901018497009,2,-0.6682574493739278,0,0,0.7194273346216012,3
6576,3,-1.4828959196003133,-1.3459633098813757,1.5266418952715104,-1.4927330336371867,3,0.4408271942828417,1,0,1.0217213359932842,3
6577,11,-1.7838318216197984,-1.4067833778824486,-1.463511259669339,1.1279530621655183,4,1.866793164698688,0,0,-1.0187631732655755,1
6578,8,0.6510132038105156,-0.21519020349247783,0.8902655075896925,-1.0939329755802534,4,-0.19293545923531236,0,1,1.6640960889081102,3
6579,13,-0.12047701773033298,0.5410593262580249,-1.6633987147745253,1.982524615144661,2,-0.6682574493739278,0,1,-1.2076969241228774,1
6580,7,-0.383111986765481,-1.2515321516691895,-1.4471939163954461,1.1279530621655183,4,0.7577085210419187,0,1,-1.0943366736084963,1
6581,14,0.9264151505071309,0.868367323790327,-0.3131385588598989,0.7291530041085849,0,-0.6682574493739278,0,0,-1.2454836742943378,1
6582,0,0.6473654959072578,0.16733601367230244,-0.38656660359241635,-0.06844711200528185,2,-0.6682574493739278,1,0,0.6438538342786805,2
6583,0,0.6473654959072578,0.16733601367230244,1.6653393130995988,-1.0939329755802534,1,-0.6682574493739278,0,1,-0.6031089213795116,3
6584,9,1.3623162449474802,-0.524092127813878,0.6087913361150423,-0.12541854887055803,1,-0.6682574493739278,0,0,1.0595080861647446,2
6585,5,-0.47612853829875046,-1.599647014570184,0.6373466868443547,-1.4927330336371867,3,-0.35137612261485085,1,0,-1.5099909254945603,3
6586,1,-0.24814679434461676,0.6210857315226723,0.984090231414576,-1.1509044124455294,4,1.0745898478009956,0,0,1.3618020875364274,3
6587,1,-0.24814679434461676,0.6210857315226723,1.1513429999719769,-1.321818723041358,4,-0.35137612261485085,0,1,-1.2454836742943378,3
6588,6,0.23335064888652038,1.3893392220629235,-1.2758618120195722,0.9570387515696896,3,1.2330305111805342,0,0,-1.2832704244657982,1
6589,0,0.6473654959072578,0.16733601367230244,0.7597267613985504,-0.9230186649844248,3,0.9161491844214572,0,0,-0.48974867086513046,0
6590,3,-1.4828959196003133,-1.3459633098813757,1.5837525967301351,-1.036961538714977,0,-0.6682574493739278,0,0,1.5885225885651897,3
6591,8,0.6510132038105156,-0.21519020349247783,0.0540016648026883,0.38732438291692767,0,-0.6682574493739278,0,0,-1.2076969241228774,2
6592,10,-0.17336878232770134,-0.10715455638531189,-1.638922699863686,0.4442958197822039,4,1.549911837939611,1,0,0.26598633256407683,2
6593,6,0.23335064888652038,1.3893392220629235,-0.867928230172253,0.38732438291692767,2,-0.6682574493739278,1,0,-0.6408956715509719,2
6594,7,-0.383111986765481,-1.2515321516691895,1.669418648918072,-1.4927330336371867,3,0.12394586752376466,0,0,-0.6408956715509719,3
6595,11,-1.7838318216197984,-1.4067833778824486,-1.2473064612902598,0.9000673147044134,3,0.4408271942828417,0,0,-1.6611379261804018,1
6596,11,-1.7838318216197984,-1.4067833778824486,1.3757064699880022,-1.4927330336371867,3,2.183674491457765,0,0,1.0217213359932842,3
6597,13,-0.12047701773033298,0.5410593262580249,1.3349131118032704,-1.4927330336371867,3,2.0252338280782265,0,0,-1.3966306749801791,3
6598,2,0.9902500388142728,-0.3176240022311628,-1.1208470509175907,1.4697816833571753,1,-0.6682574493739278,0,0,-0.9054029227511945,1
6599,2,0.9902500388142728,-0.3176240022311628,0.4619352466500074,-0.69513291752332,4,2.183674491457765,0,0,-1.2076969241228774,0
6600,3,-1.4828959196003133,-1.3459633098813757,-1.4594319238508657,0.27338150918637527,4,-0.03449479585577385,1,0,-0.7164691718938927,2
6601,12,-2.008165857670674,1.9735319804944969,-1.210592438924001,1.5837245570877276,2,-0.6682574493739278,0,0,1.6640960889081102,1
6602,5,-0.47612853829875046,-1.599647014570184,0.5883946570226763,-0.12541854887055803,0,-0.6682574493739278,0,0,0.6816405844501409,2
6603,13,-0.12047701773033298,0.5410593262580249,0.5720773137487836,-1.4927330336371867,4,-0.03449479585577385,1,0,1.512949088222269,3
6604,13,-0.12047701773033298,0.5410593262580249,-1.0800536927328588,1.4697816833571753,0,-0.6682574493739278,0,0,-0.6031089213795116,1
6605,11,-1.7838318216197984,-1.4067833778824486,0.8331548061310678,-0.3533042963316628,1,-0.6682574493739278,0,1,0.6816405844501409,2
6606,1,-0.24814679434461676,0.6210857315226723,1.5429592385454032,-0.9799901018497009,1,-0.6682574493739278,0,0,0.5682803339357597,3
6607,1,-0.24814679434461676,0.6210857315226723,-1.5450979760388026,0.3303529460516515,3,2.0252338280782265,1,0,1.0217213359932842,2
6608,1,-0.24814679434461676,0.6210857315226723,1.5959906041855545,-1.4927330336371867,2,-0.6682574493739278,1,0,-1.0943366736084963,3
6609,4,0.30995251485512954,0.3914099484132469,0.22125443336008915,-0.6381614806580438,0,-0.6682574493739278,1,0,-0.3763884203507494,0
6610,9,1.3623162449474802,-0.524092127813878,-1.230989118016367,1.5837245570877276,0,-0.6682574493739278,0,0,-0.6408956715509719,1
6611,4,0.30995251485512954,0.3914099484132469,0.6455053584813011,-1.036961538714977,2,-0.6682574493739278,1,0,-0.2630281698363683,3
6612,7,-0.383111986765481,-1.2515321516691895,-0.443677305051041,0.8430958778391372,2,-0.6682574493739278,0,0,0.45492008342137863,1
6613,0,0.6473654959072578,0.16733601367230244,0.9555348806852636,-1.1509044124455294,3,-0.19293545923531236,0,0,1.2106550868505859,3
6614,11,-1.7838318216197984,-1.4067833778824486,-1.5899706700420078,1.070981625300242,0,-0.6682574493739278,1,0,-1.4722041753230999,1
6615,12,-2.008165857670674,1.9735319804944969,-1.5491773118572758,1.0140101884349657,1,-0.6682574493739278,1,0,0.6060670841072201,1
6616,5,-0.47612853829875046,-1.599647014570184,-0.7904208496212622,1.1849244990307943,2,-0.6682574493739278,0,0,1.4751623380508085,1
6617,12,-2.008165857670674,1.9735319804944969,0.4864112615608466,-0.8660472281191486,2,-0.6682574493739278,1,0,-0.9431896729226549,0
6618,1,-0.24814679434461676,0.6210857315226723,-0.11325110375471253,0.5582386935127562,2,-0.6682574493739278,0,1,0.492706833592839,1
6619,12,-2.008165857670674,1.9735319804944969,-0.5823747228791295,0.3303529460516515,3,1.0745898478009956,0,0,-1.6989246763518622,2
6620,13,-0.12047701773033298,0.5410593262580249,1.1431843283350305,-0.6381614806580438,1,-0.6682574493739278,0,0,0.7572140847930615,3
6621,12,-2.008165857670674,1.9735319804944969,0.16822306771993767,0.27338150918637527,1,-0.6682574493739278,0,0,1.3995888377078878,2
6622,14,0.9264151505071309,0.868367323790327,-0.10101309629929296,0.5582386935127562,2,-0.6682574493739278,0,0,0.8327875851359823,1
6623,14,0.9264151505071309,0.868367323790327,-1.638922699863686,1.2988673727613467,4,2.500555818216842,0,1,0.3793465830784579,1
6624,10,-0.17336878232770134,-0.10715455638531189,-1.1167677150991175,1.4697816833571753,2,-0.6682574493739278,0,0,0.07705258170677501,1
6625,15,1.2547088618011146,0.6610989341549391,0.6414260226628279,-0.12541854887055803,2,-0.6682574493739278,0,0,-0.5653221712080512,2
6626,3,-1.4828959196003133,-1.3459633098813757,-1.7123507445962036,2.0394960520099374,2,-0.6682574493739278,0,0,-0.2630281698363683,1
6627,6,0.23335064888652038,1.3893392220629235,-0.36209058868157723,0.786124440973861,1,-0.6682574493739278,0,1,1.5885225885651897,1
6628,1,-0.24814679434461676,0.6210857315226723,0.3436345079142849,-0.5811900437927676,4,1.866793164698688,0,0,-1.0943366736084963,0
6629,4,0.30995251485512954,0.3914099484132469,1.2329297163414406,-0.69513291752332,1,-0.6682574493739278,0,0,1.3618020875364274,3
6630,0,0.6473654959072578,0.16733601367230244,-0.7455481556180572,0.27338150918637527,2,-0.6682574493739278,1,0,1.0217213359932842,2
6631,8,0.6510132038105156,-0.21519020349247783,1.457293186357466,-1.4927330336371867,3,0.4408271942828417,1,0,0.6816405844501409,3
6632,6,0.23335064888652038,1.3893392220629235,-0.549740036331344,0.10246719859054672,0,-0.6682574493739278,1,0,-0.8676161725797341,2
6633,5,-0.47612853829875046,-1.599647014570184,0.7066953957583989,-1.4927330336371867,4,0.9161491844214572,1,0,1.2106550868505859,3
6634,5,-0.47612853829875046,-1.599647014570184,-1.2269097821978938,0.7291530041085849,1,-0.6682574493739278,1,0,-0.30081492000782867,1
6635,13,-0.12047701773033298,0.5410593262580249,-0.11733043957318573,-0.12541854887055803,4,1.0745898478009956,0,0,1.7018828390795706,2
6636,15,1.2547088618011146,0.6610989341549391,0.2334924408155087,-0.4672471700622152,3,0.7577085210419187,0,0,1.135081586507665,0
6637,11,-1.7838318216197984,-1.4067833778824486,-1.3248138418412503,1.6976674308182802,1,-0.6682574493739278,0,0,0.15262608204969574,1
6638,5,-0.47612853829875046,-1.599647014570184,-0.9617529539971363,0.6721815672433087,3,2.0252338280782265,0,0,1.4373755878793482,1
6639,9,1.3623162449474802,-0.524092127813878,0.09479502298742022,-0.3533042963316628,3,1.549911837939611,0,0,-1.2076969241228774,2
6640,1,-0.24814679434461676,0.6210857315226723,0.5924739928411495,-0.12541854887055803,0,-0.6682574493739278,0,0,-0.2252414196649079,2
6641,5,-0.47612853829875046,-1.599647014570184,0.2865238064556602,0.1594386354558229,0,-0.6682574493739278,0,0,-0.9431896729226549,2
6642,6,0.23335064888652038,1.3893392220629235,-1.6430020356821593,1.2988673727613467,3,-0.19293545923531236,0,0,-1.5477776756660206,1
6643,10,-0.17336878232770134,-0.10715455638531189,-0.867928230172253,0.38732438291692767,0,-0.6682574493739278,1,1,0.11483933187823536,2
6644,8,0.6510132038105156,-0.21519020349247783,0.26204779154482105,-0.4672471700622152,3,2.0252338280782265,0,1,0.3037730827355372,0
6645,8,0.6510132038105156,-0.21519020349247783,1.5266418952715104,-1.4927330336371867,4,1.866793164698688,0,1,1.5507358383937293,3
6646,12,-2.008165857670674,1.9735319804944969,-1.4186385656661338,1.7546388676835563,1,-0.6682574493739278,0,0,0.5682803339357597,1
6647,9,1.3623162449474802,-0.524092127813878,0.4048245451913828,0.04549576172527053,1,-0.6682574493739278,0,1,-1.056549923437036,2
6648,11,-1.7838318216197984,-1.4067833778824486,0.9514555448667904,-1.1509044124455294,4,1.0745898478009956,0,0,-1.3966306749801791,3
6649,9,1.3623162449474802,-0.524092127813878,1.7346880220136431,-1.4927330336371867,4,1.866793164698688,1,0,0.492706833592839,3
6650,12,-2.008165857670674,1.9735319804944969,-1.6185260207713201,1.070981625300242,1,-0.6682574493739278,1,0,-0.8298294224082737,1
6651,10,-0.17336878232770134,-0.10715455638531189,-0.9209595958124044,0.4442958197822039,0,-0.6682574493739278,1,0,-0.338601670179289,2
6652,1,-0.24814679434461676,0.6210857315226723,-0.7577861630734768,1.1279530621655183,2,-0.6682574493739278,0,0,-1.5477776756660206,1
6653,7,-0.383111986765481,-1.2515321516691895,-0.5986920661530223,0.1594386354558229,0,-0.6682574493739278,1,0,-0.5275354210365908,2
6654,5,-0.47612853829875046,-1.599647014570184,-0.06021973811456105,-1.036961538714977,3,1.3914711745600725,1,1,-1.2454836742943378,3
6655,0,0.6473654959072578,0.16733601367230244,-0.933197603267824,1.2988673727613467,1,-0.6682574493739278,0,0,0.7950008349645219,1
6656,12,-2.008165857670674,1.9735319804944969,1.5348005669084568,-0.9799901018497009,2,-0.6682574493739278,0,0,-1.5477776756660206,3
6657,5,-0.47612853829875046,-1.599647014570184,0.7393300823061845,-0.23936142260111043,2,-0.6682574493739278,0,0,-1.358843924808719,2
6658,11,-1.7838318216197984,-1.4067833778824486,1.649021969825706,-1.0939329755802534,0,-0.6682574493739278,0,0,-0.6031089213795116,3
6659,0,0.6473654959072578,0.16733601367230244,-0.9780702972710291,0.5012672566474801,2,-0.6682574493739278,1,1,0.5682803339357597,1
6660,13,-0.12047701773033298,0.5410593262580249,1.6734979847365452,-1.0939329755802534,1,-0.6682574493739278,0,0,0.22819958239261645,3
6661,13,-0.12047701773033298,0.5410593262580249,-0.28866254394905977,-0.12541854887055803,0,-0.6682574493739278,1,0,1.6640960889081102,2
6662,11,-1.7838318216197984,-1.4067833778824486,1.4287378356281537,-0.8660472281191486,1,-0.6682574493739278,0,0,-1.5099909254945603,3
6663,4,0.30995251485512954,0.3914099484132469,1.4205791639912073,-1.4927330336371867,1,-0.6682574493739278,1,0,-0.07409441897906646,3
6664,11,-1.7838318216197984,-1.4067833778824486,1.4042618207173145,-1.4927330336371867,2,-0.6682574493739278,1,0,-1.2832704244657982,3
6665,9,1.3623162449474802,-0.524092127813878,-0.43143929759562144,0.1594386354558229,4,0.5992678576623801,0,0,0.11483933187823536,2
6666,9,1.3623162449474802,-0.524092127813878,-0.30497988722295255,0.7291530041085849,0,-0.6682574493739278,0,0,-1.358843924808719,1
6667,7,-0.383111986765481,-1.2515321516691895,0.3477138437327581,-1.4357615967719104,3,2.500555818216842,1,0,0.6438538342786805,3
6668,7,-0.383111986765481,-1.2515321516691895,0.6903780524845061,-0.18238998573583423,1,-0.6682574493739278,0,0,-0.754255922065353,2
6669,12,-2.008165857670674,1.9735319804944969,-1.7205094162331498,1.355838809626623,4,1.7083525013191496,0,0,0.7194273346216012,1
6670,12,-2.008165857670674,1.9735319804944969,-1.190195759831635,1.5267531202224516,0,-0.6682574493739278,0,0,1.4751623380508085,1
6671,8,0.6510132038105156,-0.21519020349247783,1.261485067070753,-0.7521043543885961,1,-0.6682574493739278,0,1,1.3995888377078878,3
6672,12,-2.008165857670674,1.9735319804944969,1.73060868619517,-1.1509044124455294,2,-0.6682574493739278,0,0,0.9461478356503634,3
6673,11,-1.7838318216197984,-1.4067833778824486,-1.1779577523762155,-0.011475675140005663,3,1.3914711745600725,1,1,0.9461478356503634,2
6674,3,-1.4828959196003133,-1.3459633098813757,-0.6517234317931738,-0.4672471700622152,4,1.2330305111805342,1,1,1.62630933873665,0
6675,2,0.9902500388142728,-0.3176240022311628,1.2084537014306014,-0.69513291752332,1,-0.6682574493739278,0,0,1.7018828390795706,3
6676,8,0.6510132038105156,-0.21519020349247783,-1.6022086774974273,1.2418959358960706,3,0.12394586752376466,0,0,-1.4722041753230999,1
6677,3,-1.4828959196003133,-1.3459633098813757,-1.2636238045641526,0.9570387515696896,3,2.3421151548373036,0,0,0.7572140847930615,1
6678,2,0.9902500388142728,-0.3176240022311628,-1.4308765731215534,1.070981625300242,3,-0.35137612261485085,0,1,1.5885225885651897,1
6679,5,-0.47612853829875046,-1.599647014570184,-0.4559153125064606,0.8430958778391372,1,-0.6682574493739278,0,0,-0.1496679193219872,1
6680,14,0.9264151505071309,0.868367323790327,-0.8230555361690478,1.1849244990307943,1,-0.6682574493739278,0,0,-0.2252414196649079,1
6681,1,-0.24814679434461676,0.6210857315226723,0.5353632913825249,-0.9230186649844248,0,-0.6682574493739278,1,0,-0.4519619206936701,0
6682,0,0.6473654959072578,0.16733601367230244,0.029525649891849155,-0.410275733196939,2,-0.6682574493739278,1,0,-0.7920426722368133,0
6683,0,0.6473654959072578,0.16733601367230244,0.5027286048347394,-0.69513291752332,4,1.2330305111805342,0,0,0.5682803339357597,0
6684,7,-0.383111986765481,-1.2515321516691895,-1.6022086774974273,1.2418959358960706,3,1.2330305111805342,0,1,0.7194273346216012,1
6685,8,0.6510132038105156,-0.21519020349247783,0.49456993319779297,-0.011475675140005663,0,-0.6682574493739278,0,1,-1.2454836742943378,2
6686,9,1.3623162449474802,-0.524092127813878,0.4170625526468023,-0.6381614806580438,3,-0.19293545923531236,0,0,1.1728683366791255,0
6687,2,0.9902500388142728,-0.3176240022311628,-0.6435647601562274,0.38732438291692767,3,1.866793164698688,0,1,1.3995888377078878,2
6688,11,-1.7838318216197984,-1.4067833778824486,0.7107747315768721,-0.23936142260111043,0,-0.6682574493739278,0,1,-0.9054029227511945,2
6689,10,-0.17336878232770134,-0.10715455638531189,-0.29274187976753296,0.7291530041085849,1,-0.6682574493739278,0,1,0.8705743353074427,1
6690,15,1.2547088618011146,0.6610989341549391,0.4660145824684806,-0.69513291752332,4,0.12394586752376466,0,0,-1.169910173951417,0
6691,11,-1.7838318216197984,-1.4067833778824486,-0.8108175287136282,1.1849244990307943,1,-0.6682574493739278,0,1,-1.169910173951417,1
6692,0,0.6473654959072578,0.16733601367230244,-0.9372769390862972,1.2988673727613467,1,-0.6682574493739278,0,0,1.5507358383937293,1
6693,5,-0.47612853829875046,-1.599647014570184,1.3553097908956364,-0.8090757912538723,0,-0.6682574493739278,0,1,-0.5653221712080512,3
6694,3,-1.4828959196003133,-1.3459633098813757,-0.3131385588598989,0.04549576172527053,4,-0.03449479585577385,0,0,1.2862285871935066,2
6695,3,-1.4828959196003133,-1.3459633098813757,0.6169500077519887,-0.12541854887055803,0,-0.6682574493739278,0,1,-0.036307668807606094,2
6696,8,0.6510132038105156,-0.21519020349247783,-0.0071883724744095665,-1.0939329755802534,4,1.2330305111805342,1,0,0.26598633256407683,3
6697,15,1.2547088618011146,0.6610989341549391,1.3308337759847972,-0.8090757912538723,0,-0.6682574493739278,0,0,-0.036307668807606094,3
6698,5,-0.47612853829875046,-1.599647014570184,1.069756283602513,-0.5242186069274913,1,-0.6682574493739278,0,0,-0.5653221712080512,3
6699,3,-1.4828959196003133,-1.3459633098813757,-0.38656660359241635,0.786124440973861,2,-0.6682574493739278,0,1,-0.8298294224082737,1
6700,15,1.2547088618011146,0.6610989341549391,-0.16220313357639082,-0.9230186649844248,3,1.866793164698688,1,0,-1.5477776756660206,0
6701,15,1.2547088618011146,0.6610989341549391,-1.2595444687456794,1.640695993953004,1,-0.6682574493739278,0,0,-0.11188116915052682,1
6702,8,0.6510132038105156,-0.21519020349247783,1.6408632981887596,-1.0939329755802534,0,-0.6682574493739278,0,0,0.039265831535314634,3
6703,10,-0.17336878232770134,-0.10715455638531189,0.9963282388699954,-0.4672471700622152,1,-0.6682574493739278,0,0,-0.7164691718938927,3
6704,0,0.6473654959072578,0.16733601367230244,1.4368965072651,-1.4927330336371867,1,-0.6682574493739278,1,0,-1.0943366736084963,3
6705,8,0.6510132038105156,-0.21519020349247783,0.6985367241214525,-0.8660472281191486,4,1.0745898478009956,0,1,0.26598633256407683,0
6706,0,0.6473654959072578,0.16733601367230244,-0.15404446193944446,-0.23936142260111043,2,-0.6682574493739278,1,0,-0.41417517052220976,2
6707,4,0.30995251485512954,0.3914099484132469,0.2906031422741334,0.1594386354558229,2,-0.6682574493739278,0,1,0.3793465830784579,2
6708,7,-0.383111986765481,-1.2515321516691895,-1.3656072000259822,1.6976674308182802,2,-0.6682574493739278,0,0,-0.6408956715509719,1
6709,6,0.23335064888652038,1.3893392220629235,1.6367839623702864,-1.0939329755802534,1,-0.6682574493739278,0,0,0.8705743353074427,3
6710,9,1.3623162449474802,-0.524092127813878,0.4293005601022219,-0.6381614806580438,3,1.0745898478009956,0,0,0.3037730827355372,0
6711,13,-0.12047701773033298,0.5410593262580249,0.28244447063718703,0.1594386354558229,1,-0.6682574493739278,0,0,-1.2454836742943378,2
6712,1,-0.24814679434461676,0.6210857315226723,-1.0555776778220198,1.4128102464918992,1,-0.6682574493739278,0,0,1.324015337364967,1
6713,12,-2.008165857670674,1.9735319804944969,0.5027286048347394,-0.69513291752332,3,2.3421151548373036,0,0,-1.585564425837481,0
6714,14,0.9264151505071309,0.868367323790327,0.12335037371673256,0.3303529460516515,0,-0.6682574493739278,0,0,1.0217213359932842,2
6715,15,1.2547088618011146,0.6610989341549391,-1.483907938761705,1.8116103045488325,2,-0.6682574493739278,0,1,0.22819958239261645,1
6716,9,1.3623162449474802,-0.524092127813878,0.1478263886275717,0.3303529460516515,2,-0.6682574493739278,0,0,0.6438538342786805,2
6717,8,0.6510132038105156,-0.21519020349247783,-0.3172178946783721,-0.12541854887055803,1,-0.6682574493739278,1,0,0.039265831535314634,2
6718,8,0.6510132038105156,-0.21519020349247783,-0.7700241705288964,1.1849244990307943,0,-0.6682574493739278,0,1,-0.754255922065353,1
6719,2,0.9902500388142728,-0.3176240022311628,0.6373466868443547,-0.9799901018497009,1,-0.6682574493739278,1,0,1.2862285871935066,3
6720,3,-1.4828959196003133,-1.3459633098813757,1.3104370968924313,-0.7521043543885961,0,-0.6682574493739278,0,0,-1.358843924808719,3
6721,10,-0.17336878232770134,-0.10715455638531189,1.2941197536185385,-0.7521043543885961,2,-0.6682574493739278,0,0,1.135081586507665,3
6722,9,1.3623162449474802,-0.524092127813878,-1.6022086774974273,1.9255531782793849,1,-0.6682574493739278,0,1,0.3037730827355372,1
6723,7,-0.383111986765481,-1.2515321516691895,0.984090231414576,-0.4672471700622152,1,-0.6682574493739278,0,0,0.3037730827355372,3
6724,2,0.9902500388142728,-0.3176240022311628,0.7148540673953453,-1.4927330336371867,3,-0.5098167859943894,1,0,1.5885225885651897,3
6725,6,0.23335064888652038,1.3893392220629235,0.7230127390322917,-0.23936142260111043,2,-0.6682574493739278,0,0,0.4171333332499183,2
6726,9,1.3623162449474802,-0.524092127813878,0.8086787912202287,-0.9799901018497009,4,0.9161491844214572,0,1,-0.2630281698363683,3
6727,0,0.6473654959072578,0.16733601367230244,-1.2554651329272062,1.640695993953004,1,-0.6682574493739278,0,0,0.8327875851359823,1
6728,7,-0.383111986765481,-1.2515321516691895,-1.4716699313062853,1.8116103045488325,1,-0.6682574493739278,0,1,-1.6233511760089414,1
6729,9,1.3623162449474802,-0.524092127813878,-1.3329725134781967,1.6976674308182802,1,-0.6682574493739278,0,1,0.15262608204969574,1
6730,9,1.3623162449474802,-0.524092127813878,-1.2799411478380451,0.9570387515696896,4,-0.35137612261485085,0,1,-0.41417517052220976,1
6731,8,0.6510132038105156,-0.21519020349247783,-0.8842455734461457,0.5582386935127562,3,1.866793164698688,0,1,0.492706833592839,1
6732,7,-0.383111986765481,-1.2515321516691895,-1.5369393044018562,1.8685817414141086,2,-0.6682574493739278,0,1,1.62630933873665,1
6733,14,0.9264151505071309,0.868367323790327,0.6862987166660329,-1.036961538714977,1,-0.6682574493739278,1,1,-1.4722041753230999,3
6734,6,0.23335064888652038,1.3893392220629235,-1.5573359834942222,1.1849244990307943,3,-0.19293545923531236,0,1,0.3793465830784579,1
6735,2,0.9902500388142728,-0.3176240022311628,0.2865238064556602,-0.5242186069274913,3,-0.19293545923531236,0,0,-0.5653221712080512,0
6736,10,-0.17336878232770134,-0.10715455638531189,1.5837525967301351,-1.4927330336371867,0,-0.6682574493739278,1,0,1.097294836336205,3
6737,4,0.30995251485512954,0.3914099484132469,-1.3900832149368214,1.7546388676835563,2,-0.6682574493739278,0,0,-0.6031089213795116,1
6738,0,0.6473654959072578,0.16733601367230244,-1.700112737140784,2.0394960520099374,0,-0.6682574493739278,0,1,0.34155983290699754,1
6739,10,-0.17336878232770134,-0.10715455638531189,-1.3492898567520895,0.8430958778391372,1,-0.6682574493739278,1,0,-0.4519619206936701,1
6740,9,1.3623162449474802,-0.524092127813878,1.518483223634564,-1.4927330336371867,3,-0.19293545923531236,0,1,-0.7164691718938927,3
6741,10,-0.17336878232770134,-0.10715455638531189,-0.786341513802789,1.1849244990307943,2,-0.6682574493739278,0,0,1.4373755878793482,1
6742,8,0.6510132038105156,-0.21519020349247783,-1.0474190061850734,0.7291530041085849,3,0.12394586752376466,0,0,-1.0943366736084963,1
6743,13,-0.12047701773033298,0.5410593262580249,1.2981990894370117,-0.7521043543885961,1,-0.6682574493739278,0,0,0.45492008342137863,3
6744,0,0.6473654959072578,0.16733601367230244,-0.4518359766879874,0.8430958778391372,0,-0.6682574493739278,0,0,0.34155983290699754,1
6745,4,0.30995251485512954,0.3914099484132469,1.3757064699880022,-1.4927330336371867,3,0.2823865309033032,0,1,-0.4519619206936701,3
6746,14,0.9264151505071309,0.868367323790327,0.25796845572634786,-1.321818723041358,4,0.7577085210419187,1,1,-1.3210571746372586,3
6747,12,-2.008165857670674,1.9735319804944969,-0.8720075659907262,0.5582386935127562,4,0.12394586752376466,0,1,0.3793465830784579,1
6748,15,1.2547088618011146,0.6610989341549391,0.9310588657744244,-1.2648472861760818,1,-0.6682574493739278,1,0,-1.6989246763518622,3
6749,15,1.2547088618011146,0.6610989341549391,-0.2315518424904351,-0.8660472281191486,4,2.0252338280782265,1,1,0.8327875851359823,0
6750,14,0.9264151505071309,0.868367323790327,0.31915849300344573,-0.69513291752332,2,-0.6682574493739278,1,0,1.0595080861647446,0
6751,3,-1.4828959196003133,-1.3459633098813757,1.1268669850611377,-1.2648472861760818,4,0.5992678576623801,0,0,-0.8676161725797341,3
6752,14,0.9264151505071309,0.868367323790327,-0.3131385588598989,-0.12541854887055803,2,-0.6682574493739278,1,0,1.5885225885651897,2
6753,4,0.30995251485512954,0.3914099484132469,1.0330422612362542,-1.2078758493108057,4,-0.5098167859943894,0,1,1.2862285871935066,3
6754,1,-0.24814679434461676,0.6210857315226723,1.5837525967301351,-1.036961538714977,0,-0.6682574493739278,0,0,-1.358843924808719,3
6755,3,-1.4828959196003133,-1.3459633098813757,-0.5334226930574513,-0.5811900437927676,4,-0.35137612261485085,1,1,0.6438538342786805,0
6756,10,-0.17336878232770134,-0.10715455638531189,-0.5782953870606563,-0.5811900437927676,3,2.183674491457765,1,0,-0.5653221712080512,0
6757,13,-0.12047701773033298,0.5410593262580249,-0.16628246939486402,0.6152101303780324,0,-0.6682574493739278,0,1,0.7950008349645219,1
6758,0,0.6473654959072578,0.16733601367230244,-0.9943876405449219,0.5012672566474801,0,-0.6682574493739278,1,0,-1.4722041753230999,1
6759,3,-1.4828959196003133,-1.3459633098813757,0.751568089761604,-0.23936142260111043,0,-0.6682574493739278,0,0,-0.1496679193219872,2
6760,2,0.9902500388142728,-0.3176240022311628,-1.6552400431375789,1.982524615144661,2,-0.6682574493739278,0,0,-1.169910173951417,1
6761,15,1.2547088618011146,0.6610989341549391,0.4374592317391683,0.04549576172527053,0,-0.6682574493739278,0,0,-0.9809764230941153,2
6762,6,0.23335064888652038,1.3893392220629235,-0.38656660359241635,0.786124440973861,0,-0.6682574493739278,0,1,-0.11188116915052682,1
6763,3,-1.4828959196003133,-1.3459633098813757,-0.4722326557803534,0.2164100723210991,4,0.9161491844214572,0,0,1.2106550868505859,2
6764,5,-0.47612853829875046,-1.599647014570184,-0.2315518424904351,0.6721815672433087,1,-0.6682574493739278,0,0,-0.754255922065353,1
6765,1,-0.24814679434461676,0.6210857315226723,0.20085775426772318,0.27338150918637527,0,-0.6682574493739278,0,0,0.5304935837642993,2
6766,0,0.6473654959072578,0.16733601367230244,0.6985367241214525,-1.036961538714977,0,-0.6682574493739278,1,0,-0.4519619206936701,3
6767,12,-2.008165857670674,1.9735319804944969,-1.2228304463794206,0.7291530041085849,2,-0.6682574493739278,1,1,0.6816405844501409,1
6768,14,0.9264151505071309,0.868367323790327,-1.6103673491343737,1.9255531782793849,0,-0.6682574493739278,0,0,0.7572140847930615,1
6769,8,0.6510132038105156,-0.21519020349247783,-0.7822621779843159,1.1849244990307943,1,-0.6682574493739278,0,0,0.26598633256407683,1
6770,10,-0.17336878232770134,-0.10715455638531189,-0.0071883724744095665,0.4442958197822039,1,-0.6682574493739278,0,1,-0.07409441897906646,2
6771,5,-0.47612853829875046,-1.599647014570184,0.0050496349810100075,0.4442958197822039,1,-0.6682574493739278,0,1,0.3793465830784579,2
6772,13,-0.12047701773033298,0.5410593262580249,0.8045994554017555,-0.2963328594663866,0,-0.6682574493739278,0,0,0.8705743353074427,2
6773,0,0.6473654959072578,0.16733601367230244,0.5231252839271053,-0.7521043543885961,3,1.2330305111805342,0,0,0.9839345858218238,0
6774,4,0.30995251485512954,0.3914099484132469,1.2043743656121282,-0.69513291752332,2,-0.6682574493739278,0,1,-0.48974867086513046,3
6775,9,1.3623162449474802,-0.524092127813878,0.0050496349810100075,-0.410275733196939,0,-0.6682574493739278,1,0,0.8327875851359823,0
6776,2,0.9902500388142728,-0.3176240022311628,-1.5287806327649098,1.8685817414141086,0,-0.6682574493739278,0,0,0.5682803339357597,1
6777,5,-0.47612853829875046,-1.599647014570184,0.11927103789825937,-0.3533042963316628,4,0.5992678576623801,0,0,-0.8298294224082737,2
6778,1,-0.24814679434461676,0.6210857315226723,0.8902655075896925,-1.0939329755802534,3,0.2823865309033032,0,0,1.7018828390795706,3
6779,12,-2.008165857670674,1.9735319804944969,-0.5415813646943977,0.9570387515696896,0,-0.6682574493739278,0,0,-1.4344174251516395,1
6780,9,1.3623162449474802,-0.524092127813878,1.5062452161791444,-0.9799901018497009,1,-0.6682574493739278,0,0,0.11483933187823536,3
6781,1,-0.24814679434461676,0.6210857315226723,-1.1942750956501083,0.9000673147044134,4,2.183674491457765,0,1,0.7194273346216012,1
6782,0,0.6473654959072578,0.16733601367230244,-0.08877508884387339,0.5012672566474801,2,-0.6682574493739278,0,0,0.22819958239261645,1
6783,14,0.9264151505071309,0.868367323790327,-0.5905333945160759,1.0140101884349657,2,-0.6682574493739278,0,1,-0.18745466949344755,1
6784,4,0.30995251485512954,0.3914099484132469,-0.6272474168823347,-0.5242186069274913,3,0.12394586752376466,1,0,-0.7164691718938927,0
6785,14,0.9264151505071309,0.868367323790327,-0.4559153125064606,0.8430958778391372,0,-0.6682574493739278,0,0,-1.1321234237799567,1
6786,14,0.9264151505071309,0.868367323790327,1.5959906041855545,-1.4927330336371867,3,0.7577085210419187,0,0,-0.41417517052220976,3
6787,6,0.23335064888652038,1.3893392220629235,-0.18667914848723,-0.23936142260111043,2,-0.6682574493739278,1,0,-0.7920426722368133,2
6788,5,-0.47612853829875046,-1.599647014570184,-1.4512732522139193,1.8116103045488325,0,-0.6682574493739278,0,0,1.3618020875364274,1
6789,12,-2.008165857670674,1.9735319804944969,1.4736105296313589,-0.9230186649844248,1,-0.6682574493739278,0,0,0.9461478356503634,3
6790,9,1.3623162449474802,-0.524092127813878,0.8494721494049606,-0.3533042963316628,2,-0.6682574493739278,0,1,-1.6989246763518622,2
6791,13,-0.12047701773033298,0.5410593262580249,1.2451677237968601,-1.4927330336371867,4,0.4408271942828417,1,0,1.7018828390795706,3
6792,5,-0.47612853829875046,-1.599647014570184,0.6781400450290865,-0.18238998573583423,1,-0.6682574493739278,0,0,-0.8298294224082737,2
6793,10,-0.17336878232770134,-0.10715455638531189,0.26612712736329425,0.2164100723210991,2,-0.6682574493739278,0,0,-0.9054029227511945,2
6794,0,0.6473654959072578,0.16733601367230244,-0.4151219543217287,-0.011475675140005663,1,-0.6682574493739278,1,0,-0.5275354210365908,2
6795,0,0.6473654959072578,0.16733601367230244,-1.6226053565897933,1.2988673727613467,4,0.4408271942828417,0,0,-1.5477776756660206,1
6796,3,-1.4828959196003133,-1.3459633098813757,-0.03166438738524872,0.5012672566474801,0,-0.6682574493739278,0,1,-1.2454836742943378,1
6797,10,-0.17336878232770134,-0.10715455638531189,1.2166123730675478,-1.3787901599066343,3,0.9161491844214572,0,0,1.512949088222269,3
6798,6,0.23335064888652038,1.3893392220629235,-0.721072140707218,0.4442958197822039,4,1.549911837939611,0,0,-1.2076969241228774,2
6799,8,0.6510132038105156,-0.21519020349247783,1.3022784252554849,-1.4927330336371867,3,0.12394586752376466,1,1,1.7018828390795706,3
6800,11,-1.7838318216197984,-1.4067833778824486,-1.4512732522139193,1.1279530621655183,3,1.549911837939611,0,1,-0.2630281698363683,1
6801,10,-0.17336878232770134,-0.10715455638531189,-0.4069632826847823,-0.69513291752332,3,1.2330305111805342,1,0,1.512949088222269,0
6802,0,0.6473654959072578,0.16733601367230244,1.1227876492426645,-1.2648472861760818,3,-0.5098167859943894,0,0,-0.8676161725797341,3
6803,12,-2.008165857670674,1.9735319804944969,-1.700112737140784,2.0394960520099374,0,-0.6682574493739278,0,1,-0.30081492000782867,1
6804,1,-0.24814679434461676,0.6210857315226723,-0.6190887452453883,0.1594386354558229,0,-0.6682574493739278,1,0,-1.4722041753230999,2
6805,0,0.6473654959072578,0.16733601367230244,-0.4559153125064606,0.8430958778391372,2,-0.6682574493739278,0,1,-0.30081492000782867,1
6806,12,-2.008165857670674,1.9735319804944969,0.30284114972955295,0.1594386354558229,2,-0.6682574493739278,0,0,-1.5099909254945603,2
6807,14,0.9264151505071309,0.868367323790327,1.5144038878160908,-1.4927330336371867,3,-0.35137612261485085,0,0,-0.3763884203507494,3
6808,14,0.9264151505071309,0.868367323790327,-1.483907938761705,0.9570387515696896,0,-0.6682574493739278,1,0,-1.2832704244657982,1
6809,0,0.6473654959072578,0.16733601367230244,-1.3941625507552946,0.2164100723210991,4,2.0252338280782265,1,0,-0.48974867086513046,2
6810,10,-0.17336878232770134,-0.10715455638531189,0.9147415225005316,-1.0939329755802534,4,1.7083525013191496,0,1,-0.5653221712080512,3
6811,3,-1.4828959196003133,-1.3459633098813757,-1.0922917001882784,1.4697816833571753,0,-0.6682574493739278,0,0,-0.036307668807606094,1
6812,5,-0.47612853829875046,-1.599647014570184,-1.3084964985673575,0.9570387515696896,3,0.5992678576623801,0,0,-1.585564425837481,1
6813,13,-0.12047701773033298,0.5410593262580249,-0.5007880065096657,-0.6381614806580438,4,-0.35137612261485085,1,1,-1.6611379261804018,0
6814,6,0.23335064888652038,1.3893392220629235,-0.9291182674493508,0.6152101303780324,3,-0.35137612261485085,0,0,-1.6611379261804018,1
6815,6,0.23335064888652038,1.3893392220629235,1.6163872832779205,-1.4927330336371867,2,-0.6682574493739278,1,0,-0.18745466949344755,3
6816,10,-0.17336878232770134,-0.10715455638531189,-0.3172178946783721,0.04549576172527053,4,1.866793164698688,0,1,1.4373755878793482,2
6817,8,0.6510132038105156,-0.21519020349247783,1.6163872832779205,-1.4927330336371867,4,0.9161491844214572,1,0,-0.8676161725797341,3
6818,7,-0.383111986765481,-1.2515321516691895,1.1064703059687717,-0.5811900437927676,0,-0.6682574493739278,0,0,-0.9809764230941153,3
6819,10,-0.17336878232770134,-0.10715455638531189,-0.5293433572389781,0.27338150918637527,4,1.3914711745600725,0,0,-1.2832704244657982,2
6820,10,-0.17336878232770134,-0.10715455638531189,-0.39064593941088954,0.786124440973861,1,-0.6682574493739278,0,0,0.45492008342137863,1
6821,1,-0.24814679434461676,0.6210857315226723,1.1227876492426645,-0.5811900437927676,0,-0.6682574493739278,0,0,1.135081586507665,3
6822,5,-0.47612853829875046,-1.599647014570184,0.5068079406532126,-0.8660472281191486,2,-0.6682574493739278,1,0,1.2106550868505859,0
6823,5,-0.47612853829875046,-1.599647014570184,-0.9291182674493508,1.2988673727613467,0,-0.6682574493739278,0,0,1.3995888377078878,1
6824,1,-0.24814679434461676,0.6210857315226723,-1.2758618120195722,0.786124440973861,0,-0.6682574493739278,1,1,-0.48974867086513046,1
6825,2,0.9902500388142728,-0.3176240022311628,0.025446314073375963,0.4442958197822039,1,-0.6682574493739278,0,0,-1.2832704244657982,2
6826,9,1.3623162449474802,-0.524092127813878,-0.14180645448402487,-0.12541854887055803,3,1.2330305111805342,0,0,1.0595080861647446,2
6827,13,-0.12047701773033298,0.5410593262580249,0.5843153212042032,-0.12541854887055803,1,-0.6682574493739278,0,0,1.135081586507665,2
6828,10,-0.17336878232770134,-0.10715455638531189,0.8861861717712193,-0.3533042963316628,2,-0.6682574493739278,0,0,0.34155983290699754,2
6829,2,0.9902500388142728,-0.3176240022311628,-0.43959796923256783,-0.011475675140005663,0,-0.6682574493739278,1,0,1.512949088222269,2
6830,7,-0.383111986765481,-1.2515321516691895,-1.3696865358444554,0.1594386354558229,4,1.0745898478009956,1,0,1.0217213359932842,2
6831,0,0.6473654959072578,0.16733601367230244,1.4532138505389929,-0.9230186649844248,1,-0.6682574493739278,0,0,-0.30081492000782867,3
6832,3,-1.4828959196003133,-1.3459633098813757,1.5021658803606712,-1.4927330336371867,4,2.0252338280782265,0,0,0.5682803339357597,3
6833,6,0.23335064888652038,1.3893392220629235,1.4899278729052516,-0.9230186649844248,2,-0.6682574493739278,0,1,1.4373755878793482,3
6834,0,0.6473654959072578,0.16733601367230244,0.11519170207978617,-1.2078758493108057,4,-0.5098167859943894,1,0,-1.2832704244657982,3
6835,3,-1.4828959196003133,-1.3459633098813757,1.0044869105069418,-1.1509044124455294,4,0.2823865309033032,0,0,1.6640960889081102,3
6836,5,-0.47612853829875046,-1.599647014570184,1.2084537014306014,-0.69513291752332,2,-0.6682574493739278,0,0,-1.4722041753230999,3
6837,14,0.9264151505071309,0.868367323790327,-0.5619780437867635,0.9570387515696896,0,-0.6682574493739278,0,0,-0.9431896729226549,1
6838,8,0.6510132038105156,-0.21519020349247783,-1.3696865358444554,1.6976674308182802,2,-0.6682574493739278,0,0,0.8705743353074427,1
6839,2,0.9902500388142728,-0.3176240022311628,1.710212007102804,-1.1509044124455294,1,-0.6682574493739278,0,0,0.492706833592839,3
6840,9,1.3623162449474802,-0.524092127813878,1.5429592385454032,-0.9799901018497009,0,-0.6682574493739278,0,0,-0.338601670179289,3
6841,15,1.2547088618011146,0.6610989341549391,-1.5981293416789542,1.9255531782793849,1,-0.6682574493739278,0,0,-0.5275354210365908,1
6842,13,-0.12047701773033298,0.5410593262580249,1.4368965072651,-0.8660472281191486,1,-0.6682574493739278,0,0,-0.48974867086513046,3
6843,9,1.3623162449474802,-0.524092127813878,0.9065828508635853,-1.0939329755802534,3,0.2823865309033032,0,1,0.5304935837642993,3
6844,15,1.2547088618011146,0.6610989341549391,0.7148540673953453,-0.23936142260111043,0,-0.6682574493739278,0,1,-0.6786824217224323,2
6845,0,0.6473654959072578,0.16733601367230244,0.8005201195832823,-0.9799901018497009,4,0.9161491844214572,0,1,-0.8676161725797341,3
6846,14,0.9264151505071309,0.868367323790327,-0.549740036331344,0.9570387515696896,1,-0.6682574493739278,0,0,1.2484418370220463,1
6847,10,-0.17336878232770134,-0.10715455638531189,0.17638173935688403,-0.410275733196939,3,-0.5098167859943894,0,0,-0.7920426722368133,0
6848,3,-1.4828959196003133,-1.3459633098813757,-0.21115516339806914,-0.9230186649844248,3,-0.19293545923531236,1,0,1.5507358383937293,0
6849,0,0.6473654959072578,0.16733601367230244,-0.9168802599939312,-0.23936142260111043,3,0.4408271942828417,1,1,-1.358843924808719,2
6850,2,0.9902500388142728,-0.3176240022311628,-0.8393728794429406,-0.2963328594663866,3,2.3421151548373036,1,0,-0.18745466949344755,2
6851,6,0.23335064888652038,1.3893392220629235,0.8494721494049606,-1.2078758493108057,1,-0.6682574493739278,1,1,-1.2832704244657982,3
6852,13,-0.12047701773033298,0.5410593262580249,1.285961081981592,-1.4927330336371867,3,-0.03449479585577385,1,0,-1.585564425837481,3
6853,11,-1.7838318216197984,-1.4067833778824486,-0.8393728794429406,1.2418959358960706,1,-0.6682574493739278,0,0,1.2862285871935066,1
6854,9,1.3623162449474802,-0.524092127813878,0.4333798959206951,-0.6381614806580438,4,1.866793164698688,0,0,1.2484418370220463,0
6855,15,1.2547088618011146,0.6610989341549391,-0.8638488943537798,0.5582386935127562,4,-0.5098167859943894,0,0,-0.6031089213795116,1
6856,7,-0.383111986765481,-1.2515321516691895,-1.6185260207713201,1.2418959358960706,3,0.4408271942828417,0,0,-1.3966306749801791,1
6857,2,0.9902500388142728,-0.3176240022311628,1.1431843283350305,-0.6381614806580438,0,-0.6682574493739278,0,0,-0.4519619206936701,3
6858,10,-0.17336878232770134,-0.10715455638531189,-1.638922699863686,1.982524615144661,1,-0.6682574493739278,0,1,-1.6989246763518622,1
6859,1,-0.24814679434461676,0.6210857315226723,-0.24786918576432784,0.6721815672433087,1,-0.6682574493739278,0,0,0.908361085478903,1
6860,13,-0.12047701773033298,0.5410593262580249,0.6006326644780959,-0.8090757912538723,4,2.500555818216842,0,0,-0.036307668807606094,0
6861,8,0.6510132038105156,-0.21519020349247783,0.09479502298742022,0.3303529460516515,2,-0.6682574493739278,0,1,-0.036307668807606094,2
6862,10,-0.17336878232770134,-0.10715455638531189,-1.6715573864114717,1.2988673727613467,4,-0.5098167859943894,0,0,-1.3966306749801791,1
6863,15,1.2547088618011146,0.6610989341549391,-1.7041920729592572,2.0394960520099374,0,-0.6682574493739278,0,0,1.2106550868505859,1
6864,8,0.6510132038105156,-0.21519020349247783,-0.6965961257963789,1.070981625300242,2,-0.6682574493739278,0,0,1.6640960889081102,1
6865,2,0.9902500388142728,-0.3176240022311628,0.1029536946243666,-0.3533042963316628,4,0.5992678576623801,0,0,1.324015337364967,2
6866,14,0.9264151505071309,0.868367323790327,-0.4967086706911925,0.04549576172527053,2,-0.6682574493739278,1,0,-0.30081492000782867,2
6867,0,0.6473654959072578,0.16733601367230244,-0.7741035063473696,1.1849244990307943,1,-0.6682574493739278,0,0,0.039265831535314634,1
6868,6,0.23335064888652038,1.3893392220629235,-0.38248726777394315,0.786124440973861,0,-0.6682574493739278,0,1,1.1728683366791255,1
6869,13,-0.12047701773033298,0.5410593262580249,0.9188208583190048,-1.0939329755802534,3,0.9161491844214572,0,0,-0.1496679193219872,3
6870,13,-0.12047701773033298,0.5410593262580249,1.2084537014306014,-0.69513291752332,2,-0.6682574493739278,0,1,0.492706833592839,3
6871,4,0.30995251485512954,0.3914099484132469,-0.6925167899779057,0.38732438291692767,4,-0.5098167859943894,0,0,0.1904128322211561,2
6872,0,0.6473654959072578,0.16733601367230244,-0.6843581183409593,0.2164100723210991,0,-0.6682574493739278,1,0,0.6060670841072201,2
6873,7,-0.383111986765481,-1.2515321516691895,1.0738356194209862,-1.2648472861760818,3,-0.03449479585577385,0,1,1.1728683366791255,3
6874,4,0.30995251485512954,0.3914099484132469,-1.638922699863686,1.982524615144661,0,-0.6682574493739278,0,1,-1.6233511760089414,1
6875,11,-1.7838318216197984,-1.4067833778824486,-1.422717901484607,1.7546388676835563,0,-0.6682574493739278,0,0,-0.41417517052220976,1
6876,6,0.23335064888652038,1.3893392220629235,-1.230989118016367,0.04549576172527053,4,2.0252338280782265,1,0,1.6640960889081102,2
6877,15,1.2547088618011146,0.6610989341549391,0.35587251536970443,0.10246719859054672,1,-0.6682574493739278,0,0,-1.3966306749801791,2
6878,3,-1.4828959196003133,-1.3459633098813757,-1.0800536927328588,1.4697816833571753,1,-0.6682574493739278,0,0,-0.1496679193219872,1
6879,0,0.6473654959072578,0.16733601367230244,0.25388911990787466,-0.4672471700622152,3,1.7083525013191496,0,0,-1.6233511760089414,0
6880,8,0.6510132038105156,-0.21519020349247783,0.9025035150451121,-1.0939329755802534,4,-0.03449479585577385,0,0,-0.4519619206936701,3
6881,14,0.9264151505071309,0.868367323790327,-0.13364778284707848,0.5582386935127562,1,-0.6682574493739278,0,0,0.9461478356503634,1
6882,15,1.2547088618011146,0.6610989341549391,0.25388911990787466,-0.6381614806580438,0,-0.6682574493739278,1,0,-0.338601670179289,0
6883,1,-0.24814679434461676,0.6210857315226723,1.1472636641535037,-0.6381614806580438,1,-0.6682574493739278,0,0,-0.8676161725797341,3
6884,6,0.23335064888652038,1.3893392220629235,0.5190459481086321,-0.69513291752332,3,-0.5098167859943894,0,0,-0.2252414196649079,0
6885,4,0.30995251485512954,0.3914099484132469,-0.3661699245000504,0.786124440973861,1,-0.6682574493739278,0,0,1.4373755878793482,1
6886,13,-0.12047701773033298,0.5410593262580249,-1.230989118016367,0.9000673147044134,3,1.0745898478009956,0,1,-0.6408956715509719,1
6887,5,-0.47612853829875046,-1.599647014570184,-0.43551863341409464,0.1594386354558229,3,0.7577085210419187,0,0,1.7018828390795706,2
6888,13,-0.12047701773033298,0.5410593262580249,0.7107747315768721,-0.23936142260111043,0,-0.6682574493739278,0,0,1.2484418370220463,2
6889,9,1.3623162449474802,-0.524092127813878,0.35995185118817763,0.10246719859054672,1,-0.6682574493739278,0,0,0.34155983290699754,2
6890,14,0.9264151505071309,0.868367323790327,0.7026160599399257,-0.8660472281191486,3,0.12394586752376466,0,0,-0.4519619206936701,0
6891,9,1.3623162449474802,-0.524092127813878,-1.7041920729592572,1.355838809626623,3,2.3421151548373036,0,0,-0.30081492000782867,1
6892,8,0.6510132038105156,-0.21519020349247783,-0.3661699245000504,0.786124440973861,2,-0.6682574493739278,0,1,1.3618020875364274,1
6893,0,0.6473654959072578,0.16733601367230244,1.5959906041855545,-1.4927330336371867,2,-0.6682574493739278,1,1,1.5885225885651897,3
6894,9,1.3623162449474802,-0.524092127813878,0.4252212242837487,0.04549576172527053,1,-0.6682574493739278,0,0,-1.1321234237799567,2
6895,11,-1.7838318216197984,-1.4067833778824486,-1.5450979760388026,1.8685817414141086,0,-0.6682574493739278,0,0,1.2106550868505859,1
6896,8,0.6510132038105156,-0.21519020349247783,0.9351382015928976,-0.410275733196939,2,-0.6682574493739278,0,0,1.0217213359932842,3
6897,4,0.30995251485512954,0.3914099484132469,1.5919112683670815,-1.036961538714977,1,-0.6682574493739278,0,0,-0.6031089213795116,3
6898,15,1.2547088618011146,0.6610989341549391,-0.9413562749047704,1.2988673727613467,2,-0.6682574493739278,0,1,-1.169910173951417,1
6899,1,-0.24814679434461676,0.6210857315226723,-1.14532306582843,0.6721815672433087,0,-0.6682574493739278,1,0,-0.7920426722368133,1
6900,13,-0.12047701773033298,0.5410593262580249,0.7107747315768721,-0.23936142260111043,1,-0.6682574493739278,0,0,-1.4722041753230999,2
6901,3,-1.4828959196003133,-1.3459633098813757,-1.2065131031055278,0.9000673147044134,4,1.549911837939611,0,0,1.2106550868505859,1
6902,3,-1.4828959196003133,-1.3459633098813757,-1.1412437300099567,0.8430958778391372,4,0.5992678576623801,0,1,0.4171333332499183,1
6903,10,-0.17336878232770134,-0.10715455638531189,1.3226751043478508,-1.4927330336371867,0,-0.6682574493739278,1,0,-1.2076969241228774,3
6904,3,-1.4828959196003133,-1.3459633098813757,-1.6633987147745253,1.2988673727613467,3,1.2330305111805342,0,1,-0.3763884203507494,1
6905,1,-0.24814679434461676,0.6210857315226723,1.3389924476217436,-1.4927330336371867,2,-0.6682574493739278,1,0,-1.1321234237799567,3
6906,15,1.2547088618011146,0.6610989341549391,0.7842027763093895,-1.1509044124455294,0,-0.6682574493739278,1,0,-1.4344174251516395,3
6907,9,1.3623162449474802,-0.524092127813878,0.6740607092106133,-0.8660472281191486,3,0.2823865309033032,0,0,0.0014790813638542722,0
6908,15,1.2547088618011146,0.6610989341549391,-1.6756367222299449,1.2988673727613467,3,1.866793164698688,0,0,0.7950008349645219,1
6909,4,0.30995251485512954,0.3914099484132469,0.8902655075896925,-0.410275733196939,2,-0.6682574493739278,0,0,1.324015337364967,0
6910,2,0.9902500388142728,-0.3176240022311628,-0.867928230172253,1.2418959358960706,2,-0.6682574493739278,0,0,1.7018828390795706,1
6911,11,-1.7838318216197984,-1.4067833778824486,1.4736105296313589,-1.4927330336371867,4,2.3421151548373036,0,1,-1.2454836742943378,3
6912,8,0.6510132038105156,-0.21519020349247783,0.27428579900024064,0.2164100723210991,0,-0.6682574493739278,0,0,-1.5099909254945603,2
6913,14,0.9264151505071309,0.868367323790327,0.7801234404909163,-0.2963328594663866,0,-0.6682574493739278,0,0,-0.7164691718938927,2
6914,8,0.6510132038105156,-0.21519020349247783,-0.9576736181786631,1.355838809626623,0,-0.6682574493739278,0,1,0.039265831535314634,1
6915,6,0.23335064888652038,1.3893392220629235,-1.1820370881946887,1.5267531202224516,1,-0.6682574493739278,0,1,-1.5477776756660206,1
6916,9,1.3623162449474802,-0.524092127813878,-0.7577861630734768,1.1279530621655183,2,-0.6682574493739278,0,0,-1.358843924808719,1
6917,12,-2.008165857670674,1.9735319804944969,-0.25602785740127426,-0.011475675140005663,3,-0.19293545923531236,0,0,-0.5653221712080512,2
6918,15,1.2547088618011146,0.6610989341549391,0.9065828508635853,-1.0939329755802534,3,0.7577085210419187,0,0,0.9461478356503634,3
6919,1,-0.24814679434461676,0.6210857315226723,1.3145164327109045,-0.7521043543885961,0,-0.6682574493739278,0,1,-0.338601670179289,3
6920,14,0.9264151505071309,0.868367323790327,0.7923614479463359,-0.2963328594663866,1,-0.6682574493739278,0,0,-0.7164691718938927,2
6921,4,0.30995251485512954,0.3914099484132469,0.8005201195832823,-1.4927330336371867,4,0.4408271942828417,1,0,0.5682803339357597,3
6922,0,0.6473654959072578,0.16733601367230244,-0.3131385588598989,-0.12541854887055803,1,-0.6682574493739278,1,0,0.8327875851359823,2
6923,10,-0.17336878232770134,-0.10715455638531189,1.5429592385454032,-1.4927330336371867,3,1.7083525013191496,0,1,1.324015337364967,3
6924,15,1.2547088618011146,0.6610989341549391,-1.14532306582843,0.8430958778391372,4,-0.19293545923531236,0,0,0.492706833592839,1
6925,9,1.3623162449474802,-0.524092127813878,-0.19483782012417636,0.6152101303780324,1,-0.6682574493739278,0,0,0.5682803339357597,1
6926,9,1.3623162449474802,-0.524092127813878,-1.3329725134781967,1.0140101884349657,4,1.866793164698688,0,1,-0.30081492000782867,1
6927,13,-0.12047701773033298,0.5410593262580249,-0.08061641720692701,-0.18238998573583423,4,2.3421151548373036,0,0,-1.6233511760089414,2
6928,13,-0.12047701773033298,0.5410593262580249,-1.6430020356821593,1.982524615144661,0,-0.6682574493739278,0,0,1.324015337364967,1
6929,2,0.9902500388142728,-0.3176240022311628,0.26204779154482105,-1.321818723041358,4,1.3914711745600725,1,0,-0.2252414196649079,3
6930,3,-1.4828959196003133,-1.3459633098813757,-1.0514983420035466,0.5582386935127562,1,-0.6682574493739278,1,0,0.0014790813638542722,1
6931,5,-0.47612853829875046,-1.599647014570184,1.135025656698084,-0.6381614806580438,2,-0.6682574493739278,0,0,0.6438538342786805,3
6932,12,-2.008165857670674,1.9735319804944969,0.5761566495672568,-0.7521043543885961,3,1.2330305111805342,0,0,-0.7164691718938927,0
6933,7,-0.383111986765481,-1.2515321516691895,1.4409758430835733,-0.9230186649844248,1,-0.6682574493739278,0,0,0.07705258170677501,3
6934,8,0.6510132038105156,-0.21519020349247783,-0.4926293348727193,0.04549576172527053,0,-0.6682574493739278,1,0,-0.2252414196649079,2
6935,3,-1.4828959196003133,-1.3459633098813757,-1.5491773118572758,1.8685817414141086,2,-0.6682574493739278,0,1,1.4373755878793482,1
6936,6,0.23335064888652038,1.3893392220629235,1.049359604510147,-1.2078758493108057,3,2.0252338280782265,0,0,1.4373755878793482,3
6937,12,-2.008165857670674,1.9735319804944969,0.2865238064556602,0.1594386354558229,0,-0.6682574493739278,0,0,1.7018828390795706,2
6938,15,1.2547088618011146,0.6610989341549391,1.2778024103446457,-0.7521043543885961,1,-0.6682574493739278,0,1,-1.2076969241228774,3
6939,1,-0.24814679434461676,0.6210857315226723,1.306357761073958,-0.7521043543885961,2,-0.6682574493739278,0,0,-1.585564425837481,3
6940,9,1.3623162449474802,-0.524092127813878,0.837234141949541,-0.3533042963316628,2,-0.6682574493739278,0,0,1.5885225885651897,2
6941,13,-0.12047701773033298,0.5410593262580249,0.8127581270387019,-0.2963328594663866,1,-0.6682574493739278,0,0,0.6060670841072201,2
6942,1,-0.24814679434461676,0.6210857315226723,0.4782525899239002,-0.8660472281191486,0,-0.6682574493739278,1,1,-0.338601670179289,0
6943,2,0.9902500388142728,-0.3176240022311628,-1.0311016629111807,-0.12541854887055803,3,2.3421151548373036,1,0,0.45492008342137863,2
6944,12,-2.008165857670674,1.9735319804944969,-0.04798173065914148,0.5012672566474801,1,-0.6682574493739278,0,0,-0.3763884203507494,1
6945,7,-0.383111986765481,-1.2515321516691895,0.7719647688539699,-0.2963328594663866,1,-0.6682574493739278,0,1,0.039265831535314634,2
6946,12,-2.008165857670674,1.9735319804944969,1.110549641787245,-0.5811900437927676,2,-0.6682574493739278,0,0,-1.5099909254945603,3
6947,0,0.6473654959072578,0.16733601367230244,0.6536640301182475,-1.4927330336371867,4,1.2330305111805342,1,0,0.7950008349645219,3
6948,5,-0.47612853829875046,-1.599647014570184,1.6123079474594473,-1.4927330336371867,3,-0.35137612261485085,0,0,0.5682803339357597,3
6949,7,-0.383111986765481,-1.2515321516691895,-0.6517234317931738,0.38732438291692767,4,1.866793164698688,0,1,-1.0187631732655755,2
6950,8,0.6510132038105156,-0.21519020349247783,0.3395551720958117,-0.5811900437927676,4,1.549911837939611,0,0,-1.1321234237799567,0
6951,15,1.2547088618011146,0.6610989341549391,0.922900194137478,-0.410275733196939,0,-0.6682574493739278,0,1,-0.30081492000782867,0
6952,5,-0.47612853829875046,-1.599647014570184,-1.4553525880323925,1.8116103045488325,1,-0.6682574493739278,0,0,-1.4344174251516395,1
6953,9,1.3623162449474802,-0.524092127813878,0.5312839555640517,-0.7521043543885961,4,-0.19293545923531236,0,0,-1.056549923437036,0
6954,7,-0.383111986765481,-1.2515321516691895,0.837234141949541,-1.036961538714977,3,0.2823865309033032,0,1,-1.1321234237799567,3
6955,13,-0.12047701773033298,0.5410593262580249,1.4409758430835733,-1.4927330336371867,4,1.549911837939611,0,0,-1.0187631732655755,3
6956,9,1.3623162449474802,-0.524092127813878,1.2247710447044942,-1.4927330336371867,0,-0.6682574493739278,1,1,1.0595080861647446,3
6957,12,-2.008165857670674,1.9735319804944969,-0.8026588570766818,0.5012672566474801,3,-0.03449479585577385,0,0,-0.41417517052220976,1
6958,14,0.9264151505071309,0.868367323790327,0.6536640301182475,-0.8660472281191486,4,1.2330305111805342,0,0,-0.30081492000782867,0
6959,8,0.6510132038105156,-0.21519020349247783,-1.2677031403826258,1.640695993953004,1,-0.6682574493739278,0,0,1.6640960889081102,1
6960,0,0.6473654959072578,0.16733601367230244,0.5231252839271053,-0.06844711200528185,0,-0.6682574493739278,0,0,0.7572140847930615,2
6961,4,0.30995251485512954,0.3914099484132469,1.069756283602513,-1.3787901599066343,2,-0.6682574493739278,1,0,1.3618020875364274,3
6962,2,0.9902500388142728,-0.3176240022311628,-0.13364778284707848,-0.9799901018497009,4,2.500555818216842,1,0,0.4171333332499183,3
6963,9,1.3623162449474802,-0.524092127813878,1.6204666190963937,-1.4927330336371867,3,0.7577085210419187,0,1,-1.169910173951417,3
6964,14,0.9264151505071309,0.868367323790327,0.2865238064556602,0.1594386354558229,1,-0.6682574493739278,0,1,0.11483933187823536,2
6965,14,0.9264151505071309,0.868367323790327,0.4456179033761147,-0.8090757912538723,1,-0.6682574493739278,1,0,-0.07409441897906646,0
6966,3,-1.4828959196003133,-1.3459633098813757,-0.8148968645321014,1.1849244990307943,1,-0.6682574493739278,0,1,-1.3210571746372586,1
6967,15,1.2547088618011146,0.6610989341549391,1.6612599772811256,-1.4927330336371867,4,2.0252338280782265,0,0,1.5507358383937293,3
6968,13,-0.12047701773033298,0.5410593262580249,-0.6027714019714955,1.0140101884349657,2,-0.6682574493739278,0,0,1.4373755878793482,1
6969,5,-0.47612853829875046,-1.599647014570184,0.1070330304428398,0.3303529460516515,1,-0.6682574493739278,0,0,0.0014790813638542722,2
6970,7,-0.383111986765481,-1.2515321516691895,-1.1330850583730103,1.5267531202224516,0,-0.6682574493739278,0,0,0.34155983290699754,1
6971,3,-1.4828959196003133,-1.3459633098813757,-0.38248726777394315,0.10246719859054672,4,1.7083525013191496,0,0,-1.0943366736084963,2
6972,9,1.3623162449474802,-0.524092127813878,-1.5899706700420078,0.38732438291692767,3,0.5992678576623801,1,0,-0.48974867086513046,2
6973,3,-1.4828959196003133,-1.3459633098813757,-0.38248726777394315,0.786124440973861,2,-0.6682574493739278,0,1,0.039265831535314634,1
6974,13,-0.12047701773033298,0.5410593262580249,-0.6884374541594325,1.070981625300242,2,-0.6682574493739278,0,0,0.1904128322211561,1
6975,11,-1.7838318216197984,-1.4067833778824486,1.3022784252554849,-1.4357615967719104,3,2.500555818216842,0,0,0.039265831535314634,3
6976,11,-1.7838318216197984,-1.4067833778824486,1.669418648918072,-1.0939329755802534,2,-0.6682574493739278,0,1,0.26598633256407683,3
6977,1,-0.24814679434461676,0.6210857315226723,-0.09285442466234659,-0.2963328594663866,1,-0.6682574493739278,1,1,-1.4344174251516395,2
6978,7,-0.383111986765481,-1.2515321516691895,-0.2601071932197474,0.6721815672433087,2,-0.6682574493739278,0,0,1.5507358383937293,1
6979,4,0.30995251485512954,0.3914099484132469,0.18046107517535723,-0.5811900437927676,1,-0.6682574493739278,1,1,1.2106550868505859,0
6980,7,-0.383111986765481,-1.2515321516691895,-0.6965961257963789,0.38732438291692767,4,0.12394586752376466,0,0,1.3618020875364274,2
6981,14,0.9264151505071309,0.868367323790327,-0.6476440959747006,0.38732438291692767,4,1.2330305111805342,0,1,-0.7164691718938927,2
6982,0,0.6473654959072578,0.16733601367230244,-1.0066256480003415,-0.18238998573583423,4,-0.35137612261485085,1,1,-1.5099909254945603,2
6983,10,-0.17336878232770134,-0.10715455638531189,-0.5538193721498172,0.9570387515696896,0,-0.6682574493739278,0,0,-1.2454836742943378,1
6984,7,-0.383111986765481,-1.2515321516691895,-0.721072140707218,-0.410275733196939,3,1.7083525013191496,1,1,1.4751623380508085,0
6985,8,0.6510132038105156,-0.21519020349247783,-1.0555776778220198,-0.12541854887055803,4,-0.19293545923531236,1,1,-0.8298294224082737,2
6986,14,0.9264151505071309,0.868367323790327,-0.10917176793623935,-0.12541854887055803,3,1.549911837939611,0,0,-1.3210571746372586,2
6987,6,0.23335064888652038,1.3893392220629235,0.8209167986756483,-0.9799901018497009,3,1.3914711745600725,0,0,-0.1496679193219872,3
6988,11,-1.7838318216197984,-1.4067833778824486,-0.9984669763633951,0.6721815672433087,3,2.183674491457765,0,0,1.2106550868505859,1
6989,5,-0.47612853829875046,-1.599647014570184,0.38850720191749,-0.5811900437927676,3,2.183674491457765,0,0,0.908361085478903,0
6990,1,-0.24814679434461676,0.6210857315226723,0.665902037573667,-0.18238998573583423,2,-0.6682574493739278,0,0,-0.754255922065353,2
6991,3,-1.4828959196003133,-1.3459633098813757,0.31507915718497254,0.1594386354558229,2,-0.6682574493739278,0,0,0.9839345858218238,2
6992,13,-0.12047701773033298,0.5410593262580249,-0.39880461104783593,0.8430958778391372,0,-0.6682574493739278,0,0,1.324015337364967,1
6993,3,-1.4828959196003133,-1.3459633098813757,-1.6878747296853644,2.0394960520099374,1,-0.6682574493739278,0,1,0.1904128322211561,1
6994,4,0.30995251485512954,0.3914099484132469,-1.271782476201099,1.640695993953004,0,-0.6682574493739278,0,0,-1.3966306749801791,1
6995,5,-0.47612853829875046,-1.599647014570184,-0.09285442466234659,0.5582386935127562,2,-0.6682574493739278,0,0,-1.4722041753230999,1
6996,1,-0.24814679434461676,0.6210857315226723,0.9025035150451121,-0.410275733196939,0,-0.6682574493739278,0,0,-1.2076969241228774,0
6997,10,-0.17336878232770134,-0.10715455638531189,1.5919112683670815,-1.036961538714977,2,-0.6682574493739278,0,0,-1.6611379261804018,3
6998,5,-0.47612853829875046,-1.599647014570184,-1.5491773118572758,0.3303529460516515,3,1.0745898478009956,1,1,-1.0943366736084963,2
6999,10,-0.17336878232770134,-0.10715455638531189,-1.4390352447584998,1.8116103045488325,2,-0.6682574493739278,0,0,-1.3966306749801791,1
